<HBProfile>
  <Name></Name>
  <MinDurability>0.4</MinDurability>
  <MinFreeBagSlots>1</MinFreeBagSlots>
  
  <MinLevel>1</MinLevel>
  <MaxLevel>86</MaxLevel>
  <Factions>99999</Factions>
  
  <MailGrey>False</MailGrey>
  <MailWhite>True</MailWhite>
  <MailGreen>True</MailGreen>
  <MailBlue>True</MailBlue>
  <MailPurple>True</MailPurple>
 
  <SellGrey>True</SellGrey>
  <SellWhite>True</SellWhite>
  <SellGreen>False</SellGreen>
  <SellBlue>False</SellBlue>
  <SellPurple>False</SellPurple>

	<Vendors>

	</Vendors>
	
	<Mailboxes>

	</Mailboxes>

  <Hotspots>
    <Hotspot X="-11227.93" Y="-3398.941" Z="95.3745" />
    <Hotspot X="-11249.79" Y="-3443.327" Z="109.7894" />
    <Hotspot X="-11271.65" Y="-3487.712" Z="115.1875" />
    <Hotspot X="-11279.7" Y="-3504.055" Z="112.4811" />
    <Hotspot X="-11272.17" Y="-3552.934" Z="105.1246" />
    <Hotspot X="-11263.95" Y="-3606.239" Z="97.10205" />
    <Hotspot X="-11250.66" Y="-3654.067" Z="91.11411" />
    <Hotspot X="-11237.7" Y="-3700.731" Z="85.27193" />
    <Hotspot X="-11287.49" Y="-3705.219" Z="84.35195" />
    <Hotspot X="-11337.28" Y="-3709.708" Z="83.51161" />
    <Hotspot X="-11339.27" Y="-3709.887" Z="83.39513" />
    <Hotspot X="-11368.77" Y="-3669.528" Z="84.90578" />
    <Hotspot X="-11392.01" Y="-3637.736" Z="84.97548" />
    <Hotspot X="-11441.92" Y="-3635.202" Z="86.7305" />
    <Hotspot X="-11485.77" Y="-3632.975" Z="88.27276" />
    <Hotspot X="-11499.59" Y="-3680.918" Z="85.49397" />
    <Hotspot X="-11505.31" Y="-3700.731" Z="83.69778" />
    <Hotspot X="-11555.24" Y="-3698.341" Z="84.43654" />
    <Hotspot X="-11597.11" Y="-3696.336" Z="85.05595" />
    <Hotspot X="-11645.05" Y="-3690.805" Z="98.14997" />
    <Hotspot X="-11692.99" Y="-3685.274" Z="111.2441" />
    <Hotspot X="-11724.08" Y="-3681.686" Z="119.7371" />
    <Hotspot X="-11777.68" Y="-3738.441" Z="142.0548" />
    <Hotspot X="-11790.49" Y="-3752.006" Z="141.4029" />
    <Hotspot X="-11799.56" Y="-3806.241" Z="140.226" />
    <Hotspot X="-11807.8" Y="-3855.546" Z="139.6069" />
    <Hotspot X="-11811.98" Y="-3880.56" Z="138.6134" />
    <Hotspot X="-11836.14" Y="-3837.395" Z="145.8894" />
    <Hotspot X="-11860.3" Y="-3794.23" Z="153.1655" />
    <Hotspot X="-11882.3" Y="-3754.936" Z="159.7889" />
    <Hotspot X="-11919.67" Y="-3786.545" Z="150.5579" />
    <Hotspot X="-11960.79" Y="-3821.316" Z="138.6057" />
    <Hotspot X="-11974.11" Y="-3832.581" Z="134.7331" />
    <Hotspot X="-12058.74" Y="-3846.183" Z="93.78131" />
    <Hotspot X="-12083.49" Y="-3850.161" Z="81.80386" />
    <Hotspot X="-12062.87" Y="-3806.378" Z="94.37046" />
    <Hotspot X="-12042.25" Y="-3762.596" Z="114.1367" />
    <Hotspot X="-12021.64" Y="-3718.813" Z="133.9029" />
    <Hotspot X="-12005.36" Y="-3684.25" Z="129.4239" />
    <Hotspot X="-11991.1" Y="-3616.815" Z="185.2397" />
    <Hotspot X="-11969.7" Y="-3515.663" Z="211.3802" />
    <Hotspot X="-11960.43" Y="-3471.825" Z="167.8914" />
    <Hotspot X="-12008.61" Y="-3458.443" Z="167.6854" />
    <Hotspot X="-12056.78" Y="-3445.061" Z="169.6867" />
    <Hotspot X="-12065.91" Y="-3442.525" Z="167.4403" />
    <Hotspot X="-12117.88" Y="-3429.49" Z="154.9936" />
    <Hotspot X="-12165.12" Y="-3417.639" Z="143.6783" />
    <Hotspot X="-12212.35" Y="-3405.789" Z="132.3631" />
    <Hotspot X="-12259.59" Y="-3393.938" Z="121.0479" />
    <Hotspot X="-12306.83" Y="-3382.087" Z="109.7328" />
    <Hotspot X="-12349.15" Y="-3371.473" Z="99.59737" />
    <Hotspot X="-12337.33" Y="-3419.931" Z="103.0899" />
    <Hotspot X="-12325.52" Y="-3468.389" Z="106.5824" />
    <Hotspot X="-12317.89" Y="-3499.66" Z="108.8362" />
    <Hotspot X="-12344.39" Y="-3541.895" Z="105.1053" />
    <Hotspot X="-12370.89" Y="-3584.13" Z="101.3744" />
    <Hotspot X="-12384.31" Y="-3605.506" Z="99.48615" />
    <Hotspot X="-12348.85" Y="-3640.729" Z="99.52715" />
    <Hotspot X="-12313.39" Y="-3675.952" Z="97.73438" />
    <Hotspot X="-12277.93" Y="-3711.174" Z="95.94162" />
    <Hotspot X="-12242.46" Y="-3746.397" Z="94.14883" />
    <Hotspot X="-12220.23" Y="-3768.488" Z="93.02446" />
    <Hotspot X="-12267.41" Y="-3752.323" Z="89.56643" />
    <Hotspot X="-12314.6" Y="-3736.159" Z="86.1084" />
    <Hotspot X="-12321.8" Y="-3733.694" Z="85.58105" />
    <Hotspot X="-12367.8" Y="-3753.295" Z="86.54551" />
    <Hotspot X="-12413.79" Y="-3772.896" Z="85.43508" />
    <Hotspot X="-12429.23" Y="-3779.475" Z="85.06236" />
    <Hotspot X="-12450.62" Y="-3734.282" Z="88.99399" />
    <Hotspot X="-12472.01" Y="-3689.09" Z="89.58614" />
    <Hotspot X="-12493.41" Y="-3643.897" Z="86.24583" />
    <Hotspot X="-12498.58" Y="-3632.975" Z="84.36378" />
    <Hotspot X="-12526.96" Y="-3591.812" Z="86.58471" />
    <Hotspot X="-12550.34" Y="-3557.894" Z="83.49571" />
    <Hotspot X="-12552.81" Y="-3507.956" Z="86.5541" />
    <Hotspot X="-12555.29" Y="-3458.019" Z="86.82478" />
    <Hotspot X="-12557.76" Y="-3408.081" Z="87.09547" />
    <Hotspot X="-12560.11" Y="-3360.851" Z="84.81096" />
    <Hotspot X="-12558.74" Y="-3310.877" Z="85.64005" />
    <Hotspot X="-12557.37" Y="-3260.902" Z="86.46915" />
    <Hotspot X="-12556.2" Y="-3218.014" Z="87.18069" />
    <Hotspot X="-12579.01" Y="-3173.56" Z="85.28046" />
    <Hotspot X="-12601.82" Y="-3129.107" Z="83.38023" />
    <Hotspot X="-12620.66" Y="-3092.39" Z="81.8107" />
    <Hotspot X="-12624.8" Y="-3042.562" Z="84.5759" />
    <Hotspot X="-12628.93" Y="-2992.733" Z="85.20385" />
    <Hotspot X="-12633.07" Y="-2942.905" Z="83.05496" />
    <Hotspot X="-12636.29" Y="-2904.137" Z="81.38309" />
    <Hotspot X="-12615.98" Y="-2858.449" Z="81.87271" />
    <Hotspot X="-12595.67" Y="-2812.761" Z="82.36233" />
    <Hotspot X="-12595.27" Y="-2811.843" Z="82.37217" />
    <Hotspot X="-12557.34" Y="-2779.26" Z="82.39505" />
    <Hotspot X="-12519.41" Y="-2746.677" Z="82.41794" />
    <Hotspot X="-12481.49" Y="-2714.094" Z="82.44083" />
    <Hotspot X="-12443.56" Y="-2681.511" Z="82.46371" />
    <Hotspot X="-12410.68" Y="-2653.256" Z="82.48356" />
    <Hotspot X="-12398.53" Y="-2604.753" Z="84.27924" />
    <Hotspot X="-12388.21" Y="-2563.525" Z="82.77478" />
    <Hotspot X="-12405.7" Y="-2516.683" Z="83.55105" />
    <Hotspot X="-12423.19" Y="-2469.842" Z="83.39745" />
    <Hotspot X="-12436.07" Y="-2435.337" Z="83.28432" />
    <Hotspot X="-12485.67" Y="-2430.186" Z="86.98325" />
    <Hotspot X="-12535.26" Y="-2425.033" Z="90.68222" />
    <Hotspot X="-12584.86" Y="-2419.882" Z="94.38112" />
    <Hotspot X="-12612.36" Y="-2417.025" Z="96.43208" />
    <Hotspot X="-12568.3" Y="-2393.506" Z="98.90314" />
    <Hotspot X="-12524.25" Y="-2369.986" Z="101.3742" />
    <Hotspot X="-12480.2" Y="-2346.467" Z="103.8452" />
    <Hotspot X="-12431.74" Y="-2320.596" Z="106.5634" />
    <Hotspot X="-12387.68" Y="-2297.077" Z="109.0345" />
    <Hotspot X="-12334.82" Y="-2268.854" Z="111.9997" />
    <Hotspot X="-12327.66" Y="-2265.031" Z="112.4013" />
    <Hotspot X="-12252.79" Y="-2260.553" Z="142.8054" />
    <Hotspot X="-12197.89" Y="-2257.27" Z="116.9403" />
    <Hotspot X="-12186.67" Y="-2256.599" Z="111.6526" />
    <Hotspot X="-12139.43" Y="-2306.501" Z="108.0568" />
    <Hotspot X="-12105.69" Y="-2342.146" Z="125.0247" />
    <Hotspot X="-12071.94" Y="-2377.791" Z="141.9924" />
    <Hotspot X="-12017.96" Y="-2434.823" Z="85.53167" />
    <Hotspot X="-11989.73" Y="-2464.637" Z="56.01628" />
    <Hotspot X="-12027.79" Y="-2497.07" Z="55.86611" />
    <Hotspot X="-12065.84" Y="-2529.502" Z="55.71595" />
    <Hotspot X="-12075.68" Y="-2537.887" Z="55.67712" />
    <Hotspot X="-12028.15" Y="-2553.393" Z="55.62492" />
    <Hotspot X="-11980.61" Y="-2568.899" Z="55.27924" />
    <Hotspot X="-11933.09" Y="-2584.401" Z="54.93363" />
    <Hotspot X="-11906.31" Y="-2625.312" Z="68.4856" />
    <Hotspot X="-11879.54" Y="-2666.222" Z="80.51492" />
    <Hotspot X="-11867.65" Y="-2684.387" Z="80.50629" />
    <Hotspot X="-11849.14" Y="-2730.651" Z="84.65342" />
    <Hotspot X="-11830.64" Y="-2776.915" Z="107.4034" />
    <Hotspot X="-11814.91" Y="-2816.238" Z="92.32544" />
    <Hotspot X="-11842.55" Y="-2885.634" Z="164.9783" />
    <Hotspot X="-11860.98" Y="-2931.899" Z="128.9219" />
    <Hotspot X="-11872.53" Y="-2960.906" Z="106.3151" />
    <Hotspot X="-11824.13" Y="-2970.888" Z="98.69595" />
    <Hotspot X="-11775.74" Y="-2980.87" Z="91.07682" />
    <Hotspot X="-11774.87" Y="-2981.05" Z="90.93966" />
    <Hotspot X="-11776.91" Y="-3030.921" Z="101.5339" />
    <Hotspot X="-11778.77" Y="-3076.275" Z="85.30798" />
    <Hotspot X="-11739.54" Y="-3107.067" Z="88.88121" />
    <Hotspot X="-11700.31" Y="-3137.859" Z="92.45444" />
    <Hotspot X="-11694.78" Y="-3142.2" Z="92.95821" />
    <Hotspot X="-11708.12" Y="-3190.311" Z="90.26082" />
    <Hotspot X="-11720.17" Y="-3233.762" Z="87.82469" />
    <Hotspot X="-11763.48" Y="-3275.219" Z="85.3554" />
    <Hotspot X="-11799.56" Y="-3309.767" Z="83.43714" />
    <Hotspot X="-11803.19" Y="-3313.239" Z="83.09087" />
    <Hotspot X="-11793.79" Y="-3362.218" Z="89.23232" />
    <Hotspot X="-11785.61" Y="-3404.801" Z="89.73765" />
    <Hotspot X="-11695.82" Y="-3399.621" Z="96.25254" />
    <Hotspot X="-11645.95" Y="-3396.744" Z="94.72047" />
    <Hotspot X="-11601.67" Y="-3419.674" Z="99.58214" />
    <Hotspot X="-11563.91" Y="-3439.229" Z="87.90983" />
    <Hotspot X="-11520.5" Y="-3463.89" Z="90.72009" />
    <Hotspot X="-11477.1" Y="-3488.552" Z="97.59208" />
    <Hotspot X="-11467.22" Y="-3494.166" Z="94.17019" />
    <Hotspot X="-11433.95" Y="-3456.926" Z="91.64813" />
    <Hotspot X="-11401.78" Y="-3420.916" Z="89.20947" />
    <Hotspot X="-11432.36" Y="-3375.202" Z="90.57953" />
    <Hotspot X="-11460.16" Y="-3333.644" Z="89.42107" />
    <Hotspot X="-11473.08" Y="-3314.337" Z="88.8829" />
    <Hotspot X="-11515.69" Y="-3288.19" Z="89.05029" />
    <Hotspot X="-11558.3" Y="-3262.042" Z="87.62128" />
    <Hotspot X="-11580.51" Y="-3248.412" Z="86.87637" />
    <Hotspot X="-11545.01" Y="-3213.208" Z="87.59781" />
    <Hotspot X="-11509.51" Y="-3178.003" Z="89.5791" />
    <Hotspot X="-11474.02" Y="-3142.798" Z="90.63358" />
    <Hotspot X="-11462.33" Y="-3131.212" Z="89.27811" />
    <Hotspot X="-11469.88" Y="-3082.348" Z="96.71313" />
    <Hotspot X="-11477.43" Y="-3033.484" Z="104.1481" />
    <Hotspot X="-11484.98" Y="-2984.619" Z="111.5832" />
    <Hotspot X="-11488.7" Y="-2960.54" Z="115.247" />
    <Hotspot X="-11537.95" Y="-2964.802" Z="115.2664" />
    <Hotspot X="-11616.74" Y="-2971.621" Z="105.1215" />
    <Hotspot X="-11641.06" Y="-2973.725" Z="91.96551" />
    <Hotspot X="-11670.05" Y="-2933.241" Z="95.96059" />
    <Hotspot X="-11699.03" Y="-2892.757" Z="87.66197" />
    <Hotspot X="-11708.45" Y="-2879.599" Z="81.32586" />
    <Hotspot X="-11659.95" Y="-2867.672" Z="83.59345" />
    <Hotspot X="-11611.45" Y="-2855.745" Z="86.6748" />
    <Hotspot X="-11589.3" Y="-2850.299" Z="86.89639" />
    <Hotspot X="-11617.6" Y="-2809.168" Z="89.57056" />
    <Hotspot X="-11645.91" Y="-2768.038" Z="92.24471" />
    <Hotspot X="-11651.81" Y="-2759.469" Z="92.80186" />
    <Hotspot X="-11608.64" Y="-2734.691" Z="97.54728" />
    <Hotspot X="-11561.84" Y="-2707.827" Z="102.692" />
    <Hotspot X="-11523.93" Y="-2675.781" Z="108.6806" />
    <Hotspot X="-11486.01" Y="-2643.736" Z="114.6693" />
    <Hotspot X="-11457.32" Y="-2619.481" Z="119.2019" />
    <Hotspot X="-11414.94" Y="-2602.414" Z="139.5159" />
    <Hotspot X="-11372.56" Y="-2585.347" Z="160.267" />
    <Hotspot X="-11341.11" Y="-2572.681" Z="174.9059" />
    <Hotspot X="-11307.72" Y="-2603.486" Z="168.7281" />
    <Hotspot X="-11250.96" Y="-2655.854" Z="124.3788" />
    <Hotspot X="-11217.57" Y="-2686.658" Z="98.291" />
    <Hotspot X="-11213.28" Y="-2690.614" Z="94.94071" />
    <Hotspot X="-11263.15" Y="-2693.687" Z="101.8081" />
    <Hotspot X="-11313.02" Y="-2696.76" Z="100.6105" />
    <Hotspot X="-11344.04" Y="-2698.671" Z="99.86562" />
    <Hotspot X="-11393.88" Y="-2694.687" Z="115.6442" />
    <Hotspot X="-11431.08" Y="-2691.713" Z="100.4925" />
    <Hotspot X="-11442.03" Y="-2739.569" Z="91.01419" />
    <Hotspot X="-11452.98" Y="-2787.426" Z="81.53594" />
    <Hotspot X="-11456.47" Y="-2802.686" Z="78.51345" />
    <Hotspot X="-11408.56" Y="-2816.114" Z="83.42451" />
    <Hotspot X="-11360.65" Y="-2829.541" Z="88.33557" />
    <Hotspot X="-11332.32" Y="-2837.48" Z="91.2393" />
    <Hotspot X="-11287.5" Y="-2857.052" Z="101.6398" />
    <Hotspot X="-11242.68" Y="-2876.623" Z="112.0403" />
    <Hotspot X="-11196.45" Y="-2896.813" Z="122.7691" />
    <Hotspot X="-11257.4" Y="-2931.22" Z="123.3816" />
    <Hotspot X="-11293.09" Y="-2951.366" Z="123.7402" />
    <Hotspot X="-11323.75" Y="-2985.738" Z="104.283" />
    <Hotspot X="-11354.41" Y="-3020.11" Z="84.82586" />
    <Hotspot X="-11368.57" Y="-3035.988" Z="75.83796" />
    <Hotspot X="-11324.27" Y="-3058.722" Z="81.49808" />
    <Hotspot X="-11294.35" Y="-3074.078" Z="83.37519" />
    <Hotspot X="-11290.94" Y="-3123.206" Z="92.02552" />
    <Hotspot X="-11287.53" Y="-3172.334" Z="100.6759" />
    <Hotspot X="-11285.56" Y="-3200.8" Z="105.6881" />
    <Hotspot X="-11257.65" Y="-3291.487" Z="111.9762" />
    <Hotspot X="-11256.26" Y="-3296.025" Z="110.6285" />
    <Hotspot X="-11207.66" Y="-3305.061" Z="103.0862" />
    <Hotspot X="-11159.07" Y="-3314.097" Z="95.54385" />
    <Hotspot X="-11138.08" Y="-3318" Z="92.28644" />
  </Hotspots>
</HBProfile>
