<HBProfile>
  <Name></Name>
  <MinDurability>0.4</MinDurability>
  <MinFreeBagSlots>1</MinFreeBagSlots>
  
  <MinLevel>1</MinLevel>
  <MaxLevel>86</MaxLevel>
  <Factions>99999</Factions>
  
  <MailGrey>False</MailGrey>
  <MailWhite>True</MailWhite>
  <MailGreen>True</MailGreen>
  <MailBlue>True</MailBlue>
  <MailPurple>True</MailPurple>
 
  <SellGrey>True</SellGrey>
  <SellWhite>True</SellWhite>
  <SellGreen>False</SellGreen>
  <SellBlue>False</SellBlue>
  <SellPurple>False</SellPurple>

	<Vendors>

	</Vendors>
	
	<Mailboxes>

	</Mailboxes>

  <Hotspots>
    <Hotspot X="-9963.014" Y="-3554.143" Z="112.5156" />
    <Hotspot X="-9931.087" Y="-3592.246" Z="117.8889" />
    <Hotspot X="-9889.582" Y="-3641.779" Z="124.8742" />
    <Hotspot X="-9886.029" Y="-3646.019" Z="125.4721" />
    <Hotspot X="-9928.47" Y="-3611.036" Z="125.5053" />
    <Hotspot X="-9967.053" Y="-3579.234" Z="144.2231" />
    <Hotspot X="-10005.63" Y="-3547.432" Z="144.045" />
    <Hotspot X="-10044.22" Y="-3515.629" Z="143.8669" />
    <Hotspot X="-10082.8" Y="-3483.827" Z="143.6888" />
    <Hotspot X="-10121.38" Y="-3452.024" Z="143.5107" />
    <Hotspot X="-10159.96" Y="-3420.222" Z="143.3326" />
    <Hotspot X="-10198.55" Y="-3388.42" Z="143.1546" />
    <Hotspot X="-10237.13" Y="-3356.617" Z="142.9765" />
    <Hotspot X="-10275.71" Y="-3324.815" Z="142.7984" />
    <Hotspot X="-10314.29" Y="-3293.012" Z="142.6203" />
    <Hotspot X="-10352.88" Y="-3261.21" Z="142.4422" />
    <Hotspot X="-10391.46" Y="-3229.408" Z="142.2641" />
    <Hotspot X="-10433.9" Y="-3194.425" Z="142.0683" />
    <Hotspot X="-10472.48" Y="-3162.623" Z="141.8902" />
    <Hotspot X="-10511.07" Y="-3130.82" Z="141.7121" />
    <Hotspot X="-10550.47" Y="-3098.339" Z="125.9925" />
    <Hotspot X="-10559.53" Y="-3049.169" Z="125.3964" />
    <Hotspot X="-10568.58" Y="-2999.999" Z="124.8003" />
    <Hotspot X="-10570.69" Y="-2988.554" Z="124.6615" />
    <Hotspot X="-10578.98" Y="-2934.777" Z="116.6504" />
    <Hotspot X="-10586.52" Y="-2885.888" Z="110.5776" />
    <Hotspot X="-10588.68" Y="-2871.876" Z="107.2803" />
    <Hotspot X="-10580.45" Y="-2822.56" Z="145.82" />
    <Hotspot X="-10572.22" Y="-2773.244" Z="144.1428" />
    <Hotspot X="-10564.95" Y="-2729.654" Z="106.1394" />
    <Hotspot X="-10521.61" Y="-2706.119" Z="114.3533" />
    <Hotspot X="-10493.35" Y="-2690.775" Z="119.7085" />
    <Hotspot X="-10533.97" Y="-2662.051" Z="140.5745" />
    <Hotspot X="-10582.72" Y="-2627.581" Z="117.6349" />
    <Hotspot X="-10599.06" Y="-2616.027" Z="106.7681" />
    <Hotspot X="-10630.12" Y="-2576.898" Z="108.7927" />
    <Hotspot X="-10661.18" Y="-2537.77" Z="110.8172" />
    <Hotspot X="-10678.71" Y="-2515.693" Z="111.9594" />
    <Hotspot X="-10629.44" Y="-2507.185" Z="111.0053" />
    <Hotspot X="-10580.18" Y="-2498.677" Z="110.0512" />
    <Hotspot X="-10530.92" Y="-2490.169" Z="109.0972" />
    <Hotspot X="-10501.53" Y="-2485.092" Z="108.5278" />
    <Hotspot X="-10407.52" Y="-2474.492" Z="118.0724" />
    <Hotspot X="-10396.97" Y="-2473.302" Z="118.2297" />
    <Hotspot X="-10340.43" Y="-2493.34" Z="116.7045" />
    <Hotspot X="-10288.61" Y="-2511.708" Z="147.9623" />
    <Hotspot X="-10243.39" Y="-2527.733" Z="114.0867" />
    <Hotspot X="-10216.76" Y="-2485.486" Z="111.649" />
    <Hotspot X="-10190.13" Y="-2443.238" Z="109.2114" />
    <Hotspot X="-10165.6" Y="-2404.323" Z="106.9661" />
    <Hotspot X="-10130.01" Y="-2369.203" Z="118.476" />
    <Hotspot X="-10100.03" Y="-2339.608" Z="106.5783" />
    <Hotspot X="-10102.15" Y="-2389.54" Z="108.1053" />
    <Hotspot X="-10104.27" Y="-2439.472" Z="109.6324" />
    <Hotspot X="-10106.39" Y="-2489.403" Z="111.1594" />
    <Hotspot X="-10108.51" Y="-2539.335" Z="112.6864" />
    <Hotspot X="-10110.64" Y="-2589.266" Z="114.2134" />
    <Hotspot X="-10110.9" Y="-2595.458" Z="114.4028" />
    <Hotspot X="-10156.34" Y="-2616.243" Z="112.7422" />
    <Hotspot X="-10201.79" Y="-2637.027" Z="111.0817" />
    <Hotspot X="-10217.3" Y="-2644.12" Z="110.515" />
    <Hotspot X="-10196.49" Y="-2686.915" Z="159.3579" />
    <Hotspot X="-10175.69" Y="-2729.71" Z="141.5711" />
    <Hotspot X="-10175.47" Y="-2730.156" Z="141.3859" />
    <Hotspot X="-10152.09" Y="-2774.002" Z="135.8344" />
    <Hotspot X="-10124.04" Y="-2826.618" Z="129.2706" />
    <Hotspot X="-10095.98" Y="-2879.234" Z="122.7068" />
    <Hotspot X="-10063.25" Y="-2940.62" Z="115.0491" />
    <Hotspot X="-10062.72" Y="-2941.608" Z="114.6136" />
    <Hotspot X="-10058.7" Y="-2991.27" Z="110.4241" />
    <Hotspot X="-10053.07" Y="-3060.796" Z="106.3496" />
    <Hotspot X="-10052.01" Y="-3073.797" Z="103.462" />
    <Hotspot X="-10045.33" Y="-3157.182" Z="120.7537" />
    <Hotspot X="-10043.31" Y="-3182.408" Z="123.1017" />
    <Hotspot X="-10038.24" Y="-3231.952" Z="118.6649" />
    <Hotspot X="-10033.16" Y="-3281.495" Z="114.2282" />
    <Hotspot X="-10028.59" Y="-3326.136" Z="110.2305" />
    <Hotspot X="-10028.93" Y="-3381.119" Z="121.3881" />
    <Hotspot X="-10029.24" Y="-3431.105" Z="108.6078" />
    <Hotspot X="-10029.26" Y="-3434.747" Z="107.6767" />
  </Hotspots>
</HBProfile>
