<HBProfile>
  <Name></Name>
  <MinDurability>0.4</MinDurability>
  <MinFreeBagSlots>1</MinFreeBagSlots>
  
  <MinLevel>1</MinLevel>
  <MaxLevel>86</MaxLevel>
  <Factions>99999</Factions>
  
  <MailGrey>False</MailGrey>
  <MailWhite>True</MailWhite>
  <MailGreen>True</MailGreen>
  <MailBlue>True</MailBlue>
  <MailPurple>True</MailPurple>
 
  <SellGrey>True</SellGrey>
  <SellWhite>True</SellWhite>
  <SellGreen>False</SellGreen>
  <SellBlue>False</SellBlue>
  <SellPurple>False</SellPurple>

	<Vendors>

	</Vendors>
	
	<Mailboxes>

	</Mailboxes>

  <Hotspots>
    <Hotspot X="-6982.339" Y="-2998.697" Z="353.4151" />
    <Hotspot X="-6957.667" Y="-2968.857" Z="321.7794" />
    <Hotspot X="-6932.994" Y="-2939.016" Z="290.1436" />
    <Hotspot X="-6922.91" Y="-2926.82" Z="277.2137" />
    <Hotspot X="-6875.415" Y="-2936.299" Z="302.1791" />
    <Hotspot X="-6827.921" Y="-2945.778" Z="343.0261" />
    <Hotspot X="-6780.426" Y="-2955.257" Z="336.7341" />
    <Hotspot X="-6744.423" Y="-2962.442" Z="323.9148" />
    <Hotspot X="-6789.483" Y="-2980.303" Z="336.4481" />
    <Hotspot X="-6834.543" Y="-2998.165" Z="312.8819" />
    <Hotspot X="-6859.08" Y="-3007.89" Z="292.6945" />
    <Hotspot X="-6854.376" Y="-3066.225" Z="309.2214" />
    <Hotspot X="-6853.261" Y="-3080.055" Z="309.0548" />
    <Hotspot X="-6805.036" Y="-3093.145" Z="310.7699" />
    <Hotspot X="-6794.431" Y="-3096.023" Z="311.147" />
    <Hotspot X="-6769.63" Y="-3139.307" Z="307.7665" />
    <Hotspot X="-6744.829" Y="-3182.591" Z="304.386" />
    <Hotspot X="-6742.876" Y="-3185.999" Z="304.1198" />
    <Hotspot X="-6700.211" Y="-3211.598" Z="310.4503" />
    <Hotspot X="-6657.546" Y="-3237.198" Z="318.9478" />
    <Hotspot X="-6614.881" Y="-3262.798" Z="321.518" />
    <Hotspot X="-6585.756" Y="-3280.273" Z="322.2821" />
    <Hotspot X="-6554.887" Y="-3318.416" Z="331.8857" />
    <Hotspot X="-6524.017" Y="-3356.558" Z="341.4894" />
    <Hotspot X="-6518.653" Y="-3363.186" Z="343.1581" />
    <Hotspot X="-6568.326" Y="-3361.26" Z="344.3516" />
    <Hotspot X="-6617.999" Y="-3359.334" Z="341.6993" />
    <Hotspot X="-6672.638" Y="-3357.216" Z="331.3102" />
    <Hotspot X="-6716.69" Y="-3355.509" Z="321.7132" />
    <Hotspot X="-6765.723" Y="-3365.293" Z="327.7386" />
    <Hotspot X="-6814.756" Y="-3375.077" Z="322.5929" />
    <Hotspot X="-6819.8" Y="-3376.083" Z="322.0635" />
    <Hotspot X="-6843.977" Y="-3334.99" Z="337.1225" />
    <Hotspot X="-6861.535" Y="-3305.147" Z="348.0585" />
    <Hotspot X="-6915.721" Y="-3337.016" Z="331.5314" />
    <Hotspot X="-6946.641" Y="-3355.201" Z="322.1008" />
    <Hotspot X="-6979.046" Y="-3393.274" Z="322.6939" />
    <Hotspot X="-7011.452" Y="-3431.347" Z="323.287" />
    <Hotspot X="-7015.381" Y="-3435.965" Z="323.3589" />
    <Hotspot X="-7051.287" Y="-3401.17" Z="325.4919" />
    <Hotspot X="-7087.192" Y="-3366.375" Z="324.2769" />
    <Hotspot X="-7089.85" Y="-3363.8" Z="324.1267" />
    <Hotspot X="-7134.393" Y="-3377.049" Z="342.5764" />
    <Hotspot X="-7187.844" Y="-3392.948" Z="364.7213" />
    <Hotspot X="-7187.895" Y="-3392.963" Z="364.7371" />
    <Hotspot X="-7155.905" Y="-3434.824" Z="348.9476" />
    <Hotspot X="-7126.824" Y="-3472.88" Z="334.5936" />
    <Hotspot X="-7104.58" Y="-3501.988" Z="323.6145" />
    <Hotspot X="-7106.388" Y="-3561.822" Z="328.5935" />
    <Hotspot X="-7107.763" Y="-3607.317" Z="330.7943" />
    <Hotspot X="-7085.476" Y="-3662.94" Z="333.8606" />
    <Hotspot X="-7076.756" Y="-3684.702" Z="335.0603" />
    <Hotspot X="-7027.749" Y="-3675.658" Z="331.0038" />
    <Hotspot X="-6978.741" Y="-3666.613" Z="326.9473" />
    <Hotspot X="-6976.919" Y="-3666.277" Z="326.7965" />
    <Hotspot X="-7019.156" Y="-3754.757" Z="406.0123" />
    <Hotspot X="-7040.274" Y="-3798.997" Z="395.6689" />
    <Hotspot X="-7061.208" Y="-3842.85" Z="366.0752" />
    <Hotspot X="-7043.683" Y="-3889.313" Z="360.2443" />
    <Hotspot X="-7026.158" Y="-3935.777" Z="354.4134" />
    <Hotspot X="-7023.564" Y="-3942.652" Z="353.5506" />
    <Hotspot X="-6981.524" Y="-3915.999" Z="358.2705" />
    <Hotspot X="-6939.484" Y="-3889.347" Z="364.0724" />
    <Hotspot X="-6927.866" Y="-3881.981" Z="364.2948" />
    <Hotspot X="-6931.895" Y="-3931.442" Z="358.1808" />
    <Hotspot X="-6935.924" Y="-3980.903" Z="352.0669" />
    <Hotspot X="-6939.953" Y="-4030.364" Z="345.9529" />
    <Hotspot X="-6940.913" Y="-4042.147" Z="344.4964" />
    <Hotspot X="-6891.5" Y="-4034.512" Z="344.5673" />
    <Hotspot X="-6857.443" Y="-4029.25" Z="344.5199" />
    <Hotspot X="-6871.175" Y="-4076.431" Z="353.755" />
    <Hotspot X="-6883.63" Y="-4119.225" Z="362.1312" />
    <Hotspot X="-6857.408" Y="-4172.525" Z="370.589" />
    <Hotspot X="-6844.35" Y="-4199.066" Z="374.8007" />
    <Hotspot X="-6798.555" Y="-4182.255" Z="363.837" />
    <Hotspot X="-6752.76" Y="-4165.444" Z="352.8735" />
    <Hotspot X="-6731.419" Y="-4157.61" Z="347.7645" />
    <Hotspot X="-6683.856" Y="-4142.255" Z="349.1664" />
    <Hotspot X="-6636.293" Y="-4126.901" Z="351.9249" />
    <Hotspot X="-6620.126" Y="-4121.682" Z="351.0449" />
    <Hotspot X="-6532.202" Y="-4147.849" Z="380.4011" />
    <Hotspot X="-6525.2" Y="-4149.933" Z="377.7012" />
    <Hotspot X="-6476.858" Y="-4128.683" Z="362.3231" />
    <Hotspot X="-6432.911" Y="-4109.364" Z="348.3429" />
    <Hotspot X="-6410.633" Y="-4099.572" Z="341.2562" />
    <Hotspot X="-6459.648" Y="-4089.711" Z="343.4623" />
    <Hotspot X="-6508.663" Y="-4079.85" Z="378.8607" />
    <Hotspot X="-6557.678" Y="-4069.99" Z="414.2595" />
    <Hotspot X="-6626.299" Y="-4056.184" Z="381.8456" />
    <Hotspot X="-6675.314" Y="-4046.323" Z="358.6926" />
    <Hotspot X="-6705.233" Y="-4040.304" Z="344.56" />
    <Hotspot X="-6743.237" Y="-4007.841" Z="345.8953" />
    <Hotspot X="-6767.426" Y="-3987.179" Z="346.7452" />
    <Hotspot X="-6789.656" Y="-3943.211" Z="355.2702" />
    <Hotspot X="-6818.555" Y="-3886.053" Z="366.422" />
    <Hotspot X="-6818.672" Y="-3885.822" Z="366.3975" />
    <Hotspot X="-6794.784" Y="-3844.251" Z="356.3427" />
    <Hotspot X="-6782.156" Y="-3822.275" Z="344.7134" />
    <Hotspot X="-6759.248" Y="-3778.754" Z="338.4378" />
    <Hotspot X="-6742.876" Y="-3747.654" Z="329.2686" />
    <Hotspot X="-6766.912" Y="-3703.865" Z="331.4622" />
    <Hotspot X="-6793.352" Y="-3655.697" Z="333.8751" />
    <Hotspot X="-6804.406" Y="-3635.559" Z="334.8839" />
    <Hotspot X="-6854.171" Y="-3633.157" Z="330.7688" />
    <Hotspot X="-6881.659" Y="-3631.831" Z="328.3657" />
    <Hotspot X="-6860.468" Y="-3586.647" Z="325.2996" />
    <Hotspot X="-6839.277" Y="-3541.464" Z="322.2335" />
    <Hotspot X="-6838.622" Y="-3540.066" Z="322.1386" />
    <Hotspot X="-6790.161" Y="-3552.25" Z="324.8386" />
    <Hotspot X="-6756.788" Y="-3560.64" Z="325.1162" />
    <Hotspot X="-6724.72" Y="-3522.296" Z="323.9464" />
    <Hotspot X="-6708.506" Y="-3502.909" Z="323.3549" />
    <Hotspot X="-6683.421" Y="-3546.155" Z="322.6522" />
    <Hotspot X="-6658.336" Y="-3589.401" Z="321.9496" />
    <Hotspot X="-6652.042" Y="-3600.254" Z="321.7732" />
    <Hotspot X="-6618.814" Y="-3653.924" Z="337.2795" />
    <Hotspot X="-6614.398" Y="-3661.056" Z="339.3402" />
    <Hotspot X="-6554.887" Y="-3658.723" Z="332.0576" />
    <Hotspot X="-6505.295" Y="-3656.779" Z="325.9888" />
    <Hotspot X="-6504.741" Y="-3656.757" Z="325.9211" />
    <Hotspot X="-6479.02" Y="-3694.736" Z="345.822" />
    <Hotspot X="-6467.098" Y="-3712.34" Z="355.0464" />
    <Hotspot X="-6422.925" Y="-3691.55" Z="344.2508" />
    <Hotspot X="-6374.334" Y="-3668.682" Z="332.3757" />
    <Hotspot X="-6349.985" Y="-3657.222" Z="326.4248" />
    <Hotspot X="-6369.662" Y="-3613.105" Z="339.3261" />
    <Hotspot X="-6387.72" Y="-3572.617" Z="351.166" />
    <Hotspot X="-6340.511" Y="-3575.414" Z="334.9339" />
    <Hotspot X="-6309.978" Y="-3577.223" Z="324.4357" />
    <Hotspot X="-6290.686" Y="-3531.329" Z="339.2315" />
    <Hotspot X="-6271.394" Y="-3485.436" Z="335.1921" />
    <Hotspot X="-6268.153" Y="-3477.728" Z="334.5136" />
    <Hotspot X="-6316.705" Y="-3469.25" Z="330.7086" />
    <Hotspot X="-6340.256" Y="-3465.137" Z="322.008" />
    <Hotspot X="-6317.469" Y="-3421.143" Z="328.7297" />
    <Hotspot X="-6294.682" Y="-3377.148" Z="335.4514" />
    <Hotspot X="-6283.792" Y="-3356.123" Z="338.6637" />
    <Hotspot X="-6328.222" Y="-3323.788" Z="340.9722" />
    <Hotspot X="-6364.807" Y="-3297.163" Z="342.8731" />
    <Hotspot X="-6404.706" Y="-3259.357" Z="340.9385" />
    <Hotspot X="-6430.273" Y="-3235.132" Z="339.6989" />
    <Hotspot X="-6456.03" Y="-3192.417" Z="350.0228" />
    <Hotspot X="-6481.787" Y="-3149.703" Z="442.8119" />
    <Hotspot X="-6510.119" Y="-3102.717" Z="392.0883" />
    <Hotspot X="-6531.747" Y="-3066.85" Z="353.369" />
    <Hotspot X="-6533.264" Y="-3017.309" Z="347.9811" />
    <Hotspot X="-6534.201" Y="-2986.701" Z="342.7119" />
    <Hotspot X="-6559.819" Y="-2938.468" Z="349.2111" />
    <Hotspot X="-6583.108" Y="-2894.619" Z="355.1196" />
    <Hotspot X="-6606.397" Y="-2850.77" Z="361.028" />
    <Hotspot X="-6606.943" Y="-2849.742" Z="361.1665" />
    <Hotspot X="-6617.646" Y="-2750.904" Z="327.382" />
    <Hotspot X="-6618.398" Y="-2743.957" Z="325.0072" />
    <Hotspot X="-6639.961" Y="-2693.372" Z="335.3266" />
    <Hotspot X="-6653.678" Y="-2661.193" Z="326.7914" />
    <Hotspot X="-6700.06" Y="-2679.759" Z="324.7743" />
    <Hotspot X="-6746.441" Y="-2698.324" Z="322.7571" />
    <Hotspot X="-6764.153" Y="-2705.413" Z="321.9869" />
    <Hotspot X="-6786.5" Y="-2660.687" Z="321.9948" />
    <Hotspot X="-6808.849" Y="-2615.961" Z="321.2249" />
    <Hotspot X="-6809.57" Y="-2614.517" Z="321.1724" />
    <Hotspot X="-6853.025" Y="-2639.192" Z="322.8373" />
    <Hotspot X="-6886.903" Y="-2658.429" Z="324.1353" />
    <Hotspot X="-6868.231" Y="-2704.806" Z="323.3514" />
    <Hotspot X="-6849.561" Y="-2751.182" Z="322.5676" />
    <Hotspot X="-6835.348" Y="-2786.483" Z="321.971" />
    <Hotspot X="-6879.981" Y="-2826.172" Z="336.9313" />
    <Hotspot X="-6917.175" Y="-2859.246" Z="313.7199" />
    <Hotspot X="-6921.682" Y="-2863.254" Z="310.9071" />
    <Hotspot X="-6969.131" Y="-2856.793" Z="296.5253" />
    <Hotspot X="-7016.581" Y="-2850.332" Z="282.1436" />
    <Hotspot X="-7018.655" Y="-2850.05" Z="281.5148" />
    <Hotspot X="-7044.632" Y="-2807.97" Z="288.8965" />
    <Hotspot X="-7067.755" Y="-2770.515" Z="295.4671" />
    <Hotspot X="-7102.259" Y="-2738.324" Z="313.1805" />
    <Hotspot X="-7136.762" Y="-2706.133" Z="330.2701" />
    <Hotspot X="-7140.496" Y="-2702.649" Z="330.3151" />
    <Hotspot X="-7139.434" Y="-2752.59" Z="332.5057" />
    <Hotspot X="-7137.521" Y="-2842.483" Z="336.463" />
    <Hotspot X="-7136.458" Y="-2892.424" Z="338.6615" />
    <Hotspot X="-7135.396" Y="-2942.365" Z="340.86" />
    <Hotspot X="-7134.858" Y="-2967.662" Z="341.9396" />
    <Hotspot X="-7145.66" Y="-3016.165" Z="347.4868" />
    <Hotspot X="-7156.462" Y="-3064.668" Z="356.4477" />
    <Hotspot X="-7158.59" Y="-3074.22" Z="354.1263" />
    <Hotspot X="-7186.278" Y="-3114.377" Z="365.1166" />
    <Hotspot X="-7213.967" Y="-3154.534" Z="376.1069" />
    <Hotspot X="-7219.146" Y="-3162.046" Z="378.1629" />
    <Hotspot X="-7150.907" Y="-3162.525" Z="336.4123" />
    <Hotspot X="-7131.584" Y="-3162.66" Z="324.5905" />
    <Hotspot X="-7148.475" Y="-3209.716" Z="325.3078" />
    <Hotspot X="-7158.59" Y="-3237.896" Z="325.7374" />
    <Hotspot X="-7108.944" Y="-3243.701" Z="327.0028" />
    <Hotspot X="-7059.298" Y="-3249.506" Z="328.2682" />
    <Hotspot X="-7045.66" Y="-3251.1" Z="328.6158" />
    <Hotspot X="-7040.524" Y="-3201.365" Z="331.5664" />
    <Hotspot X="-7034.203" Y="-3140.156" Z="328.4201" />
    <Hotspot X="-6997.1" Y="-3106.659" Z="329.5414" />
    <Hotspot X="-6962.189" Y="-3075.142" Z="330.5964" />
  </Hotspots>
</HBProfile>
