<HBProfile>
  <Name></Name>
  <MinDurability>0.4</MinDurability>
  <MinFreeBagSlots>1</MinFreeBagSlots>
  
  <MinLevel>1</MinLevel>
  <MaxLevel>86</MaxLevel>
  <Factions>99999</Factions>
  
  <MailGrey>False</MailGrey>
  <MailWhite>True</MailWhite>
  <MailGreen>True</MailGreen>
  <MailBlue>True</MailBlue>
  <MailPurple>True</MailPurple>
 
  <SellGrey>True</SellGrey>
  <SellWhite>True</SellWhite>
  <SellGreen>False</SellGreen>
  <SellBlue>False</SellBlue>
  <SellPurple>False</SellPurple>

	<Vendors>

	</Vendors>
	
	<Mailboxes>

	</Mailboxes>

  <Hotspots>
    <Hotspot X="-13584.95" Y="-396.8761" Z="83.04502" />
    <Hotspot X="-13634.92" Y="-398.6372" Z="82.48329" />
    <Hotspot X="-13684.88" Y="-400.3984" Z="81.92156" />
    <Hotspot X="-13708.1" Y="-401.2165" Z="81.66062" />
    <Hotspot X="-13682.16" Y="-358.5651" Z="84.49426" />
    <Hotspot X="-13656.22" Y="-315.9136" Z="88.21437" />
    <Hotspot X="-13648.1" Y="-302.5708" Z="88.21437" />
    <Hotspot X="-13645.44" Y="-248.3343" Z="96.94866" />
    <Hotspot X="-13643.89" Y="-216.9461" Z="102.0034" />
    <Hotspot X="-13693.16" Y="-209.3088" Z="105.7506" />
    <Hotspot X="-13742.44" Y="-201.6714" Z="110.741" />
    <Hotspot X="-13753.35" Y="-199.979" Z="110.328" />
    <Hotspot X="-13781.7" Y="-148.4044" Z="137.9227" />
    <Hotspot X="-13789.14" Y="-134.8728" Z="145.1627" />
    <Hotspot X="-13829.32" Y="-147.6333" Z="118.2824" />
    <Hotspot X="-13869.5" Y="-160.3939" Z="91.40255" />
    <Hotspot X="-13878.6" Y="-163.2828" Z="85.31663" />
    <Hotspot X="-13886.11" Y="-114.505" Z="93.33966" />
    <Hotspot X="-13891.23" Y="-81.20951" Z="98.81613" />
    <Hotspot X="-13958.9" Y="-96.55428" Z="90.00447" />
    <Hotspot X="-14007.24" Y="-107.5148" Z="83.09308" />
    <Hotspot X="-14021.74" Y="-110.8032" Z="81.01954" />
    <Hotspot X="-14103.31" Y="-88.04514" Z="88.31375" />
    <Hotspot X="-14112.26" Y="-85.54994" Z="89.11348" />
    <Hotspot X="-14156.14" Y="-61.87354" Z="92.77598" />
    <Hotspot X="-14198.56" Y="-38.98915" Z="96.31596" />
    <Hotspot X="-14256.44" Y="66.12691" Z="101.1898" />
    <Hotspot X="-14260.92" Y="74.25624" Z="96.01971" />
    <Hotspot X="-14297.94" Y="107.8619" Z="96.14257" />
    <Hotspot X="-14342.25" Y="148.0766" Z="96.28958" />
    <Hotspot X="-14278.79" Y="196.4868" Z="99.64418" />
    <Hotspot X="-14255.4" Y="214.3334" Z="88.83643" />
    <Hotspot X="-14224.24" Y="176.8177" Z="99.88399" />
    <Hotspot X="-14186.86" Y="131.7988" Z="113.1411" />
    <Hotspot X="-14185.93" Y="130.6816" Z="113.47" />
    <Hotspot X="-14138.29" Y="143.4869" Z="124.7378" />
    <Hotspot X="-14090.65" Y="156.2922" Z="102.104" />
    <Hotspot X="-14074.37" Y="160.67" Z="94.36643" />
    <Hotspot X="-14041.99" Y="122.6231" Z="92.30811" />
    <Hotspot X="-14019.64" Y="96.35304" Z="90.88689" />
    <Hotspot X="-13986.49" Y="58.91854" Z="93.71953" />
    <Hotspot X="-13956.75" Y="25.32802" Z="91.18323" />
    <Hotspot X="-13913.56" Y="50.44205" Z="96.03461" />
    <Hotspot X="-13892.28" Y="62.8133" Z="94.1498" />
    <Hotspot X="-13846.28" Y="80.27448" Z="103.0451" />
    <Hotspot X="-13808.08" Y="94.77468" Z="110.432" />
    <Hotspot X="-13748.37" Y="100.6009" Z="116.6882" />
    <Hotspot X="-13731.25" Y="102.2716" Z="109.3395" />
    <Hotspot X="-13773.86" Y="126.094" Z="120.145" />
    <Hotspot X="-13820.74" Y="152.2987" Z="138.7841" />
    <Hotspot X="-13851.24" Y="169.3508" Z="139.7656" />
    <Hotspot X="-13925.71" Y="161.252" Z="136.2462" />
    <Hotspot X="-13942.26" Y="159.453" Z="135.4644" />
    <Hotspot X="-13978.32" Y="206.4436" Z="108.6925" />
    <Hotspot X="-13996.48" Y="230.1166" Z="95.20528" />
    <Hotspot X="-14051.04" Y="237.0314" Z="95.11732" />
    <Hotspot X="-14100.65" Y="243.3175" Z="95.03737" />
    <Hotspot X="-14145.94" Y="249.0567" Z="94.96437" />
    <Hotspot X="-14187.37" Y="281.6539" Z="116.7332" />
    <Hotspot X="-14210.14" Y="299.5633" Z="119.2367" />
    <Hotspot X="-14189.76" Y="344.0426" Z="125.4141" />
    <Hotspot X="-14169.38" Y="388.5219" Z="106.3948" />
    <Hotspot X="-14151.2" Y="428.1975" Z="89.42934" />
    <Hotspot X="-14115.54" Y="374.3235" Z="137.6343" />
    <Hotspot X="-14088.11" Y="332.8819" Z="110.8138" />
    <Hotspot X="-14080.68" Y="321.66" Z="103.5511" />
    <Hotspot X="-14032.24" Y="334.0248" Z="104.2807" />
    <Hotspot X="-13983.8" Y="346.3897" Z="105.0103" />
    <Hotspot X="-13981.75" Y="346.9134" Z="105.0412" />
    <Hotspot X="-13964.25" Y="414.0052" Z="150.5282" />
    <Hotspot X="-13954.38" Y="451.8724" Z="149.7763" />
    <Hotspot X="-13960.88" Y="494.3737" Z="124.91" />
    <Hotspot X="-13967.38" Y="536.8751" Z="117.4706" />
    <Hotspot X="-13970.43" Y="556.8316" Z="86.74699" />
    <Hotspot X="-13928.59" Y="582.1114" Z="102.474" />
    <Hotspot X="-13882.57" Y="609.9191" Z="110.869" />
    <Hotspot X="-13879.65" Y="611.6788" Z="109.534" />
    <Hotspot X="-13848.86" Y="573.496" Z="125.8195" />
    <Hotspot X="-13824.92" Y="543.8104" Z="126.7667" />
    <Hotspot X="-13792.27" Y="578.6507" Z="127.9295" />
    <Hotspot X="-13759.62" Y="613.491" Z="98.49263" />
    <Hotspot X="-13756.51" Y="616.8083" Z="95.68956" />
    <Hotspot X="-13730.04" Y="569.4821" Z="120.7512" />
    <Hotspot X="-13705.99" Y="526.4583" Z="118.65" />
    <Hotspot X="-13693.62" Y="504.3521" Z="117.5704" />
    <Hotspot X="-13664.4" Y="463.7955" Z="117.0153" />
    <Hotspot X="-13651.26" Y="445.5591" Z="115.9675" />
    <Hotspot X="-13627.47" Y="401.6551" Z="118.4807" />
    <Hotspot X="-13598.92" Y="348.9702" Z="128.2202" />
    <Hotspot X="-13583.9" Y="321.2655" Z="123.0826" />
    <Hotspot X="-13631.62" Y="306.3587" Z="122.6645" />
    <Hotspot X="-13678.63" Y="291.6717" Z="120.9461" />
    <Hotspot X="-13666.46" Y="244.015" Z="111.9563" />
    <Hotspot X="-13654.29" Y="196.3583" Z="102.9664" />
    <Hotspot X="-13648.1" Y="172.1129" Z="98.39279" />
    <Hotspot X="-13599.67" Y="182.4382" Z="125.4631" />
    <Hotspot X="-13551.23" Y="192.7635" Z="134.7722" />
    <Hotspot X="-13497.96" Y="204.1214" Z="127.1588" />
    <Hotspot X="-13487.07" Y="206.4417" Z="121.2977" />
    <Hotspot X="-13440.52" Y="190.7336" Z="112.0289" />
    <Hotspot X="-13393.96" Y="175.0255" Z="102.76" />
    <Hotspot X="-13381.82" Y="170.9292" Z="100.3429" />
    <Hotspot X="-13397.59" Y="218.0982" Z="105.4857" />
    <Hotspot X="-13413.36" Y="265.2673" Z="138.0144" />
    <Hotspot X="-13430.7" Y="317.1533" Z="118.6493" />
    <Hotspot X="-13432.34" Y="322.0546" Z="116.82" />
    <Hotspot X="-13402.68" Y="361.9641" Z="112.5898" />
    <Hotspot X="-13373.4" Y="401.3659" Z="106.3762" />
    <Hotspot X="-13329.34" Y="424.0791" Z="99.84299" />
    <Hotspot X="-13285.28" Y="446.7922" Z="93.30975" />
    <Hotspot X="-13241.22" Y="469.5054" Z="86.7765" />
    <Hotspot X="-13230.26" Y="475.153" Z="85.152" />
    <Hotspot X="-13191.67" Y="443.572" Z="90.53155" />
    <Hotspot X="-13153.07" Y="411.991" Z="97.47666" />
    <Hotspot X="-13120.8" Y="385.5825" Z="95.44517" />
    <Hotspot X="-13075.76" Y="407.148" Z="100.8083" />
    <Hotspot X="-13030.73" Y="428.7136" Z="101.9641" />
    <Hotspot X="-13014.5" Y="436.4837" Z="101.4787" />
    <Hotspot X="-12968.02" Y="453.7362" Z="99.46423" />
    <Hotspot X="-12921.55" Y="470.9888" Z="89.5592" />
    <Hotspot X="-12907.14" Y="476.3367" Z="86.42021" />
    <Hotspot X="-12861.65" Y="423.4002" Z="96.59264" />
    <Hotspot X="-12829.15" Y="385.5885" Z="96.8835" />
    <Hotspot X="-12815.58" Y="369.7991" Z="97.00496" />
    <Hotspot X="-12780.44" Y="303.7342" Z="91.90614" />
    <Hotspot X="-12757.02" Y="259.6909" Z="88.50694" />
    <Hotspot X="-12748.22" Y="243.1379" Z="87.22941" />
    <Hotspot X="-12757.1" Y="194.0645" Z="94.07474" />
    <Hotspot X="-12766.87" Y="140.0836" Z="96.20232" />
    <Hotspot X="-12768.21" Y="132.6546" Z="95.31385" />
    <Hotspot X="-12798.15" Y="93.29066" Z="91.58607" />
    <Hotspot X="-12836.63" Y="42.68951" Z="78.44704" />
    <Hotspot X="-12885.21" Y="70.25015" Z="100.357" />
    <Hotspot X="-12916.62" Y="88.0666" Z="114.5205" />
    <Hotspot X="-12891.89" Y="130.6642" Z="105.9234" />
    <Hotspot X="-12870.47" Y="167.5548" Z="98.47807" />
    <Hotspot X="-12879.63" Y="216.7094" Z="98.34216" />
    <Hotspot X="-12888.78" Y="265.8639" Z="98.20625" />
    <Hotspot X="-12889.25" Y="268.3912" Z="98.19926" />
    <Hotspot X="-12924.77" Y="346.2824" Z="144.9411" />
    <Hotspot X="-12934.77" Y="368.2208" Z="133.7985" />
    <Hotspot X="-12993.44" Y="342.1265" Z="105.93" />
    <Hotspot X="-13003.97" Y="337.4434" Z="100.9285" />
    <Hotspot X="-13016.64" Y="289.0756" Z="100.8745" />
    <Hotspot X="-13027.13" Y="249.0567" Z="100.8297" />
    <Hotspot X="-13051.89" Y="205.651" Z="102.5005" />
    <Hotspot X="-13066.07" Y="180.7938" Z="103.4573" />
    <Hotspot X="-13027.47" Y="149.2896" Z="107.5956" />
    <Hotspot X="-13000.27" Y="127.0972" Z="110.5107" />
    <Hotspot X="-13050.01" Y="122.2884" Z="108.8156" />
    <Hotspot X="-13099.75" Y="117.4796" Z="107.1205" />
    <Hotspot X="-13138.69" Y="113.7145" Z="105.7933" />
    <Hotspot X="-13188.16" Y="119.0969" Z="100.8955" />
    <Hotspot X="-13222.1" Y="122.79" Z="97.53488" />
    <Hotspot X="-13264.07" Y="87.26033" Z="98.85562" />
    <Hotspot X="-13302.21" Y="54.9606" Z="103.0446" />
    <Hotspot X="-13340.36" Y="22.66086" Z="107.2336" />
    <Hotspot X="-13354.46" Y="10.72837" Z="101.7005" />
    <Hotspot X="-13317.5" Y="-42.70647" Z="111.8077" />
    <Hotspot X="-13289.08" Y="-83.81019" Z="118.8887" />
    <Hotspot X="-13260.65" Y="-124.9139" Z="106.0244" />
    <Hotspot X="-13236.58" Y="-159.7317" Z="95.12741" />
    <Hotspot X="-13181.58" Y="-160.2345" Z="94.52103" />
    <Hotspot X="-13150.27" Y="-160.5208" Z="94.1758" />
    <Hotspot X="-13170.05" Y="-206.4356" Z="93.51529" />
    <Hotspot X="-13189.84" Y="-252.3505" Z="92.85478" />
    <Hotspot X="-13194.48" Y="-263.1125" Z="92.69996" />
    <Hotspot X="-13232.74" Y="-295.2669" Z="95.81665" />
    <Hotspot X="-13255.52" Y="-314.4084" Z="94.83488" />
    <Hotspot X="-13289.56" Y="-271.2112" Z="125.8421" />
    <Hotspot X="-13310.25" Y="-244.9617" Z="94.33516" />
    <Hotspot X="-13353.54" Y="-269.9878" Z="94.5394" />
    <Hotspot X="-13396.82" Y="-295.0139" Z="94.74363" />
    <Hotspot X="-13397.61" Y="-295.4683" Z="94.74734" />
    <Hotspot X="-13375.85" Y="-340.4822" Z="95.3689" />
    <Hotspot X="-13351.92" Y="-389.9974" Z="98.45499" />
    <Hotspot X="-13348.4" Y="-397.2708" Z="96.15305" />
  </Hotspots>
</HBProfile>
