<HBProfile>
  <Name></Name>
  <MinDurability>0.4</MinDurability>
  <MinFreeBagSlots>1</MinFreeBagSlots>
  
  <MinLevel>1</MinLevel>
  <MaxLevel>86</MaxLevel>
  <Factions>99999</Factions>
  
  <MailGrey>False</MailGrey>
  <MailWhite>True</MailWhite>
  <MailGreen>True</MailGreen>
  <MailBlue>True</MailBlue>
  <MailPurple>True</MailPurple>
 
  <SellGrey>True</SellGrey>
  <SellWhite>True</SellWhite>
  <SellGreen>False</SellGreen>
  <SellBlue>False</SellBlue>
  <SellPurple>False</SellPurple>

	<Vendors>

	</Vendors>
	
	<Mailboxes>

	</Mailboxes>

  <Hotspots>
    <Hotspot X="-9443.136" Y="-1486.638" Z="141.7581" />
    <Hotspot X="-9400.103" Y="-1510.228" Z="151.3334" />
    <Hotspot X="-9357.07" Y="-1533.818" Z="160.9086" />
    <Hotspot X="-9344.998" Y="-1540.436" Z="163.5948" />
    <Hotspot X="-9343.705" Y="-1486.609" Z="162.3666" />
    <Hotspot X="-9343.146" Y="-1463.383" Z="147.525" />
    <Hotspot X="-9300.343" Y="-1422.183" Z="174.241" />
    <Hotspot X="-9274.635" Y="-1397.438" Z="160.9565" />
    <Hotspot X="-9312.138" Y="-1365.437" Z="152.6195" />
    <Hotspot X="-9349.64" Y="-1333.436" Z="144.2827" />
    <Hotspot X="-9387.143" Y="-1301.436" Z="135.9456" />
    <Hotspot X="-9398.696" Y="-1291.577" Z="133.3772" />
    <Hotspot X="-9360.705" Y="-1259.592" Z="141.5312" />
    <Hotspot X="-9322.713" Y="-1227.606" Z="149.0609" />
    <Hotspot X="-9289.448" Y="-1199.6" Z="150.04" />
    <Hotspot X="-9252.329" Y="-1232.939" Z="153.8079" />
    <Hotspot X="-9215.21" Y="-1266.277" Z="157.3569" />
    <Hotspot X="-9200.567" Y="-1279.429" Z="157.8776" />
    <Hotspot X="-9171.218" Y="-1316.87" Z="173.2644" />
    <Hotspot X="-9138.933" Y="-1358.055" Z="190.19" />
    <Hotspot X="-9133.908" Y="-1364.465" Z="192.824" />
    <Hotspot X="-9079.207" Y="-1367.928" Z="202.7174" />
    <Hotspot X="-9009.588" Y="-1372.337" Z="204.0165" />
    <Hotspot X="-8996.885" Y="-1373.142" Z="204.2536" />
    <Hotspot X="-9016.685" Y="-1325.009" Z="186.4717" />
    <Hotspot X="-9034.686" Y="-1281.252" Z="170.3064" />
    <Hotspot X="-9052.686" Y="-1237.495" Z="154.141" />
    <Hotspot X="-9056.138" Y="-1229.102" Z="151.0405" />
    <Hotspot X="-9085.156" Y="-1188.623" Z="155.4427" />
    <Hotspot X="-9114.175" Y="-1148.145" Z="159.8449" />
    <Hotspot X="-9135.76" Y="-1118.036" Z="163.1194" />
    <Hotspot X="-9094.658" Y="-1090.283" Z="156.7631" />
    <Hotspot X="-9071.506" Y="-1074.65" Z="153.1827" />
    <Hotspot X="-9120.449" Y="-1049.561" Z="153.4854" />
    <Hotspot X="-9164.943" Y="-1026.753" Z="153.7606" />
    <Hotspot X="-9183.902" Y="-1017.034" Z="153.8779" />
    <Hotspot X="-9233.653" Y="-1014.858" Z="150.4472" />
    <Hotspot X="-9283.403" Y="-1012.682" Z="145.103" />
    <Hotspot X="-9295.003" Y="-1012.175" Z="143.8569" />
    <Hotspot X="-9270.863" Y="-968.3973" Z="146.814" />
    <Hotspot X="-9246.724" Y="-924.6195" Z="146.7016" />
    <Hotspot X="-9222.584" Y="-880.8418" Z="146.5893" />
    <Hotspot X="-9220.937" Y="-877.8537" Z="146.5816" />
    <Hotspot X="-9175.772" Y="-856.4667" Z="150.711" />
    <Hotspot X="-9117.06" Y="-828.6636" Z="150.5178" />
    <Hotspot X="-9115.392" Y="-827.8737" Z="150.5123" />
    <Hotspot X="-9079.509" Y="-862.5383" Z="147.2297" />
    <Hotspot X="-9043.626" Y="-897.2029" Z="143.9471" />
    <Hotspot X="-9043.176" Y="-897.6374" Z="143.9059" />
    <Hotspot X="-9001.37" Y="-925.0646" Z="143.9059" />
    <Hotspot X="-8959.563" Y="-952.4917" Z="144.64" />
    <Hotspot X="-8932.076" Y="-970.525" Z="143.9059" />
    <Hotspot X="-8918.761" Y="-1018.597" Z="147.3384" />
    <Hotspot X="-8905.446" Y="-1066.669" Z="150.7708" />
    <Hotspot X="-8889.488" Y="-1124.283" Z="154.8845" />
    <Hotspot X="-8888.35" Y="-1173.033" Z="165.9368" />
    <Hotspot X="-8887.211" Y="-1221.783" Z="176.9891" />
    <Hotspot X="-8886.073" Y="-1270.533" Z="188.0414" />
    <Hotspot X="-8885.784" Y="-1282.9" Z="190.8452" />
    <Hotspot X="-8849.452" Y="-1249.094" Z="184.7522" />
    <Hotspot X="-8809.486" Y="-1211.907" Z="178.0498" />
    <Hotspot X="-8808.569" Y="-1211.054" Z="177.8959" />
    <Hotspot X="-8772.403" Y="-1179.987" Z="192.9583" />
    <Hotspot X="-8729.004" Y="-1142.707" Z="211.0333" />
    <Hotspot X="-8692.839" Y="-1111.64" Z="226.0955" />
    <Hotspot X="-8682.102" Y="-1102.417" Z="230.5671" />
    <Hotspot X="-8711.512" Y="-1070.365" Z="205.9143" />
    <Hotspot X="-8740.922" Y="-1038.314" Z="181.2616" />
    <Hotspot X="-8761.723" Y="-1015.646" Z="163.8256" />
    <Hotspot X="-8762.479" Y="-955.9305" Z="180.2136" />
    <Hotspot X="-8763.11" Y="-906.1678" Z="180.2686" />
    <Hotspot X="-8763.74" Y="-856.4051" Z="180.3236" />
    <Hotspot X="-8763.881" Y="-845.3318" Z="180.3358" />
    <Hotspot X="-8788.468" Y="-779.9699" Z="195.6697" />
    <Hotspot X="-8806.03" Y="-733.2828" Z="176.3637" />
    <Hotspot X="-8810.792" Y="-720.6249" Z="171.1294" />
    <Hotspot X="-8855.482" Y="-741.5027" Z="162.9496" />
    <Hotspot X="-8900.172" Y="-762.3804" Z="154.7699" />
    <Hotspot X="-8931.15" Y="-776.8524" Z="149.0998" />
    <Hotspot X="-8946.722" Y="-730.1531" Z="157.8582" />
    <Hotspot X="-8962.293" Y="-683.4537" Z="166.6166" />
    <Hotspot X="-8962.629" Y="-682.4458" Z="166.8057" />
    <Hotspot X="-9002.917" Y="-708.7219" Z="180.4593" />
    <Hotspot X="-9030.215" Y="-726.5255" Z="189.7104" />
    <Hotspot X="-9047.236" Y="-671.8874" Z="226.0575" />
    <Hotspot X="-9069.931" Y="-599.0366" Z="157.0153" />
    <Hotspot X="-9074.654" Y="-583.8741" Z="142.6454" />
    <Hotspot X="-9127.116" Y="-600.3629" Z="170.2871" />
    <Hotspot X="-9166.312" Y="-612.6821" Z="144.2826" />
    <Hotspot X="-9207.242" Y="-641.3997" Z="144.3269" />
    <Hotspot X="-9248.172" Y="-670.1174" Z="144.3712" />
    <Hotspot X="-9267.228" Y="-683.4871" Z="144.3918" />
    <Hotspot X="-9291.514" Y="-727.1881" Z="145.0395" />
    <Hotspot X="-9315.799" Y="-770.8892" Z="148.4289" />
    <Hotspot X="-9332.036" Y="-800.1071" Z="146.1204" />
    <Hotspot X="-9380.877" Y="-789.4757" Z="145.3015" />
    <Hotspot X="-9429.718" Y="-778.8442" Z="144.7508" />
    <Hotspot X="-9446.84" Y="-775.1171" Z="143.1813" />
    <Hotspot X="-9435.993" Y="-726.3243" Z="146.1069" />
    <Hotspot X="-9428.322" Y="-691.8172" Z="145.3462" />
    <Hotspot X="-9463.95" Y="-656.7564" Z="145.5855" />
    <Hotspot X="-9499.578" Y="-621.6957" Z="145.5899" />
    <Hotspot X="-9524.609" Y="-597.0634" Z="142.1735" />
    <Hotspot X="-9478.812" Y="-577.2819" Z="147.2602" />
    <Hotspot X="-9439.433" Y="-560.2725" Z="148.4211" />
    <Hotspot X="-9400.505" Y="-591.6484" Z="148.8657" />
    <Hotspot X="-9383.883" Y="-605.0462" Z="149.0555" />
    <Hotspot X="-9352.697" Y="-566.1097" Z="152.4328" />
    <Hotspot X="-9321.512" Y="-527.1732" Z="155.8101" />
    <Hotspot X="-9290.326" Y="-488.2368" Z="159.1874" />
    <Hotspot X="-9277.412" Y="-472.1134" Z="160.5859" />
    <Hotspot X="-9285.729" Y="-422.8778" Z="158.0022" />
    <Hotspot X="-9294.048" Y="-373.6423" Z="157.9044" />
    <Hotspot X="-9295.003" Y="-367.9883" Z="155.1217" />
    <Hotspot X="-9331.733" Y="-334.2764" Z="151.325" />
    <Hotspot X="-9375.809" Y="-293.8221" Z="146.769" />
    <Hotspot X="-9402.399" Y="-269.4166" Z="144.0203" />
    <Hotspot X="-9355.051" Y="-253.8654" Z="148.6521" />
    <Hotspot X="-9307.702" Y="-238.3141" Z="152.1884" />
    <Hotspot X="-9297.78" Y="-235.0554" Z="152.9294" />
    <Hotspot X="-9248.541" Y="-229.032" Z="180.629" />
    <Hotspot X="-9209.826" Y="-224.2959" Z="164.1171" />
    <Hotspot X="-9172.584" Y="-190.964" Z="165.5259" />
    <Hotspot X="-9135.342" Y="-157.632" Z="166.9347" />
    <Hotspot X="-9107.059" Y="-132.3188" Z="168.0045" />
    <Hotspot X="-9105.031" Y="-82.36051" Z="167.7674" />
    <Hotspot X="-9103.003" Y="-32.40221" Z="169.3169" />
    <Hotspot X="-9100.976" Y="17.55609" Z="169.0705" />
    <Hotspot X="-9100.578" Y="27.33955" Z="167.2466" />
    <Hotspot X="-9080.885" Y="71.63583" Z="188.7935" />
    <Hotspot X="-9061.191" Y="115.9321" Z="229.3975" />
    <Hotspot X="-9050.583" Y="139.7946" Z="198.341" />
    <Hotspot X="-9096.896" Y="197.8333" Z="191.96" />
    <Hotspot X="-9115.392" Y="221.0121" Z="183.5551" />
    <Hotspot X="-9141.01" Y="168.9004" Z="168.4535" />
    <Hotspot X="-9162.358" Y="125.4739" Z="155.8688" />
    <Hotspot X="-9165.386" Y="119.3167" Z="154.0844" />
    <Hotspot X="-9214.528" Y="110.1053" Z="154.6969" />
    <Hotspot X="-9245.008" Y="104.3921" Z="153.3676" />
    <Hotspot X="-9239.665" Y="54.6893" Z="154.4125" />
    <Hotspot X="-9234.823" Y="9.63836" Z="155.3596" />
    <Hotspot X="-9283.382" Y="-1.884504" Z="152.3193" />
    <Hotspot X="-9331.941" Y="-13.40737" Z="149.2791" />
    <Hotspot X="-9380.5" Y="-24.93024" Z="146.2388" />
    <Hotspot X="-9408.88" Y="-31.66458" Z="144.462" />
    <Hotspot X="-9380.114" Y="9.209629" Z="143.1014" />
    <Hotspot X="-9351.479" Y="49.89998" Z="141.747" />
    <Hotspot X="-9347.619" Y="99.73492" Z="143.8776" />
    <Hotspot X="-9343.76" Y="149.5699" Z="144.873" />
    <Hotspot X="-9339.9" Y="199.4048" Z="145.8683" />
    <Hotspot X="-9336.041" Y="249.2398" Z="146.8636" />
    <Hotspot X="-9334.813" Y="265.0917" Z="147.1802" />
    <Hotspot X="-9306.545" Y="306.082" Z="151.7273" />
    <Hotspot X="-9285.744" Y="336.2438" Z="155.0731" />
    <Hotspot X="-9240.729" Y="367.3019" Z="160.9088" />
    <Hotspot X="-9199.807" Y="395.5365" Z="166.4226" />
    <Hotspot X="-9198.716" Y="396.2891" Z="166.3554" />
    <Hotspot X="-9221.173" Y="438.8044" Z="180.0717" />
    <Hotspot X="-9235.749" Y="466.4" Z="188.9746" />
    <Hotspot X="-9273.069" Y="495.5404" Z="172.9108" />
    <Hotspot X="-9310.389" Y="524.6809" Z="156.847" />
    <Hotspot X="-9313.982" Y="527.4866" Z="155.3002" />
    <Hotspot X="-9312.368" Y="572.3941" Z="177.245" />
    <Hotspot X="-9310.755" Y="617.3016" Z="210.7007" />
    <Hotspot X="-9309.816" Y="643.4125" Z="211.8987" />
    <Hotspot X="-9347.357" Y="616.2855" Z="198.6153" />
    <Hotspot X="-9396.161" Y="581.0203" Z="195.4004" />
    <Hotspot X="-9433.703" Y="553.8933" Z="161.5082" />
    <Hotspot X="-9463.042" Y="532.6929" Z="135.0212" />
    <Hotspot X="-9453.261" Y="483.6856" Z="133.8539" />
    <Hotspot X="-9444.062" Y="437.592" Z="131.8853" />
    <Hotspot X="-9493.821" Y="434.8526" Z="133.6684" />
    <Hotspot X="-9543.58" Y="432.1133" Z="134.5437" />
    <Hotspot X="-9576.456" Y="430.3033" Z="121.0783" />
    <Hotspot X="-9594.197" Y="477.0191" Z="122.7764" />
    <Hotspot X="-9611.938" Y="523.7348" Z="124.4745" />
    <Hotspot X="-9615.341" Y="532.6929" Z="124.8001" />
    <Hotspot X="-9574.066" Y="560.3309" Z="130.5051" />
    <Hotspot X="-9541.737" Y="581.9788" Z="134.9736" />
    <Hotspot X="-9518.516" Y="626.2579" Z="146.9196" />
    <Hotspot X="-9504.241" Y="653.4779" Z="134.397" />
    <Hotspot X="-9520.91" Y="700.3993" Z="138.9291" />
    <Hotspot X="-9537.578" Y="747.3207" Z="143.4611" />
    <Hotspot X="-9554.247" Y="794.2421" Z="147.9931" />
    <Hotspot X="-9557.014" Y="802.0295" Z="148.7453" />
    <Hotspot X="-9604.709" Y="804.1818" Z="133.8943" />
    <Hotspot X="-9657.004" Y="806.5417" Z="117.6108" />
    <Hotspot X="-9698.617" Y="770.921" Z="112.6596" />
    <Hotspot X="-9712.554" Y="758.9912" Z="111.0013" />
    <Hotspot X="-9759.701" Y="742.3666" Z="111.8547" />
    <Hotspot X="-9816.278" Y="722.4171" Z="113.3001" />
    <Hotspot X="-9863.426" Y="705.7925" Z="114.074" />
    <Hotspot X="-9891.702" Y="695.8221" Z="114.2438" />
    <Hotspot X="-9886.77" Y="646.2183" Z="118.4304" />
    <Hotspot X="-9883.833" Y="616.6871" Z="120.4501" />
    <Hotspot X="-9933.477" Y="622.5733" Z="119.5279" />
    <Hotspot X="-9983.12" Y="628.4596" Z="118.6058" />
    <Hotspot X="-9983.359" Y="628.4879" Z="118.6014" />
    <Hotspot X="-10029.56" Y="647.5814" Z="118.6446" />
    <Hotspot X="-10075.76" Y="666.6749" Z="116.7245" />
    <Hotspot X="-10078.26" Y="667.7083" Z="116.4528" />
    <Hotspot X="-10071.31" Y="618.1942" Z="119.4503" />
    <Hotspot X="-10065.3" Y="575.3842" Z="116.1787" />
    <Hotspot X="-10038.2" Y="533.4066" Z="114.2657" />
    <Hotspot X="-10011.1" Y="491.429" Z="112.3526" />
    <Hotspot X="-10002.34" Y="477.8538" Z="111.7339" />
    <Hotspot X="-9990.941" Y="418.966" Z="117.3979" />
    <Hotspot X="-9981.443" Y="369.8928" Z="123.663" />
    <Hotspot X="-9972.713" Y="324.79" Z="115.6789" />
    <Hotspot X="-9965.615" Y="275.3011" Z="116.5216" />
    <Hotspot X="-9958.519" Y="225.8122" Z="114.8768" />
    <Hotspot X="-9954.196" Y="195.675" Z="113.8751" />
    <Hotspot X="-9993.589" Y="164.8936" Z="113.7969" />
    <Hotspot X="-10031.04" Y="135.6296" Z="112.2309" />
    <Hotspot X="-10028.92" Y="85.67859" Z="114.3511" />
    <Hotspot X="-10026.81" Y="35.72754" Z="114.3582" />
    <Hotspot X="-10024.7" Y="-14.22351" Z="114.226" />
    <Hotspot X="-10024.56" Y="-17.43418" Z="114.2175" />
    <Hotspot X="-9979.727" Y="4.691959" Z="152.362" />
    <Hotspot X="-9934.893" Y="26.8181" Z="134.579" />
    <Hotspot X="-9890.06" Y="48.94425" Z="116.7962" />
    <Hotspot X="-9878.277" Y="54.75913" Z="112.1229" />
    <Hotspot X="-9867.054" Y="103.4793" Z="112.7348" />
    <Hotspot X="-9860.687" Y="131.1175" Z="113.0819" />
    <Hotspot X="-9812.981" Y="136.3336" Z="130.8478" />
    <Hotspot X="-9794.026" Y="138.4062" Z="132.6969" />
    <Hotspot X="-9806.792" Y="185.8853" Z="123.5985" />
    <Hotspot X="-9819.824" Y="234.358" Z="114.3098" />
    <Hotspot X="-9785.694" Y="226.9125" Z="124.7729" />
    <Hotspot X="-9745.027" Y="255.9998" Z="126.7094" />
    <Hotspot X="-9704.359" Y="285.087" Z="126.8951" />
    <Hotspot X="-9659.625" Y="317.083" Z="126.0618" />
    <Hotspot X="-9644.968" Y="327.5667" Z="125.7888" />
    <Hotspot X="-9595.985" Y="318.0573" Z="133.3094" />
    <Hotspot X="-9547.003" Y="308.548" Z="133.1176" />
    <Hotspot X="-9541.274" Y="307.4358" Z="132.5851" />
    <Hotspot X="-9566.068" Y="264.059" Z="132.0226" />
    <Hotspot X="-9590.863" Y="220.6821" Z="129.2396" />
    <Hotspot X="-9605.157" Y="195.675" Z="127.6353" />
    <Hotspot X="-9593.777" Y="147.2331" Z="137.5476" />
    <Hotspot X="-9582.397" Y="98.79121" Z="139.9426" />
    <Hotspot X="-9576.456" Y="73.50163" Z="139.9595" />
    <Hotspot X="-9619.856" Y="98.17627" Z="137.2039" />
    <Hotspot X="-9663.256" Y="122.8509" Z="134.4484" />
    <Hotspot X="-9706.656" Y="147.5255" Z="131.6928" />
    <Hotspot X="-9716.257" Y="152.9838" Z="131.0832" />
    <Hotspot X="-9742.881" Y="110.9811" Z="125.8921" />
    <Hotspot X="-9760.697" Y="82.87289" Z="122.4181" />
    <Hotspot X="-9724.405" Y="48.50132" Z="123.638" />
    <Hotspot X="-9688.113" Y="14.12976" Z="127.9504" />
    <Hotspot X="-9672.743" Y="-0.4270715" Z="125.3746" />
    <Hotspot X="-9654.657" Y="-47.04113" Z="125.2365" />
    <Hotspot X="-9643.116" Y="-76.78545" Z="125.1483" />
    <Hotspot X="-9692.456" Y="-82.95105" Z="119.8964" />
    <Hotspot X="-9741.796" Y="-89.11664" Z="114.6445" />
    <Hotspot X="-9791.135" Y="-95.28223" Z="109.3927" />
    <Hotspot X="-9815.321" Y="-98.30457" Z="106.8181" />
    <Hotspot X="-9864.707" Y="-90.56258" Z="107.8714" />
    <Hotspot X="-9905.434" Y="-84.17804" Z="108.7399" />
    <Hotspot X="-9903.89" Y="-133.8454" Z="114.2872" />
    <Hotspot X="-9902.347" Y="-183.5127" Z="119.8345" />
    <Hotspot X="-9901.424" Y="-213.1891" Z="123.1491" />
    <Hotspot X="-9903.021" Y="-262.8978" Z="118.0016" />
    <Hotspot X="-9904.201" Y="-299.6129" Z="114.1997" />
    <Hotspot X="-9870.401" Y="-335.5146" Z="122.4831" />
    <Hotspot X="-9836.601" Y="-371.4163" Z="134.3168" />
    <Hotspot X="-9826.431" Y="-382.2188" Z="133.259" />
    <Hotspot X="-9819.712" Y="-332.8472" Z="131.2374" />
    <Hotspot X="-9812.992" Y="-283.4756" Z="125.8606" />
    <Hotspot X="-9807.914" Y="-246.1621" Z="121.797" />
    <Hotspot X="-9758.356" Y="-244.008" Z="128.072" />
    <Hotspot X="-9708.798" Y="-241.8539" Z="134.3472" />
    <Hotspot X="-9680.149" Y="-240.6087" Z="137.9746" />
    <Hotspot X="-9630.154" Y="-240.1899" Z="141.6716" />
    <Hotspot X="-9580.16" Y="-239.7711" Z="142.1037" />
    <Hotspot X="-9530.165" Y="-239.3523" Z="138.0989" />
    <Hotspot X="-9514.426" Y="-239.2205" Z="135.9861" />
    <Hotspot X="-9540.128" Y="-282.0085" Z="140.0952" />
    <Hotspot X="-9565.83" Y="-324.7966" Z="141.9748" />
    <Hotspot X="-9569.05" Y="-330.1563" Z="142.2103" />
    <Hotspot X="-9532.51" Y="-371.251" Z="141.5318" />
    <Hotspot X="-9499.292" Y="-408.6098" Z="140.307" />
    <Hotspot X="-9490.354" Y="-418.6626" Z="139.9774" />
    <Hotspot X="-9535.848" Y="-439.2912" Z="139.8192" />
    <Hotspot X="-9581.342" Y="-459.9198" Z="138.8199" />
    <Hotspot X="-9626.836" Y="-480.5484" Z="136.7848" />
    <Hotspot X="-9672.33" Y="-501.1771" Z="131.978" />
    <Hotspot X="-9684.778" Y="-506.8217" Z="130.6627" />
    <Hotspot X="-9725.156" Y="-477.7651" Z="134.1235" />
    <Hotspot X="-9765.326" Y="-448.8587" Z="120.6256" />
    <Hotspot X="-9766.495" Y="-498.8211" Z="121.3732" />
    <Hotspot X="-9767.178" Y="-527.9938" Z="118.1773" />
    <Hotspot X="-9761.293" Y="-577.6309" Z="119.4136" />
    <Hotspot X="-9756.067" Y="-621.7063" Z="120.5113" />
    <Hotspot X="-9766.942" Y="-670.5092" Z="120.3966" />
    <Hotspot X="-9777.817" Y="-719.312" Z="120.2819" />
    <Hotspot X="-9787.546" Y="-762.9691" Z="120.1793" />
    <Hotspot X="-9809.046" Y="-808.1052" Z="120.8757" />
    <Hotspot X="-9824.579" Y="-840.7158" Z="121.3787" />
    <Hotspot X="-9774.882" Y="-846.1617" Z="122.1002" />
    <Hotspot X="-9725.185" Y="-851.6077" Z="122.8216" />
    <Hotspot X="-9704.221" Y="-853.9049" Z="123.1259" />
    <Hotspot X="-9672.139" Y="-815.6669" Z="127.7778" />
    <Hotspot X="-9640.056" Y="-777.4289" Z="129.8677" />
    <Hotspot X="-9607.974" Y="-739.1909" Z="131.9575" />
    <Hotspot X="-9606.083" Y="-736.9379" Z="132.0806" />
    <Hotspot X="-9573.088" Y="-774.5047" Z="132.2622" />
    <Hotspot X="-9556.088" Y="-793.8596" Z="132.3558" />
    <Hotspot X="-9530.757" Y="-842.6603" Z="136.7252" />
    <Hotspot X="-9522.758" Y="-858.0699" Z="134.1326" />
    <Hotspot X="-9476.865" Y="-877.6312" Z="137.4869" />
    <Hotspot X="-9430.973" Y="-897.1924" Z="140.8412" />
    <Hotspot X="-9387.586" Y="-915.6859" Z="144.0123" />
    <Hotspot X="-9424.228" Y="-949.5795" Z="141.0819" />
    <Hotspot X="-9460.87" Y="-983.4731" Z="138.1516" />
    <Hotspot X="-9472.763" Y="-994.4738" Z="137.2004" />
    <Hotspot X="-9432.813" Y="-1024.427" Z="139.9836" />
    <Hotspot X="-9400.548" Y="-1048.619" Z="141.9348" />
    <Hotspot X="-9385.346" Y="-1096.246" Z="142.7319" />
    <Hotspot X="-9374.624" Y="-1129.836" Z="143.1921" />
    <Hotspot X="-9421.749" Y="-1146.113" Z="139.4096" />
    <Hotspot X="-9468.874" Y="-1162.39" Z="135.6271" />
    <Hotspot X="-9520.711" Y="-1180.295" Z="131.4663" />
    <Hotspot X="-9539.423" Y="-1186.758" Z="129.9643" />
    <Hotspot X="-9588.867" Y="-1194.128" Z="132.771" />
    <Hotspot X="-9638.312" Y="-1201.497" Z="132.8731" />
    <Hotspot X="-9687.756" Y="-1208.867" Z="132.9752" />
    <Hotspot X="-9693.111" Y="-1209.665" Z="132.9862" />
    <Hotspot X="-9698.341" Y="-1155.361" Z="126.0111" />
    <Hotspot X="-9702.369" Y="-1113.523" Z="120.6373" />
    <Hotspot X="-9743.319" Y="-1085.232" Z="116.5136" />
    <Hotspot X="-9767.178" Y="-1068.75" Z="113.0971" />
    <Hotspot X="-9806.499" Y="-1037.877" Z="118.2789" />
    <Hotspot X="-9849.753" Y="-1003.917" Z="116.581" />
    <Hotspot X="-9865.316" Y="-991.6971" Z="115.16" />
    <Hotspot X="-9876.094" Y="-1040.451" Z="112.5303" />
    <Hotspot X="-9891.182" Y="-1108.706" Z="109.2583" />
    <Hotspot X="-9893.091" Y="-1117.341" Z="108.383" />
    <Hotspot X="-9860.47" Y="-1167.569" Z="111.9999" />
    <Hotspot X="-9833.286" Y="-1209.425" Z="116.3937" />
    <Hotspot X="-9815.321" Y="-1237.085" Z="117.0059" />
    <Hotspot X="-9776.413" Y="-1268.049" Z="124.4882" />
    <Hotspot X="-9737.505" Y="-1299.012" Z="128.4102" />
    <Hotspot X="-9709.776" Y="-1321.079" Z="131.2052" />
    <Hotspot X="-9747.119" Y="-1353.803" Z="137.0919" />
    <Hotspot X="-9783.843" Y="-1385.984" Z="142.8809" />
    <Hotspot X="-9831.582" Y="-1377.177" Z="130.9074" />
    <Hotspot X="-9879.322" Y="-1368.371" Z="118.9339" />
    <Hotspot X="-9900.498" Y="-1364.465" Z="113.6228" />
    <Hotspot X="-9865.342" Y="-1399.948" Z="117.3422" />
    <Hotspot X="-9830.186" Y="-1435.432" Z="118.2877" />
    <Hotspot X="-9828.282" Y="-1437.352" Z="118.192" />
    <Hotspot X="-9799.93" Y="-1478.258" Z="123.9245" />
    <Hotspot X="-9771.578" Y="-1519.163" Z="127.9961" />
    <Hotspot X="-9767.178" Y="-1525.511" Z="128.5053" />
    <Hotspot X="-9718.363" Y="-1515.217" Z="132.3825" />
    <Hotspot X="-9664.667" Y="-1503.894" Z="136.5095" />
    <Hotspot X="-9615.853" Y="-1493.6" Z="139.2783" />
    <Hotspot X="-9604.231" Y="-1491.15" Z="139.6597" />
    <Hotspot X="-9565.288" Y="-1522.139" Z="144.4598" />
    <Hotspot X="-9526.344" Y="-1553.129" Z="149.2599" />
    <Hotspot X="-9506.093" Y="-1569.244" Z="151.7561" />
  </Hotspots>
</HBProfile>
