<HBProfile>
<!-- Created by HighVoltz using RoutesBuddy -->
  <Name></Name>
  <MinDurability>0.4</MinDurability>
  <MinFreeBagSlots>1</MinFreeBagSlots>
  
  <MinLevel>1</MinLevel>
  <MaxLevel>86</MaxLevel>
  <Factions>99999</Factions>
  
  <MailGrey>False</MailGrey>
  <MailWhite>True</MailWhite>
  <MailGreen>True</MailGreen>
  <MailBlue>True</MailBlue>
  <MailPurple>True</MailPurple>
 
  <SellGrey>True</SellGrey>
  <SellWhite>True</SellWhite>
  <SellGreen>False</SellGreen>
  <SellBlue>False</SellBlue>
  <SellPurple>False</SellPurple>
	<Vendors>
		<Vendor Name="Naka Scaleblade" Entry="49768" Type="Repair" X="-3675.151" Y="-5381.104" Z="35.76816"/>
	</Vendors>

	<Mailboxes>
		<Mailbox X="-3667.881" Y="-5279.569" Z="41.84135"/>
	</Mailboxes>
 
   <Blackspots>
		<Blackspot X="-4063.43" Y="-3928.65" Z="182.765" Radius="200" />
		<Blackspot X="-3857.25" Y="-4085.16" Z="178.191" Radius="200"/>
  </Blackspots>
  
  <Hotspots>
    <Hotspot X="-3117.84" Y="-5105.596" Z="162.7265" />
    <Hotspot X="-3167.536" Y="-5107.102" Z="163.3715" />
    <Hotspot X="-3217.233" Y="-5108.607" Z="159.7072" />
    <Hotspot X="-3257.017" Y="-5109.813" Z="147.9134" />
    <Hotspot X="-3286.449" Y="-5069.569" Z="147.0878" />
    <Hotspot X="-3315.88" Y="-5029.325" Z="141.2608" />
    <Hotspot X="-3328.715" Y="-5011.775" Z="138.7197" />
    <Hotspot X="-3298.551" Y="-4972.917" Z="152.4443" />
    <Hotspot X="-3273.887" Y="-4941.146" Z="154.9923" />
    <Hotspot X="-3253.67" Y="-4895.42" Z="156.2067" />
    <Hotspot X="-3233.452" Y="-4849.695" Z="157.4361" />
    <Hotspot X="-3230.307" Y="-4842.581" Z="156.466" />
    <Hotspot X="-3249.432" Y="-4796.484" Z="154.1199" />
    <Hotspot X="-3259.829" Y="-4771.425" Z="151.7704" />
    <Hotspot X="-3229.191" Y="-4732.656" Z="159.4063" />
    <Hotspot X="-3198.553" Y="-4693.888" Z="168.3201" />
    <Hotspot X="-3169.856" Y="-4657.575" Z="174.1943" />
    <Hotspot X="-3143.76" Y="-4700.047" Z="170.3084" />
    <Hotspot X="-3117.663" Y="-4742.519" Z="166.4225" />
    <Hotspot X="-3107.999" Y="-4758.248" Z="164.9835" />
    <Hotspot X="-3139.777" Y="-4796.771" Z="162.5038" />
    <Hotspot X="-3150.174" Y="-4809.375" Z="161.6924" />
    <Hotspot X="-3128.39" Y="-4854.296" Z="167.1232" />
    <Hotspot X="-3106.606" Y="-4899.216" Z="168.9343" />
    <Hotspot X="-3099.564" Y="-4913.737" Z="168.09" />
    <Hotspot X="-3071.637" Y="-4872.342" Z="170.6456" />
    <Hotspot X="-3043.71" Y="-4830.947" Z="173.2011" />
    <Hotspot X="-3039.113" Y="-4824.133" Z="173.6218" />
    <Hotspot X="-3014.534" Y="-4780.616" Z="175.8904" />
    <Hotspot X="-2989.954" Y="-4737.098" Z="176.5389" />
    <Hotspot X="-2988.503" Y="-4734.529" Z="176.5772" />
    <Hotspot X="-3007.481" Y="-4688.28" Z="177.5336" />
    <Hotspot X="-3022.243" Y="-4652.304" Z="178.2776" />
    <Hotspot X="-2976.828" Y="-4673.201" Z="179.1519" />
    <Hotspot X="-2931.413" Y="-4694.099" Z="180.8327" />
    <Hotspot X="-2898.53" Y="-4709.229" Z="180.6593" />
    <Hotspot X="-2893.558" Y="-4659.514" Z="178.7368" />
    <Hotspot X="-2890.095" Y="-4624.896" Z="177.3981" />
    <Hotspot X="-2917.545" Y="-4583.271" Z="176.6809" />
    <Hotspot X="-2944.996" Y="-4541.646" Z="170.6597" />
    <Hotspot X="-2953.357" Y="-4528.967" Z="168.8257" />
    <Hotspot X="-2903.074" Y="-4495.559" Z="216.9773" />
    <Hotspot X="-2864.394" Y="-4469.86" Z="228.9066" />
    <Hotspot X="-2825.715" Y="-4444.162" Z="240.8357" />
    <Hotspot X="-2787.035" Y="-4418.463" Z="252.765" />
    <Hotspot X="-2762.164" Y="-4401.939" Z="260.4354" />
    <Hotspot X="-2805.02" Y="-4353.068" Z="260.5469" />
    <Hotspot X="-2847.875" Y="-4304.197" Z="260.6584" />
    <Hotspot X="-2848.995" Y="-4302.92" Z="260.6614" />
    <Hotspot X="-2896.124" Y="-4302.581" Z="243.9646" />
    <Hotspot X="-2932.27" Y="-4302.321" Z="231.1588" />
    <Hotspot X="-2974.56" Y="-4328.266" Z="241.6785" />
    <Hotspot X="-3033.766" Y="-4364.59" Z="220.8468" />
    <Hotspot X="-3055.983" Y="-4378.221" Z="213.0294" />
    <Hotspot X="-3102.908" Y="-4395.462" Z="247.2128" />
    <Hotspot X="-3149.833" Y="-4412.704" Z="284.2805" />
    <Hotspot X="-3196.567" Y="-4429.875" Z="215.6501" />
    <Hotspot X="-3246.455" Y="-4430.654" Z="262.2777" />
    <Hotspot X="-3296.343" Y="-4431.434" Z="210.5535" />
    <Hotspot X="-3297.787" Y="-4431.456" Z="209.0568" />
    <Hotspot X="-3334.131" Y="-4397.281" Z="214.6736" />
    <Hotspot X="-3377.744" Y="-4356.271" Z="216.5768" />
    <Hotspot X="-3381.269" Y="-4352.957" Z="216.7306" />
    <Hotspot X="-3429.943" Y="-4360.328" Z="225.477" />
    <Hotspot X="-3488.352" Y="-4369.173" Z="240.6564" />
    <Hotspot X="-3537.026" Y="-4376.543" Z="245.1749" />
    <Hotspot X="-3542.274" Y="-4377.338" Z="245.6621" />
    <Hotspot X="-3548.854" Y="-4308.306" Z="326.2946" />
    <Hotspot X="-3553.553" Y="-4258.998" Z="373.1321" />
    <Hotspot X="-3558.723" Y="-4204.758" Z="307.2643" />
    <Hotspot X="-3561.38" Y="-4176.875" Z="273.4039" />
    <Hotspot X="-3509.72" Y="-4146.477" Z="270.7324" />
    <Hotspot X="-3466.669" Y="-4121.145" Z="268.5062" />
    <Hotspot X="-3460.16" Y="-4117.314" Z="268.1695" />
    <Hotspot X="-3385.568" Y="-4111.945" Z="262.501" />
    <Hotspot X="-3372.296" Y="-4110.989" Z="261.4925" />
    <Hotspot X="-3315.627" Y="-4130.703" Z="264.6118" />
    <Hotspot X="-3304.113" Y="-4134.708" Z="261.8398" />
    <Hotspot X="-3251.723" Y="-4121.617" Z="251.4011" />
    <Hotspot X="-3229.073" Y="-4115.957" Z="246.888" />
    <Hotspot X="-3231.708" Y="-4066.045" Z="246.0325" />
    <Hotspot X="-3234.343" Y="-4016.134" Z="246.8743" />
    <Hotspot X="-3235.93" Y="-3986.071" Z="243.3217" />
    <Hotspot X="-3285.095" Y="-3978.509" Z="238.264" />
    <Hotspot X="-3334.261" Y="-3970.947" Z="270.9315" />
    <Hotspot X="-3349.02" Y="-3968.677" Z="231.6879" />
    <Hotspot X="-3322.349" Y="-3926.385" Z="233.8063" />
    <Hotspot X="-3295.678" Y="-3884.093" Z="234.051" />
    <Hotspot X="-3280.214" Y="-3859.571" Z="232.1195" />
    <Hotspot X="-3321.524" Y="-3846.501" Z="232.5885" />
    <Hotspot X="-3383.49" Y="-3826.896" Z="185.9086" />
    <Hotspot X="-3424.801" Y="-3813.826" Z="154.7888" />
    <Hotspot X="-3466.111" Y="-3800.756" Z="123.669" />
    <Hotspot X="-3491.792" Y="-3792.631" Z="104.3238" />
    <Hotspot X="-3506.266" Y="-3839.821" Z="112.394" />
    <Hotspot X="-3520.74" Y="-3887.01" Z="120.2953" />
    <Hotspot X="-3524.126" Y="-3898.048" Z="122.1434" />
    <Hotspot X="-3556.075" Y="-3935.696" Z="130.7064" />
    <Hotspot X="-3588.025" Y="-3973.343" Z="137.876" />
    <Hotspot X="-3588.091" Y="-3973.421" Z="137.8907" />
    <Hotspot X="-3650.871" Y="-3976.303" Z="154.4864" />
    <Hotspot X="-3656.977" Y="-3976.583" Z="156.1005" />
    <Hotspot X="-3642.552" Y="-4024.414" Z="154.0623" />
    <Hotspot X="-3634.404" Y="-4051.429" Z="152.911" />
    <Hotspot X="-3681.14" Y="-4064.663" Z="175.3572" />
    <Hotspot X="-3723.754" Y="-4076.729" Z="175.5838" />
    <Hotspot X="-3735.468" Y="-4028.125" Z="174.9651" />
    <Hotspot X="-3744.842" Y="-3989.233" Z="174.47" />
    <Hotspot X="-3792.111" Y="-4003.791" Z="181.7963" />
    <Hotspot X="-3823.568" Y="-4013.479" Z="186.6719" />
    <Hotspot X="-4223.589" Y="-4075.909" Z="357.2589" />
    <Hotspot X="-4231.382" Y="-4125.163" Z="353.6028" />
    <Hotspot X="-4239.175" Y="-4174.417" Z="349.9466" />
    <Hotspot X="-4240.398" Y="-4182.146" Z="349.3729" />
    <Hotspot X="-4252.273" Y="-4230.715" Z="349.4788" />
    <Hotspot X="-4263.594" Y="-4277.021" Z="349.5798" />
    <Hotspot X="-4285.163" Y="-4231.912" Z="349.5366" />
    <Hotspot X="-4315.358" Y="-4168.76" Z="359.542" />
    <Hotspot X="-4336.927" Y="-4123.651" Z="356.4776" />
    <Hotspot X="-4358.495" Y="-4078.542" Z="351.369" />
    <Hotspot X="-4366.923" Y="-4060.917" Z="349.3729" />
    <Hotspot X="-4337.918" Y="-4020.212" Z="350.7218" />
    <Hotspot X="-4308.913" Y="-3979.507" Z="352.0707" />
    <Hotspot X="-4279.908" Y="-3938.802" Z="353.4197" />
    <Hotspot X="-4263.421" Y="-3915.665" Z="354.1864" />
    <Hotspot X="-4148.449" Y="-3870.363" Z="252.5549" />
    <Hotspot X="-4112.52" Y="-3856.206" Z="220.7951" />
    <Hotspot X="-4110.358" Y="-3855.354" Z="218.8843" />
    <Hotspot X="-4070.71" Y="-3825.624" Z="225.5268" />
    <Hotspot X="-4031.631" Y="-3796.321" Z="232.0738" />
    <Hotspot X="-4080.336" Y="-3785.104" Z="230.6557" />
    <Hotspot X="-4129.041" Y="-3773.886" Z="229.2377" />
    <Hotspot X="-4130.04" Y="-3773.656" Z="229.2086" />
    <Hotspot X="-4134.76" Y="-3724.101" Z="237.3447" />
    <Hotspot X="-4138.475" Y="-3685.106" Z="237.5838" />
    <Hotspot X="-4142.134" Y="-3635.317" Z="240.3407" />
    <Hotspot X="-4143.395" Y="-3618.167" Z="241.2903" />
    <Hotspot X="-4149.218" Y="-3569" Z="252.2332" />
    <Hotspot X="-4155.042" Y="-3519.834" Z="271.4064" />
    <Hotspot X="-4160.864" Y="-3470.668" Z="276.2683" />
    <Hotspot X="-4162.997" Y="-3452.662" Z="264.8014" />
    <Hotspot X="-4176.322" Y="-3394.192" Z="262.9038" />
    <Hotspot X="-4181.976" Y="-3369.383" Z="262.0987" />
    <Hotspot X="-4231.162" Y="-3360.396" Z="262.7161" />
    <Hotspot X="-4268.515" Y="-3353.571" Z="261.9955" />
    <Hotspot X="-4312.68" Y="-3376.344" Z="267.5478" />
    <Hotspot X="-4338.023" Y="-3389.412" Z="270.7339" />
    <Hotspot X="-4295.1" Y="-3414.861" Z="267.5803" />
    <Hotspot X="-4254.456" Y="-3438.958" Z="264.5941" />
    <Hotspot X="-4238.857" Y="-3486.186" Z="259.472" />
    <Hotspot X="-4223.259" Y="-3533.414" Z="254.3499" />
    <Hotspot X="-4217.201" Y="-3551.754" Z="252.3607" />
    <Hotspot X="-4248.372" Y="-3603.988" Z="304.4936" />
    <Hotspot X="-4358.669" Y="-3788.814" Z="361.9031" />
    <Hotspot X="-4366.923" Y="-3802.646" Z="362.4195" />
    <Hotspot X="-4415.96" Y="-3792.906" Z="363.1252" />
    <Hotspot X="-4479.708" Y="-3780.244" Z="364.0425" />
    <Hotspot X="-4486.339" Y="-3778.927" Z="364.138" />
    <Hotspot X="-4554.938" Y="-3792.631" Z="366.6729" />
    <Hotspot X="-4589.184" Y="-3799.472" Z="367.9384" />
    <Hotspot X="-4571.438" Y="-3856.664" Z="387.4213" />
    <Hotspot X="-4556.65" Y="-3904.324" Z="381.7251" />
    <Hotspot X="-4553.037" Y="-3915.969" Z="375.5939" />
    <Hotspot X="-4506.861" Y="-3931.199" Z="363.9376" />
    <Hotspot X="-4460.686" Y="-3946.429" Z="352.2813" />
    <Hotspot X="-4449.164" Y="-3950.229" Z="349.3729" />
    <Hotspot X="-4469.671" Y="-3995.83" Z="349.3729" />
    <Hotspot X="-4489.933" Y="-4040.887" Z="349.3729" />
    <Hotspot X="-4538.954" Y="-4041.347" Z="359.3065" />
    <Hotspot X="-4587.974" Y="-4041.806" Z="369.1043" />
    <Hotspot X="-4636.995" Y="-4042.266" Z="378.9021" />
    <Hotspot X="-4658.633" Y="-4042.469" Z="383.227" />
    <Hotspot X="-4663.591" Y="-4091.731" Z="376.2514" />
    <Hotspot X="-4668.55" Y="-4140.993" Z="369.2757" />
    <Hotspot X="-4669.88" Y="-4154.21" Z="367.4041" />
    <Hotspot X="-4694.66" Y="-4203.179" Z="363.7957" />
    <Hotspot X="-4719.439" Y="-4252.148" Z="366.6085" />
    <Hotspot X="-4737.36" Y="-4287.563" Z="357.5777" />
    <Hotspot X="-4768.023" Y="-4326.979" Z="364.9893" />
    <Hotspot X="-4798.687" Y="-4366.396" Z="363.4894" />
    <Hotspot X="-4806.246" Y="-4376.112" Z="363.1196" />
    <Hotspot X="-4821.133" Y="-4423.77" Z="360.4532" />
    <Hotspot X="-4836.02" Y="-4471.428" Z="357.7867" />
    <Hotspot X="-4842.797" Y="-4493.125" Z="356.5727" />
    <Hotspot X="-4890.712" Y="-4479.718" Z="361.5134" />
    <Hotspot X="-4936.988" Y="-4466.771" Z="366.285" />
    <Hotspot X="-4972.012" Y="-4432.214" Z="375.1802" />
    <Hotspot X="-5010.539" Y="-4394.202" Z="387.3759" />
    <Hotspot X="-5017.121" Y="-4387.708" Z="386.6364" />
    <Hotspot X="-4998.399" Y="-4437.795" Z="373.7596" />
    <Hotspot X="-4981.38" Y="-4483.329" Z="368.6581" />
    <Hotspot X="-4964.361" Y="-4528.862" Z="350.3712" />
    <Hotspot X="-4964.322" Y="-4528.967" Z="350.3206" />
    <Hotspot X="-4974.415" Y="-4577.894" Z="348.6476" />
    <Hotspot X="-4984.508" Y="-4626.821" Z="346.3133" />
    <Hotspot X="-4989.004" Y="-4648.614" Z="345.2735" />
    <Hotspot X="-4996.2" Y="-4715.821" Z="397.2375" />
    <Hotspot X="-5001.854" Y="-4768.626" Z="385.657" />
    <Hotspot X="-5006.995" Y="-4816.631" Z="375.1293" />
    <Hotspot X="-5012.135" Y="-4864.636" Z="348.4841" />
    <Hotspot X="-5017.789" Y="-4917.441" Z="319.1744" />
    <Hotspot X="-5022.929" Y="-4965.446" Z="292.5291" />
    <Hotspot X="-5028.07" Y="-5013.451" Z="265.8839" />
    <Hotspot X="-5033.21" Y="-5061.456" Z="239.2386" />
    <Hotspot X="-5035.396" Y="-5081.877" Z="227.9039" />
    <Hotspot X="-5020.35" Y="-5125.317" Z="229.8447" />
    <Hotspot X="-5005.304" Y="-5168.758" Z="188.8842" />
    <Hotspot X="-5005.091" Y="-5169.373" Z="188.3046" />
    <Hotspot X="-5024.602" Y="-5195.063" Z="186.6333" />
    <Hotspot X="-5044.112" Y="-5220.753" Z="186.637" />
    <Hotspot X="-5063.622" Y="-5246.444" Z="186.6408" />
    <Hotspot X="-5093.629" Y="-5302.742" Z="110.8594" />
    <Hotspot X="-5115.895" Y="-5347.321" Z="81.21645" />
    <Hotspot X="-5138.161" Y="-5391.899" Z="51.57333" />
    <Hotspot X="-5139.428" Y="-5394.438" Z="49.88564" />
    <Hotspot X="-5096.376" Y="-5419.27" Z="55.34923" />
    <Hotspot X="-5053.324" Y="-5444.103" Z="60.81285" />
    <Hotspot X="-5048.049" Y="-5447.146" Z="61.48227" />
    <Hotspot X="-5031.106" Y="-5494.03" Z="65.51846" />
    <Hotspot X="-5018.526" Y="-5528.843" Z="68.18217" />
    <Hotspot X="-5068.064" Y="-5522.557" Z="67.93622" />
    <Hotspot X="-5109.905" Y="-5517.248" Z="63.4896" />
    <Hotspot X="-5144.833" Y="-5552.633" Z="60.38133" />
    <Hotspot X="-5175.979" Y="-5584.188" Z="53.50482" />
    <Hotspot X="-5137.599" Y="-5616.107" Z="57.31711" />
    <Hotspot X="-5099.218" Y="-5648.026" Z="59.23553" />
    <Hotspot X="-5098.659" Y="-5648.492" Z="59.23395" />
    <Hotspot X="-5049.287" Y="-5641.087" Z="62.54211" />
    <Hotspot X="-4999.914" Y="-5633.683" Z="64.87123" />
    <Hotspot X="-4993.222" Y="-5632.679" Z="65.10321" />
    <Hotspot X="-4957.741" Y="-5597.591" Z="69.46009" />
    <Hotspot X="-4922.26" Y="-5562.503" Z="71.92536" />
    <Hotspot X="-4896.219" Y="-5536.75" Z="73.73474" />
    <Hotspot X="-4905.549" Y="-5483.96" Z="89.82707" />
    <Hotspot X="-4911.683" Y="-5449.254" Z="94.11556" />
    <Hotspot X="-4927.15" Y="-5406.34" Z="118.8969" />
    <Hotspot X="-4939.8" Y="-5371.246" Z="131.3335" />
    <Hotspot X="-4950.246" Y="-5324.005" Z="143.9504" />
    <Hotspot X="-4960.691" Y="-5276.764" Z="156.5672" />
    <Hotspot X="-4962.293" Y="-5269.519" Z="158.5022" />
    <Hotspot X="-4926.948" Y="-5234.582" Z="163.9938" />
    <Hotspot X="-4900.437" Y="-5208.377" Z="168.1129" />
    <Hotspot X="-4860.486" Y="-5178.697" Z="175.4796" />
    <Hotspot X="-4824.521" Y="-5151.979" Z="177.2356" />
    <Hotspot X="-4774.698" Y="-5150.111" Z="175.9328" />
    <Hotspot X="-4726.113" Y="-5148.29" Z="169.822" />
    <Hotspot X="-4749.939" Y="-5104.687" Z="179.7401" />
    <Hotspot X="-4773.767" Y="-5061.084" Z="182.3768" />
    <Hotspot X="-4785.158" Y="-5040.237" Z="183.6373" />
    <Hotspot X="-4832.125" Y="-5023.802" Z="188.5367" />
    <Hotspot X="-4869.508" Y="-5010.721" Z="192.4363" />
    <Hotspot X="-4835.457" Y="-4974.289" Z="196.063" />
    <Hotspot X="-4811.869" Y="-4949.052" Z="198.5752" />
    <Hotspot X="-4777.718" Y="-4912.774" Z="204.1531" />
    <Hotspot X="-4761.259" Y="-4895.29" Z="204.8134" />
    <Hotspot X="-4711.662" Y="-4899.145" Z="199.7845" />
    <Hotspot X="-4662.065" Y="-4903" Z="194.7555" />
    <Hotspot X="-4645.98" Y="-4904.25" Z="193.1246" />
    <Hotspot X="-4626.608" Y="-4858.156" Z="192.9738" />
    <Hotspot X="-4609.429" Y="-4817.281" Z="192.5274" />
    <Hotspot X="-4562.002" Y="-4801.952" Z="190.8978" />
    <Hotspot X="-4514.576" Y="-4786.624" Z="185.4521" />
    <Hotspot X="-4487.122" Y="-4777.75" Z="182.2998" />
    <Hotspot X="-4531.269" Y="-4754.577" Z="186.0429" />
    <Hotspot X="-4557.413" Y="-4740.854" Z="188.2595" />
    <Hotspot X="-4605.841" Y="-4751.264" Z="195.0671" />
    <Hotspot X="-4654.27" Y="-4761.674" Z="201.8747" />
    <Hotspot X="-4662.851" Y="-4763.519" Z="203.081" />
    <Hotspot X="-4708.88" Y="-4746.8" Z="213.1719" />
    <Hotspot X="-4754.909" Y="-4730.083" Z="223.2628" />
    <Hotspot X="-4797.811" Y="-4714.5" Z="232.6682" />
    <Hotspot X="-4805.872" Y="-4665.387" Z="240.7384" />
    <Hotspot X="-4814.681" Y="-4611.719" Z="242.6986" />
    <Hotspot X="-4775.407" Y="-4580.775" Z="254.7278" />
    <Hotspot X="-4736.132" Y="-4549.832" Z="246.82" />
    <Hotspot X="-4717.678" Y="-4535.292" Z="243.1042" />
    <Hotspot X="-4668.637" Y="-4543.356" Z="239.1536" />
    <Hotspot X="-4637.545" Y="-4548.469" Z="234.1725" />
    <Hotspot X="-4595.611" Y="-4521.312" Z="255.92" />
    <Hotspot X="-4553.676" Y="-4494.155" Z="245.4301" />
    <Hotspot X="-4529.296" Y="-4478.367" Z="239.3314" />
    <Hotspot X="-4479.378" Y="-4476.863" Z="250.9984" />
    <Hotspot X="-4429.46" Y="-4475.358" Z="249.8079" />
    <Hotspot X="-4379.542" Y="-4473.854" Z="238.3138" />
    <Hotspot X="-4371.843" Y="-4473.623" Z="231.6483" />
    <Hotspot X="-4339.695" Y="-4508.726" Z="219.8012" />
    <Hotspot X="-4301.118" Y="-4550.85" Z="207.0081" />
    <Hotspot X="-4268.969" Y="-4585.954" Z="187.1737" />
    <Hotspot X="-4237.01" Y="-4620.851" Z="167.456" />
    <Hotspot X="-4277.257" Y="-4650.44" Z="169.5974" />
    <Hotspot X="-4314.204" Y="-4677.604" Z="171.5633" />
    <Hotspot X="-4310.773" Y="-4727.253" Z="166.7516" />
    <Hotspot X="-4307.175" Y="-4779.331" Z="161.7046" />
    <Hotspot X="-4257.436" Y="-4779.872" Z="156.6328" />
    <Hotspot X="-4207.696" Y="-4780.412" Z="154.4093" />
    <Hotspot X="-4148.009" Y="-4781.061" Z="149.5072" />
    <Hotspot X="-4113.17" Y="-4781.439" Z="141.9224" />
    <Hotspot X="-4069.316" Y="-4804.928" Z="136.9074" />
    <Hotspot X="-4044.284" Y="-4818.335" Z="134.0448" />
    <Hotspot X="-3995.811" Y="-4817.639" Z="127.8459" />
    <Hotspot X="-3973.455" Y="-4817.317" Z="116.1556" />
    <Hotspot X="-3934.428" Y="-4786.098" Z="117.6763" />
    <Hotspot X="-3891.5" Y="-4751.757" Z="119.3492" />
    <Hotspot X="-3891.048" Y="-4751.396" Z="119.3668" />
    <Hotspot X="-3910.879" Y="-4708.077" Z="138.6943" />
    <Hotspot X="-3930.71" Y="-4664.759" Z="153.0667" />
    <Hotspot X="-3950.542" Y="-4621.44" Z="166.0958" />
    <Hotspot X="-3955.717" Y="-4610.137" Z="168.8481" />
    <Hotspot X="-3944.079" Y="-4563.41" Z="185.4754" />
    <Hotspot X="-3931.279" Y="-4512.011" Z="199.9842" />
    <Hotspot X="-3919.641" Y="-4465.284" Z="213.1742" />
    <Hotspot X="-3912.136" Y="-4435.146" Z="219.2553" />
    <Hotspot X="-3952.246" Y="-4462.909" Z="212.1" />
    <Hotspot X="-3992.357" Y="-4490.672" Z="198.7343" />
    <Hotspot X="-4003.515" Y="-4498.396" Z="194.2611" />
    <Hotspot X="-4050.884" Y="-4483.89" Z="201.0279" />
    <Hotspot X="-4140.884" Y="-4456.328" Z="213.8848" />
    <Hotspot X="-4187.679" Y="-4441.998" Z="220.5697" />
    <Hotspot X="-4101.126" Y="-4402.844" Z="224.3152" />
    <Hotspot X="-4046.461" Y="-4378.115" Z="219.7061" />
    <Hotspot X="-4042.706" Y="-4376.416" Z="219.3895" />
    <Hotspot X="-3996.481" Y="-4357.515" Z="221.8398" />
    <Hotspot X="-3969.775" Y="-4346.596" Z="223.2555" />
    <Hotspot X="-3955.728" Y="-4298.632" Z="223.6611" />
    <Hotspot X="-3941.681" Y="-4250.668" Z="225.1048" />
    <Hotspot X="-3930.412" Y="-4212.189" Z="219.1138" />
    <Hotspot X="-3895.842" Y="-4247.369" Z="227.5598" />
    <Hotspot X="-3861.526" Y="-4282.292" Z="235.464" />
    <Hotspot X="-3833.425" Y="-4323.431" Z="245.5262" />
    <Hotspot X="-3805.324" Y="-4364.57" Z="244.4643" />
    <Hotspot X="-3802.481" Y="-4368.733" Z="244.3569" />
    <Hotspot X="-3779.351" Y="-4411.837" Z="235.1087" />
    <Hotspot X="-3756.222" Y="-4454.941" Z="223.8048" />
    <Hotspot X="-3754.682" Y="-4457.811" Z="222.9725" />
    <Hotspot X="-3713.817" Y="-4432.637" Z="236.9843" />
    <Hotspot X="-3688.436" Y="-4417.001" Z="245.687" />
    <Hotspot X="-3643.735" Y="-4437.159" Z="235.9159" />
    <Hotspot X="-3601.447" Y="-4456.229" Z="226.6723" />
    <Hotspot X="-3644.278" Y="-4480.317" Z="217.4383" />
    <Hotspot X="-3682.985" Y="-4502.085" Z="209.0935" />
    <Hotspot X="-3656.006" Y="-4540.522" Z="192.518" />
    <Hotspot X="-3633.781" Y="-4572.188" Z="177.7821" />
    <Hotspot X="-3600.27" Y="-4608.452" Z="169.9097" />
    <Hotspot X="-3571.924" Y="-4639.127" Z="163.2505" />
    <Hotspot X="-3548.75" Y="-4595.683" Z="172.7338" />
    <Hotspot X="-3532.561" Y="-4565.335" Z="178.0164" />
    <Hotspot X="-3493.645" Y="-4595.976" Z="171.1835" />
    <Hotspot X="-3490.386" Y="-4598.542" Z="170.6113" />
    <Hotspot X="-3464.179" Y="-4639.968" Z="160.7574" />
    <Hotspot X="-3438.37" Y="-4680.767" Z="151.0527" />
    <Hotspot X="-3408.648" Y="-4720.8" Z="148.5027" />
    <Hotspot X="-3378.926" Y="-4760.834" Z="144.0131" />
    <Hotspot X="-3362.455" Y="-4783.021" Z="141.5251" />
    <Hotspot X="-3359.465" Y="-4842.896" Z="139.0964" />
    <Hotspot X="-3357.455" Y="-4883.167" Z="137.4332" />
    <Hotspot X="-3394.825" Y="-4849.96" Z="136.5219" />
    <Hotspot X="-3432.195" Y="-4816.754" Z="135.6106" />
    <Hotspot X="-3448.211" Y="-4802.523" Z="135.22" />
    <Hotspot X="-3497.765" Y="-4795.943" Z="134.1902" />
    <Hotspot X="-3515.691" Y="-4793.563" Z="133.8177" />
    <Hotspot X="-3544.573" Y="-4831.463" Z="122.671" />
    <Hotspot X="-3573.456" Y="-4869.364" Z="109.5863" />
    <Hotspot X="-3600.041" Y="-4904.25" Z="89.59397" />
    <Hotspot X="-3604.564" Y="-4856.254" Z="115.8338" />
    <Hotspot X="-3609.088" Y="-4808.258" Z="122.9413" />
    <Hotspot X="-3613.611" Y="-4760.262" Z="130.0487" />
    <Hotspot X="-3614.099" Y="-4755.085" Z="130.8153" />
    <Hotspot X="-3658.728" Y="-4716.541" Z="141.8861" />
    <Hotspot X="-3692.826" Y="-4687.092" Z="150.3445" />
    <Hotspot X="-3735.078" Y="-4664.049" Z="164.2349" />
    <Hotspot X="-3770.146" Y="-4644.925" Z="175.1516" />
    <Hotspot X="-3753.933" Y="-4598.44" Z="190.3549" />
    <Hotspot X="-3746.247" Y="-4576.404" Z="188.0265" />
    <Hotspot X="-3794.339" Y="-4562.745" Z="195.4873" />
    <Hotspot X="-3839.032" Y="-4550.05" Z="189.5244" />
    <Hotspot X="-3841.798" Y="-4597.916" Z="186.0873" />
    <Hotspot X="-3844.563" Y="-4645.781" Z="176.9879" />
    <Hotspot X="-3847.328" Y="-4693.647" Z="147.7424" />
    <Hotspot X="-3847.467" Y="-4696.052" Z="146.2549" />
    <Hotspot X="-3812.341" Y="-4729.989" Z="135.5608" />
    <Hotspot X="-3777.214" Y="-4763.927" Z="124.8666" />
    <Hotspot X="-3774.364" Y="-4766.681" Z="123.9988" />
    <Hotspot X="-3752.075" Y="-4815.253" Z="111.001" />
    <Hotspot X="-3731.813" Y="-4859.41" Z="99.18491" />
    <Hotspot X="-3729.377" Y="-4864.719" Z="97.76437" />
    <Hotspot X="-3777.125" Y="-4879.408" Z="99.84993" />
    <Hotspot X="-3824.874" Y="-4894.097" Z="101.9355" />
    <Hotspot X="-3872.622" Y="-4908.785" Z="104.021" />
    <Hotspot X="-3920.37" Y="-4923.474" Z="106.1066" />
    <Hotspot X="-3948.687" Y="-4932.186" Z="107.3435" />
    <Hotspot X="-3988.553" Y="-4902.956" Z="115.4377" />
    <Hotspot X="-4011.95" Y="-4885.802" Z="119.2553" />
    <Hotspot X="-4040.008" Y="-4927.179" Z="118.4531" />
    <Hotspot X="-4068.066" Y="-4968.557" Z="117.651" />
    <Hotspot X="-4075.212" Y="-4979.096" Z="117.4467" />
    <Hotspot X="-4097.736" Y="-5026.57" Z="113.6012" />
    <Hotspot X="-4120.26" Y="-5074.043" Z="87.88657" />
    <Hotspot X="-4127.228" Y="-5088.729" Z="79.93193" />
    <Hotspot X="-4187.44" Y="-5064.754" Z="84.90638" />
    <Hotspot X="-4233.756" Y="-5046.312" Z="88.73288" />
    <Hotspot X="-4280.073" Y="-5027.87" Z="92.55939" />
    <Hotspot X="-4308.581" Y="-5016.519" Z="94.91454" />
    <Hotspot X="-4346.503" Y="-4993.973" Z="125.5474" />
    <Hotspot X="-4384.426" Y="-4971.426" Z="146.3844" />
    <Hotspot X="-4406.989" Y="-4958.012" Z="155.9677" />
    <Hotspot X="-4374.549" Y="-4919.965" Z="155.729" />
    <Hotspot X="-4352.162" Y="-4893.708" Z="155.5643" />
    <Hotspot X="-4398.254" Y="-4877.25" Z="165.7926" />
    <Hotspot X="-4440.729" Y="-4862.083" Z="175.2182" />
    <Hotspot X="-4486.719" Y="-4881.008" Z="180.3933" />
    <Hotspot X="-4532.708" Y="-4899.933" Z="185.5684" />
    <Hotspot X="-4556.007" Y="-4909.521" Z="188.1901" />
    <Hotspot X="-4578.213" Y="-4954.003" Z="182.8783" />
    <Hotspot X="-4600.419" Y="-4998.485" Z="177.5665" />
    <Hotspot X="-4605.211" Y="-5008.085" Z="176.4201" />
    <Hotspot X="-4558.232" Y="-5019.61" Z="163.7665" />
    <Hotspot X="-4511.253" Y="-5031.135" Z="152.0653" />
    <Hotspot X="-4491.339" Y="-5036.021" Z="145.7493" />
    <Hotspot X="-4510.507" Y="-5082.181" Z="144.4158" />
    <Hotspot X="-4527.891" Y="-5124.043" Z="143.2066" />
    <Hotspot X="-4504.111" Y="-5166.602" Z="132.2561" />
    <Hotspot X="-4480.333" Y="-5209.16" Z="122.015" />
    <Hotspot X="-4456.553" Y="-5251.719" Z="110.0098" />
    <Hotspot X="-4453.381" Y="-5257.396" Z="108.4084" />
    <Hotspot X="-4451.093" Y="-5307.298" Z="113.747" />
    <Hotspot X="-4448.804" Y="-5357.2" Z="114.6931" />
    <Hotspot X="-4446.976" Y="-5397.073" Z="114.3839" />
    <Hotspot X="-4495.018" Y="-5383.228" Z="117.6508" />
    <Hotspot X="-4543.061" Y="-5369.383" Z="113.7199" />
    <Hotspot X="-4547.572" Y="-5368.083" Z="113.3508" />
    <Hotspot X="-4583.26" Y="-5403.078" Z="112.0097" />
    <Hotspot X="-4618.947" Y="-5438.072" Z="111.4173" />
    <Hotspot X="-4638.951" Y="-5457.688" Z="109.9169" />
    <Hotspot X="-4635.579" Y="-5408.053" Z="114.9175" />
    <Hotspot X="-4633.328" Y="-5374.935" Z="118.254" />
    <Hotspot X="-4647.302" Y="-5328.657" Z="131.0253" />
    <Hotspot X="-4658.633" Y="-5291.129" Z="141.382" />
    <Hotspot X="-4708.172" Y="-5297.903" Z="145.5864" />
    <Hotspot X="-4757.711" Y="-5304.677" Z="143.6522" />
    <Hotspot X="-4778.129" Y="-5307.469" Z="141.5943" />
    <Hotspot X="-4828.046" Y="-5310.293" Z="141.0232" />
    <Hotspot X="-4852.638" Y="-5311.685" Z="140.7419" />
    <Hotspot X="-4845.599" Y="-5359.565" Z="130.9319" />
    <Hotspot X="-4842.797" Y="-5378.625" Z="123.1732" />
    <Hotspot X="-4792.932" Y="-5382.252" Z="124.1725" />
    <Hotspot X="-4748.606" Y="-5385.477" Z="124.2397" />
    <Hotspot X="-4767.897" Y="-5430.422" Z="113.8562" />
    <Hotspot X="-4787.188" Y="-5475.367" Z="103.4726" />
    <Hotspot X="-4787.97" Y="-5477.189" Z="103.0516" />
    <Hotspot X="-4802.613" Y="-5524.365" Z="101.9182" />
    <Hotspot X="-4817.257" Y="-5571.541" Z="90.01802" />
    <Hotspot X="-4825.927" Y="-5599.473" Z="82.97226" />
    <Hotspot X="-4867.601" Y="-5626.816" Z="79.52031" />
    <Hotspot X="-4899.03" Y="-5647.438" Z="76.03519" />
    <Hotspot X="-4928.844" Y="-5686.71" Z="67.74034" />
    <Hotspot X="-4951.046" Y="-5715.958" Z="61.56294" />
    <Hotspot X="-4996.734" Y="-5736.228" Z="61.97035" />
    <Hotspot X="-5035.396" Y="-5753.381" Z="59.12226" />
    <Hotspot X="-5023.737" Y="-5801.982" Z="62.90511" />
    <Hotspot X="-5011.497" Y="-5853" Z="62.01926" />
    <Hotspot X="-4978.956" Y="-5890.958" Z="62.53393" />
    <Hotspot X="-4973.54" Y="-5897.275" Z="62.61958" />
    <Hotspot X="-4930.796" Y="-5923.135" Z="60.56111" />
    <Hotspot X="-4911.683" Y="-5934.698" Z="59.64068" />
    <Hotspot X="-4913.176" Y="-5983.666" Z="53.5691" />
    <Hotspot X="-4914.495" Y="-6026.937" Z="40.81438" />
    <Hotspot X="-4879.603" Y="-5992.242" Z="53.1227" />
    <Hotspot X="-4849.826" Y="-5962.633" Z="57.26713" />
    <Hotspot X="-4804.182" Y="-5942.339" Z="59.44118" />
    <Hotspot X="-4777.591" Y="-5930.517" Z="60.70769" />
    <Hotspot X="-4793.728" Y="-5977.35" Z="53.90133" />
    <Hotspot X="-4809.864" Y="-6024.182" Z="47.09496" />
    <Hotspot X="-4821.71" Y="-6058.562" Z="42.09841" />
    <Hotspot X="-4793.511" Y="-6099.794" Z="39.93008" />
    <Hotspot X="-4779.535" Y="-6120.231" Z="38.85537" />
    <Hotspot X="-4776.166" Y="-6170.115" Z="38.89476" />
    <Hotspot X="-4773.911" Y="-6203.51" Z="38.10368" />
    <Hotspot X="-4745.584" Y="-6244.711" Z="38.33307" />
    <Hotspot X="-4717.256" Y="-6285.912" Z="38.56245" />
    <Hotspot X="-4692.373" Y="-6322.104" Z="38.76395" />
    <Hotspot X="-4645.52" Y="-6339.396" Z="43.21236" />
    <Hotspot X="-4602.4" Y="-6355.31" Z="43.37536" />
    <Hotspot X="-4616.906" Y="-6307.598" Z="39.75513" />
    <Hotspot X="-4631.412" Y="-6259.885" Z="36.16359" />
    <Hotspot X="-4633.328" Y="-6253.583" Z="35.65671" />
    <Hotspot X="-4585.974" Y="-6269.63" Z="35.93126" />
    <Hotspot X="-4560.225" Y="-6278.356" Z="36.08054" />
    <Hotspot X="-4514.689" Y="-6298.843" Z="38.68591" />
    <Hotspot X="-4489.933" Y="-6309.981" Z="40.10235" />
    <Hotspot X="-4442.403" Y="-6294.486" Z="41.16399" />
    <Hotspot X="-4397.771" Y="-6279.937" Z="38.39636" />
    <Hotspot X="-4429.974" Y="-6241.688" Z="38.35303" />
    <Hotspot X="-4462.176" Y="-6203.438" Z="38.3097" />
    <Hotspot X="-4467.44" Y="-6197.185" Z="38.30262" />
    <Hotspot X="-4515.458" Y="-6183.361" Z="40.07357" />
    <Hotspot X="-4546.167" Y="-6174.521" Z="41.20611" />
    <Hotspot X="-4588.243" Y="-6147.531" Z="42.2511" />
    <Hotspot X="-4630.32" Y="-6120.541" Z="43.5258" />
    <Hotspot X="-4672.397" Y="-6093.551" Z="44.8005" />
    <Hotspot X="-4681.75" Y="-6087.552" Z="44.57335" />
    <Hotspot X="-4668.155" Y="-6039.683" Z="49.44476" />
    <Hotspot X="-4654.561" Y="-5991.813" Z="54.31617" />
    <Hotspot X="-4653.01" Y="-5986.352" Z="54.87195" />
    <Hotspot X="-4656.933" Y="-5936.637" Z="60.24094" />
    <Hotspot X="-4660.039" Y="-5897.275" Z="61.34437" />
    <Hotspot X="-4675.273" Y="-5834.446" Z="68.0844" />
    <Hotspot X="-4686.75" Y="-5787.114" Z="73.16193" />
    <Hotspot X="-4685.54" Y="-5737.659" Z="82.41856" />
    <Hotspot X="-4684.208" Y="-5683.258" Z="89.27544" />
    <Hotspot X="-4683.938" Y="-5672.21" Z="90.0275" />
    <Hotspot X="-4644.337" Y="-5702.648" Z="87.72073" />
    <Hotspot X="-4604.737" Y="-5733.086" Z="85.41397" />
    <Hotspot X="-4604.344" Y="-5733.388" Z="85.39107" />
    <Hotspot X="-4572.134" Y="-5771.532" Z="83.54897" />
    <Hotspot X="-4539.924" Y="-5809.676" Z="80.14694" />
    <Hotspot X="-4526.485" Y="-5825.591" Z="78.72746" />
    <Hotspot X="-4540.668" Y="-5883.326" Z="70.62959" />
    <Hotspot X="-4546.167" Y="-5905.708" Z="67.49024" />
    <Hotspot X="-4521.672" Y="-5948.982" Z="63.06719" />
    <Hotspot X="-4497.177" Y="-5992.257" Z="62.3062" />
    <Hotspot X="-4470.233" Y="-6039.859" Z="53.34087" />
    <Hotspot X="-4453.381" Y="-6069.631" Z="47.68832" />
    <Hotspot X="-4415.735" Y="-6102.24" Z="43.27901" />
    <Hotspot X="-4378.09" Y="-6134.85" Z="38.86969" />
    <Hotspot X="-4371.843" Y="-6140.26" Z="38.13806" />
    <Hotspot X="-4361.85" Y="-6091.321" Z="40.38678" />
    <Hotspot X="-4351.857" Y="-6042.381" Z="42.6355" />
    <Hotspot X="-4349.35" Y="-6030.1" Z="43.19981" />
    <Hotspot X="-4301.078" Y="-6017.069" Z="43.46296" />
    <Hotspot X="-4279.058" Y="-6011.125" Z="43.583" />
    <Hotspot X="-4252.62" Y="-5968.905" Z="49.6316" />
    <Hotspot X="-4241.101" Y="-5950.51" Z="49.76355" />
    <Hotspot X="-4289.434" Y="-5939.185" Z="55.73525" />
    <Hotspot X="-4337.766" Y="-5927.859" Z="61.70695" />
    <Hotspot X="-4376.061" Y="-5918.885" Z="66.43834" />
    <Hotspot X="-4345.083" Y="-5879.648" Z="67.94186" />
    <Hotspot X="-4324.045" Y="-5853" Z="64.90257" />
    <Hotspot X="-4275.295" Y="-5859.916" Z="56.20654" />
    <Hotspot X="-4226.545" Y="-5866.832" Z="47.51054" />
    <Hotspot X="-4220.013" Y="-5867.758" Z="46.34532" />
    <Hotspot X="-4175.221" Y="-5889.957" Z="48.10366" />
    <Hotspot X="-4130.429" Y="-5912.155" Z="46.34354" />
    <Hotspot X="-4097.706" Y="-5928.373" Z="43.78109" />
    <Hotspot X="-4047.741" Y="-5930.246" Z="43.80868" />
    <Hotspot X="-3999.297" Y="-5932.062" Z="43.83543" />
    <Hotspot X="-4012.773" Y="-5883.916" Z="43.27385" />
    <Hotspot X="-4023.197" Y="-5846.675" Z="42.83947" />
    <Hotspot X="-4058.863" Y="-5811.639" Z="43.95166" />
    <Hotspot X="-4093.488" Y="-5777.627" Z="41.55816" />
    <Hotspot X="-4054.463" Y="-5751.958" Z="59.39577" />
    <Hotspot X="-4013.356" Y="-5724.918" Z="78.18561" />
    <Hotspot X="-4065.404" Y="-5713.811" Z="64.30827" />
    <Hotspot X="-4104.735" Y="-5705.417" Z="53.82175" />
    <Hotspot X="-4095.294" Y="-5657.226" Z="63.23183" />
    <Hotspot X="-4086.459" Y="-5612.123" Z="72.03909" />
    <Hotspot X="-4096.409" Y="-5563.127" Z="76.77513" />
    <Hotspot X="-4106.359" Y="-5514.133" Z="74.4772" />
    <Hotspot X="-4107.546" Y="-5508.287" Z="73.52888" />
    <Hotspot X="-4155.783" Y="-5510.47" Z="60.54853" />
    <Hotspot X="-4189.085" Y="-5511.977" Z="51.58694" />
    <Hotspot X="-4221.437" Y="-5550.098" Z="52.03004" />
    <Hotspot X="-4248.13" Y="-5581.552" Z="52.39565" />
    <Hotspot X="-4234.208" Y="-5634.726" Z="60.60043" />
    <Hotspot X="-4225.637" Y="-5667.466" Z="55.49104" />
    <Hotspot X="-4209.227" Y="-5714.225" Z="48.8329" />
    <Hotspot X="-4197.52" Y="-5747.583" Z="44.08295" />
    <Hotspot X="-4247.136" Y="-5746.42" Z="50.15788" />
    <Hotspot X="-4296.752" Y="-5745.258" Z="56.23281" />
    <Hotspot X="-4309.986" Y="-5744.948" Z="57.85321" />
    <Hotspot X="-4343.538" Y="-5709.596" Z="69.15909" />
    <Hotspot X="-4377.089" Y="-5674.244" Z="80.21818" />
    <Hotspot X="-4391.525" Y="-5659.033" Z="84.97659" />
    <Hotspot X="-4431.073" Y="-5629.948" Z="95.34639" />
    <Hotspot X="-4464.628" Y="-5605.271" Z="102.507" />
    <Hotspot X="-4494.773" Y="-5565.399" Z="104.6531" />
    <Hotspot X="-4515.238" Y="-5538.331" Z="104.5815" />
    <Hotspot X="-4466.636" Y="-5526.595" Z="106.7352" />
    <Hotspot X="-4432.294" Y="-5518.302" Z="104.0868" />
    <Hotspot X="-4391.957" Y="-5541.45" Z="86.95751" />
    <Hotspot X="-4363.408" Y="-5557.833" Z="72.73177" />
    <Hotspot X="-4345.485" Y="-5511.188" Z="70.9906" />
    <Hotspot X="-4327.561" Y="-5464.544" Z="72.03497" />
    <Hotspot X="-4315.61" Y="-5433.441" Z="68.08845" />
    <Hotspot X="-4312.639" Y="-5383.601" Z="70.74506" />
    <Hotspot X="-4309.986" Y="-5339.093" Z="73.11738" />
    <Hotspot X="-4296.47" Y="-5292.888" Z="86.62373" />
    <Hotspot X="-4286.087" Y="-5257.396" Z="96.9987" />
    <Hotspot X="-4242.786" Y="-5280.948" Z="72.59961" />
    <Hotspot X="-4203.421" Y="-5302.358" Z="50.41877" />
    <Hotspot X="-4186.273" Y="-5311.685" Z="40.75608" />
    <Hotspot X="-4181.317" Y="-5361.323" Z="50.25554" />
    <Hotspot X="-4176.432" Y="-5410.25" Z="47.50362" />
    <Hotspot X="-4127.476" Y="-5408.644" Z="63.55896" />
    <Hotspot X="-4078.52" Y="-5407.038" Z="70.99251" />
    <Hotspot X="-4063.966" Y="-5406.561" Z="70.55668" />
    <Hotspot X="-4026.012" Y="-5437.052" Z="83.15598" />
    <Hotspot X="-4014.761" Y="-5446.091" Z="85.32796" />
    <Hotspot X="-3987.342" Y="-5405.671" Z="74.6338" />
    <Hotspot X="-3959.922" Y="-5365.251" Z="64.11676" />
    <Hotspot X="-3952.905" Y="-5354.906" Z="61.20274" />
    <Hotspot X="-3936.23" Y="-5308.155" Z="55.17822" />
    <Hotspot X="-3920.571" Y="-5264.248" Z="49.52014" />
    <Hotspot X="-3969.584" Y="-5272.546" Z="46.49937" />
    <Hotspot X="-4018.597" Y="-5280.846" Z="39.72202" />
    <Hotspot X="-4051.313" Y="-5286.385" Z="35.1982" />
    <Hotspot X="-4019.869" Y="-5247.602" Z="37.8722" />
    <Hotspot X="-3991.486" Y="-5212.594" Z="40.28596" />
    <Hotspot X="-3954.074" Y="-5184.867" Z="58.49651" />
    <Hotspot X="-3931.035" Y="-5167.792" Z="69.71138" />
    <Hotspot X="-3956.428" Y="-5126.266" Z="83.12756" />
    <Hotspot X="-3981.821" Y="-5084.74" Z="93.32852" />
    <Hotspot X="-3997.109" Y="-5059.739" Z="99.46996" />
    <Hotspot X="-3947.252" Y="-5062.523" Z="96.91217" />
    <Hotspot X="-3912.136" Y="-5064.483" Z="95.1106" />
    <Hotspot X="-3862.506" Y="-5066.551" Z="91.40265" />
    <Hotspot X="-3836.221" Y="-5067.646" Z="86.37138" />
    <Hotspot X="-3839.152" Y="-5117.096" Z="79.58733" />
    <Hotspot X="-3841.844" Y="-5162.521" Z="73.35561" />
    <Hotspot X="-3798.568" Y="-5137.507" Z="76.13502" />
    <Hotspot X="-3774.364" Y="-5123.517" Z="75.25587" />
    <Hotspot X="-3736.211" Y="-5155.762" Z="73.11674" />
    <Hotspot X="-3707.023" Y="-5180.43" Z="71.48027" />
    <Hotspot X="-3747.497" Y="-5209.639" Z="70.59962" />
    <Hotspot X="-3787.971" Y="-5238.848" Z="67.11063" />
    <Hotspot X="-3815.133" Y="-5258.45" Z="63.59858" />
    <Hotspot X="-3811.597" Y="-5308.298" Z="61.98603" />
    <Hotspot X="-3808.104" Y="-5357.542" Z="60.39307" />
    <Hotspot X="-3838.189" Y="-5396.365" Z="69.75421" />
    <Hotspot X="-3868.275" Y="-5435.188" Z="79.11537" />
    <Hotspot X="-3868.555" Y="-5435.55" Z="79.2026" />
    <Hotspot X="-3881.301" Y="-5481.213" Z="100.7325" />
    <Hotspot X="-3893.86" Y="-5526.208" Z="110.7423" />
    <Hotspot X="-3845.925" Y="-5525.246" Z="96.55257" />
    <Hotspot X="-3815.133" Y="-5524.627" Z="87.43745" />
    <Hotspot X="-3831.801" Y="-5571.659" Z="94.4474" />
    <Hotspot X="-3848.468" Y="-5618.691" Z="86.84157" />
    <Hotspot X="-3865.135" Y="-5665.723" Z="79.23567" />
    <Hotspot X="-3868.555" Y="-5675.373" Z="77.20799" />
    <Hotspot X="-3875.275" Y="-5723.962" Z="67.51863" />
    <Hotspot X="-3878.396" Y="-5746.529" Z="63.01859" />
    <Hotspot X="-3907.847" Y="-5786.151" Z="55.10123" />
    <Hotspot X="-3926.194" Y="-5810.833" Z="50.16922" />
    <Hotspot X="-3907.383" Y="-5856.947" Z="45.73141" />
    <Hotspot X="-3889.642" Y="-5900.438" Z="41.546" />
    <Hotspot X="-3847.351" Y="-5873.93" Z="44.55235" />
    <Hotspot X="-3805.06" Y="-5847.422" Z="47.50225" />
    <Hotspot X="-3777.799" Y="-5830.335" Z="49.40379" />
    <Hotspot X="-3737.121" Y="-5859.408" Z="49.75586" />
    <Hotspot X="-3696.443" Y="-5888.48" Z="50.10793" />
    <Hotspot X="-3655.766" Y="-5917.552" Z="50.46001" />
    <Hotspot X="-3629.563" Y="-5936.279" Z="50.68679" />
    <Hotspot X="-3626.472" Y="-5986.121" Z="48.67016" />
    <Hotspot X="-3623.94" Y="-6026.937" Z="46.15033" />
    <Hotspot X="-3667.793" Y="-6050.915" Z="44.74687" />
    <Hotspot X="-3691.42" Y="-6063.833" Z="43.99073" />
    <Hotspot X="-3727.289" Y="-6098.574" Z="46.80091" />
    <Hotspot X="-3758.9" Y="-6129.191" Z="48.77569" />
    <Hotspot X="-3803.044" Y="-6152.557" Z="54.10994" />
    <Hotspot X="-3847.188" Y="-6175.923" Z="53.81635" />
    <Hotspot X="-3854.497" Y="-6179.792" Z="53.76775" />
    <Hotspot X="-3830.964" Y="-6223.907" Z="57.82416" />
    <Hotspot X="-3812.322" Y="-6258.854" Z="53.91832" />
    <Hotspot X="-3766.623" Y="-6239.246" Z="48.71029" />
    <Hotspot X="-3720.924" Y="-6219.637" Z="43.50226" />
    <Hotspot X="-3685.797" Y="-6204.564" Z="39.49901" />
    <Hotspot X="-3659.732" Y="-6161.922" Z="41.00068" />
    <Hotspot X="-3633.668" Y="-6119.279" Z="42.50235" />
    <Hotspot X="-3623.94" Y="-6103.364" Z="43.0628" />
    <Hotspot X="-3587.509" Y="-6137.511" Z="40.45774" />
    <Hotspot X="-3556.46" Y="-6166.614" Z="38.23748" />
    <Hotspot X="-3545.248" Y="-6118.4" Z="45.28675" />
    <Hotspot X="-3532.733" Y="-6064.584" Z="53.15302" />
    <Hotspot X="-3483.501" Y="-6063.009" Z="61.73888" />
    <Hotspot X="-3434.269" Y="-6061.435" Z="70.32475" />
    <Hotspot X="-3427.991" Y="-6061.234" Z="71.41953" />
    <Hotspot X="-3458.791" Y="-6021.98" Z="69.34079" />
    <Hotspot X="-3489.59" Y="-5982.727" Z="65.89631" />
    <Hotspot X="-3494.603" Y="-5976.337" Z="64.39125" />
    <Hotspot X="-3474.492" Y="-5930.625" Z="68.42823" />
    <Hotspot X="-3457.269" Y="-5891.477" Z="68.90739" />
    <Hotspot X="-3505.307" Y="-5880.803" Z="60.05272" />
    <Hotspot X="-3553.345" Y="-5870.129" Z="51.19807" />
    <Hotspot X="-3559.271" Y="-5868.813" Z="50.10571" />
    <Hotspot X="-3532.209" Y="-5826.843" Z="52.58185" />
    <Hotspot X="-3505.146" Y="-5784.873" Z="55.05799" />
    <Hotspot X="-3497.415" Y="-5772.883" Z="55.76536" />
    <Hotspot X="-3458.687" Y="-5741.726" Z="61.18521" />
    <Hotspot X="-3429.935" Y="-5718.594" Z="65.20898" />
    <Hotspot X="-3446.381" Y="-5672.524" Z="64.04164" />
    <Hotspot X="-3455.24" Y="-5647.708" Z="49.28468" />
    <Hotspot X="-3433.109" Y="-5602.877" Z="49.19286" />
    <Hotspot X="-3420.233" Y="-5576.796" Z="48.28747" />
    <Hotspot X="-3469.116" Y="-5586.915" Z="51.13941" />
    <Hotspot X="-3517.998" Y="-5597.034" Z="53.99136" />
    <Hotspot X="-3566.88" Y="-5607.153" Z="56.84329" />
    <Hotspot X="-3570.518" Y="-5607.906" Z="57.05553" />
    <Hotspot X="-3619.811" Y="-5616.28" Z="60.24283" />
    <Hotspot X="-3660.491" Y="-5623.191" Z="57.62405" />
    <Hotspot X="-3654.394" Y="-5672.803" Z="56.41183" />
    <Hotspot X="-3649.868" Y="-5709.633" Z="55.51193" />
    <Hotspot X="-3695.274" Y="-5730.565" Z="55.78816" />
    <Hotspot X="-3732.189" Y="-5747.583" Z="54.69935" />
    <Hotspot X="-3758.56" Y="-5705.638" Z="62.70635" />
    <Hotspot X="-3778.582" Y="-5673.792" Z="66.52785" />
    <Hotspot X="-3776.822" Y="-5624.32" Z="79.61873" />
    <Hotspot X="-3775.77" Y="-5594.729" Z="77.76436" />
    <Hotspot X="-3736.939" Y="-5563.564" Z="73.18884" />
    <Hotspot X="-3698.108" Y="-5532.399" Z="68.61332" />
    <Hotspot X="-3685.797" Y="-5522.519" Z="67.16261" />
    <Hotspot X="-3636.072" Y="-5518.03" Z="65.36774" />
    <Hotspot X="-3609.882" Y="-5515.667" Z="63.03615" />
    <Hotspot X="-3561.69" Y="-5523.948" Z="59.49603" />
    <Hotspot X="-3542.402" Y="-5527.262" Z="48.41399" />
    <Hotspot X="-3536.58" Y="-5477.605" Z="48.25503" />
    <Hotspot X="-3531.155" Y="-5431.333" Z="47.28908" />
    <Hotspot X="-3525.404" Y="-5381.696" Z="45.53315" />
    <Hotspot X="-3519.653" Y="-5332.059" Z="44.53795" />
    <Hotspot X="-3517.72" Y="-5315.375" Z="43.18702" />
    <Hotspot X="-3503.66" Y="-5237.266" Z="66.32365" />
    <Hotspot X="-3494.872" Y="-5188.448" Z="68.49059" />
    <Hotspot X="-3486.084" Y="-5139.629" Z="70.65756" />
    <Hotspot X="-3477.296" Y="-5090.811" Z="72.82452" />
    <Hotspot X="-3475.79" Y="-5082.44" Z="73.19608" />
    <Hotspot X="-3440.152" Y="-5117.413" Z="75.82281" />
    <Hotspot X="-3417.282" Y="-5139.856" Z="77.50848" />
    <Hotspot X="-3418.065" Y="-5222.081" Z="46.82576" />
    <Hotspot X="-3375.21" Y="-5240.429" Z="75.46732" />
    <Hotspot X="-3332.356" Y="-5258.778" Z="86.32262" />
    <Hotspot X="-3314.656" Y="-5266.356" Z="90.45006" />
    <Hotspot X="-3292.593" Y="-5311.216" Z="91.31583" />
    <Hotspot X="-3278.105" Y="-5340.675" Z="91.88435" />
    <Hotspot X="-3254.153" Y="-5384.539" Z="94.52555" />
    <Hotspot X="-3241.553" Y="-5407.614" Z="94.18401" />
    <Hotspot X="-3286.552" Y="-5426.337" Z="85.24088" />
    <Hotspot X="-3331.551" Y="-5445.061" Z="76.67063" />
    <Hotspot X="-3356.832" Y="-5455.579" Z="65.59573" />
    <Hotspot X="-3337.397" Y="-5500.917" Z="76.35408" />
    <Hotspot X="-3318.874" Y="-5544.129" Z="81.5583" />
    <Hotspot X="-3269.954" Y="-5534.735" Z="85.86886" />
    <Hotspot X="-3221.034" Y="-5525.34" Z="92.09006" />
    <Hotspot X="-3203.596" Y="-5521.992" Z="91.71597" />
    <Hotspot X="-3222.306" Y="-5568.237" Z="88.3576" />
    <Hotspot X="-3241.016" Y="-5614.483" Z="84.99924" />
    <Hotspot X="-3241.553" Y="-5615.812" Z="84.90272" />
    <Hotspot X="-3259.678" Y="-5662.409" Z="84.45248" />
    <Hotspot X="-3271.076" Y="-5691.712" Z="84.16936" />
    <Hotspot X="-3317.565" Y="-5674.282" Z="78.51385" />
    <Hotspot X="-3346.991" Y="-5663.25" Z="74.52351" />
    <Hotspot X="-3354.312" Y="-5712.473" Z="80.10329" />
    <Hotspot X="-3361.632" Y="-5761.696" Z="84.55772" />
    <Hotspot X="-3368.078" Y="-5805.035" Z="88.47961" />
    <Hotspot X="-3382.019" Y="-5868.467" Z="91.65833" />
    <Hotspot X="-3392.742" Y="-5917.261" Z="84.242" />
    <Hotspot X="-3393.638" Y="-5921.336" Z="83.6226" />
    <Hotspot X="-3336.932" Y="-5918.632" Z="157.4418" />
    <Hotspot X="-3289.678" Y="-5916.378" Z="149.195" />
    <Hotspot X="-3242.423" Y="-5914.125" Z="140.9481" />
    <Hotspot X="-3231.712" Y="-5913.614" Z="139.079" />
    <Hotspot X="-3230.15" Y="-5963.512" Z="136.2896" />
    <Hotspot X="-3228.587" Y="-6013.41" Z="133.5002" />
    <Hotspot X="-3227.495" Y="-6048.292" Z="131.5502" />
    <Hotspot X="-3251.531" Y="-6092.133" Z="131.1261" />
    <Hotspot X="-3264.047" Y="-6114.96" Z="130.9052" />
    <Hotspot X="-3259.706" Y="-6164.597" Z="126.9731" />
    <Hotspot X="-3255.612" Y="-6211.417" Z="122.7997" />
    <Hotspot X="-3206.534" Y="-6201.862" Z="123.5592" />
    <Hotspot X="-3182.508" Y="-6197.185" Z="122.3684" />
    <Hotspot X="-3140.489" Y="-6170.088" Z="123.3777" />
    <Hotspot X="-3112.217" Y="-6151.856" Z="121.9025" />
    <Hotspot X="-3095.281" Y="-6104.813" Z="122.0061" />
    <Hotspot X="-3081.288" Y="-6065.941" Z="121.2268" />
    <Hotspot X="-3037.829" Y="-6090.654" Z="122.0864" />
    <Hotspot X="-2996.938" Y="-6113.906" Z="122.6387" />
    <Hotspot X="-2985.524" Y="-6065.226" Z="122.7414" />
    <Hotspot X="-2974.445" Y="-6017.977" Z="122.8411" />
    <Hotspot X="-2928.953" Y="-5997.519" Z="126.2914" />
    <Hotspot X="-2838.461" Y="-5956.823" Z="133.1545" />
    <Hotspot X="-2849.351" Y="-5908.024" Z="132.8936" />
    <Hotspot X="-2853.671" Y="-5888.669" Z="132.7901" />
    <Hotspot X="-2900.3" Y="-5906.716" Z="132.5838" />
    <Hotspot X="-2946.929" Y="-5924.763" Z="137.2025" />
    <Hotspot X="-2993.558" Y="-5942.809" Z="132.9521" />
    <Hotspot X="-3002.562" Y="-5946.293" Z="132.1315" />
    <Hotspot X="-3038.176" Y="-5911.242" Z="139.9239" />
    <Hotspot X="-3073.791" Y="-5876.191" Z="139.4815" />
    <Hotspot X="-3109.406" Y="-5841.14" Z="139.0391" />
    <Hotspot X="-3137.521" Y="-5813.469" Z="138.6898" />
    <Hotspot X="-3183.835" Y="-5795.041" Z="142.9165" />
    <Hotspot X="-3206.407" Y="-5786.06" Z="144.5361" />
    <Hotspot X="-3179.05" Y="-5695.797" Z="155.8982" />
    <Hotspot X="-3178.291" Y="-5693.293" Z="156.2133" />
    <Hotspot X="-3148.586" Y="-5637.832" Z="168.3868" />
    <Hotspot X="-3112.027" Y="-5569.572" Z="119.9223" />
    <Hotspot X="-3111.938" Y="-5569.406" Z="119.7352" />
    <Hotspot X="-3070.909" Y="-5474.063" Z="123.2591" />
    <Hotspot X="-2997.467" Y="-5491.222" Z="179.0933" />
    <Hotspot X="-2949.945" Y="-5502.325" Z="236.7689" />
    <Hotspot X="-2915.4" Y="-5510.396" Z="206.2662" />
    <Hotspot X="-2867.585" Y="-5498.65" Z="214.9726" />
    <Hotspot X="-2819.771" Y="-5486.905" Z="223.6789" />
    <Hotspot X="-2793.093" Y="-5480.352" Z="228.5365" />
    <Hotspot X="-2745.855" Y="-5487.67" Z="273.4491" />
    <Hotspot X="-2684.447" Y="-5497.184" Z="262.4084" />
    <Hotspot X="-2684.22" Y="-5497.219" Z="262.3379" />
    <Hotspot X="-2617.917" Y="-5521.898" Z="215.2223" />
    <Hotspot X="-2578.916" Y="-5536.416" Z="187.5073" />
    <Hotspot X="-2575.188" Y="-5537.804" Z="184.8583" />
    <Hotspot X="-2566" Y="-5591.773" Z="179.5813" />
    <Hotspot X="-2558.318" Y="-5636.896" Z="175.1695" />
    <Hotspot X="-2510.495" Y="-5625.689" Z="165.8222" />
    <Hotspot X="-2462.672" Y="-5614.483" Z="216.9485" />
    <Hotspot X="-2400.502" Y="-5599.915" Z="160.1989" />
    <Hotspot X="-2378.372" Y="-5594.729" Z="139.9977" />
    <Hotspot X="-2389.306" Y="-5547.485" Z="153.6386" />
    <Hotspot X="-2400.241" Y="-5500.241" Z="165.634" />
    <Hotspot X="-2407.894" Y="-5467.175" Z="172.8946" />
    <Hotspot X="-2457.535" Y="-5461.821" Z="178.3891" />
    <Hotspot X="-2507.176" Y="-5456.467" Z="178.4049" />
    <Hotspot X="-2510.52" Y="-5456.106" Z="178.406" />
    <Hotspot X="-2549.919" Y="-5427.431" Z="191.7299" />
    <Hotspot X="-2582.218" Y="-5403.925" Z="198.7875" />
    <Hotspot X="-2596.698" Y="-5350.869" Z="206.2474" />
    <Hotspot X="-2609.861" Y="-5302.637" Z="199.2152" />
    <Hotspot X="-2613.146" Y="-5290.602" Z="197.3972" />
    <Hotspot X="-2585.312" Y="-5249.663" Z="190.3786" />
    <Hotspot X="-2557.479" Y="-5208.723" Z="183.36" />
    <Hotspot X="-2540.042" Y="-5183.077" Z="178.9633" />
    <Hotspot X="-2492.604" Y="-5191.97" Z="167.5272" />
    <Hotspot X="-2445.165" Y="-5200.863" Z="153.6032" />
    <Hotspot X="-2438.823" Y="-5202.052" Z="151.1027" />
    <Hotspot X="-2456.419" Y="-5155.57" Z="156.5583" />
    <Hotspot X="-2474.016" Y="-5109.087" Z="162.4229" />
    <Hotspot X="-2491.613" Y="-5062.605" Z="168.2874" />
    <Hotspot X="-2500.679" Y="-5038.656" Z="170.2801" />
    <Hotspot X="-2499.051" Y="-4988.792" Z="173.584" />
    <Hotspot X="-2497.422" Y="-4938.928" Z="176.8878" />
    <Hotspot X="-2496.462" Y="-4909.521" Z="178.8362" />
    <Hotspot X="-2537.534" Y="-4937.003" Z="186.4391" />
    <Hotspot X="-2578.606" Y="-4964.485" Z="194.0419" />
    <Hotspot X="-2619.678" Y="-4991.968" Z="201.6448" />
    <Hotspot X="-2660.75" Y="-5019.45" Z="209.2476" />
    <Hotspot X="-2701.822" Y="-5046.933" Z="216.8505" />
    <Hotspot X="-2742.894" Y="-5074.415" Z="224.4533" />
    <Hotspot X="-2788.073" Y="-5104.646" Z="232.8164" />
    <Hotspot X="-2790.281" Y="-5106.123" Z="233.225" />
    <Hotspot X="-2765.591" Y="-5147.286" Z="219.2236" />
    <Hotspot X="-2740.902" Y="-5188.448" Z="205.2222" />
    <Hotspot X="-2724.207" Y="-5216.283" Z="195.7542" />
    <Hotspot X="-2768.156" Y="-5239.572" Z="201.7337" />
    <Hotspot X="-2812.106" Y="-5262.861" Z="207.314" />
    <Hotspot X="-2829.644" Y="-5272.154" Z="207.996" />
    <Hotspot X="-2824.931" Y="-5321.888" Z="205.9073" />
    <Hotspot X="-2820.217" Y="-5371.621" Z="204.201" />
    <Hotspot X="-2819.803" Y="-5375.989" Z="203.6353" />
    <Hotspot X="-2866.042" Y="-5393.851" Z="200.2966" />
    <Hotspot X="-2912.282" Y="-5411.712" Z="190.5572" />
    <Hotspot X="-2912.588" Y="-5411.831" Z="190.4926" />
    <Hotspot X="-2904.543" Y="-5362.989" Z="197.5433" />
    <Hotspot X="-2899.398" Y="-5331.75" Z="202.0527" />
    <Hotspot X="-2961.456" Y="-5317.979" Z="180.6738" />
    <Hotspot X="-2996.938" Y="-5310.104" Z="139.4944" />
    <Hotspot X="-3012.741" Y="-5356.879" Z="131.5973" />
    <Hotspot X="-3023.649" Y="-5389.167" Z="126.1461" />
    <Hotspot X="-3072.367" Y="-5397.638" Z="118.7431" />
    <Hotspot X="-3120.652" Y="-5406.033" Z="111.4059" />
    <Hotspot X="-3156.717" Y="-5371.404" Z="114.0705" />
    <Hotspot X="-3178.291" Y="-5350.689" Z="111.8297" />
    <Hotspot X="-3188.246" Y="-5301.856" Z="115.8557" />
    <Hotspot X="-3195.161" Y="-5267.938" Z="118.6521" />
    <Hotspot X="-3150.206" Y="-5289.686" Z="121.1223" />
    <Hotspot X="-3107.999" Y="-5310.104" Z="123.4415" />
    <Hotspot X="-3084.678" Y="-5266.729" Z="132.0862" />
    <Hotspot X="-3061.357" Y="-5223.354" Z="141.5413" />
    <Hotspot X="-3038.036" Y="-5179.979" Z="149.4318" />
    <Hotspot X="-3036.302" Y="-5176.752" Z="150.0187" />
    <Hotspot X="-2993.597" Y="-5151.28" Z="155.2632" />
    <Hotspot X="-2974.445" Y="-5139.856" Z="157.6152" />
    <Hotspot X="-2929.076" Y="-5162.949" Z="186.8475" />
    <Hotspot X="-2883.708" Y="-5186.042" Z="200.142" />
    <Hotspot X="-2882.283" Y="-5186.767" Z="199.905" />
    <Hotspot X="-2896.267" Y="-5139.901" Z="192.0094" />
    <Hotspot X="-2905.559" Y="-5108.758" Z="182.5961" />
    <Hotspot X="-2925.718" Y="-5063.096" Z="179.6697" />
    <Hotspot X="-2939.299" Y="-5032.331" Z="177.698" />
    <Hotspot X="-2904.407" Y="-5000.444" Z="194.0004" />
    <Hotspot X="-2871.281" Y="-4970.171" Z="209.4776" />
    <Hotspot X="-2877.366" Y="-4920.965" Z="203.0177" />
    <Hotspot X="-2885.277" Y="-4856.997" Z="194.6199" />
    <Hotspot X="-2888.689" Y="-4829.404" Z="190.9974" />
    <Hotspot X="-2929.017" Y="-4857.175" Z="180.8782" />
    <Hotspot X="-2957.575" Y="-4876.841" Z="173.7124" />
    <Hotspot X="-2973.933" Y="-4924.067" Z="174.6671" />
    <Hotspot X="-2985.692" Y="-4958.012" Z="171.1836" />
    <Hotspot X="-3009.375" Y="-5001.887" Z="177.7665" />
    <Hotspot X="-3033.058" Y="-5045.761" Z="178.9669" />
    <Hotspot X="-3033.49" Y="-5046.563" Z="178.7722" />
  </Hotspots>
</HBProfile>
