<HBProfile>
  <Name></Name>
  <MinDurability>0.4</MinDurability>
  <MinFreeBagSlots>1</MinFreeBagSlots>
  
  <MinLevel>1</MinLevel>
  <MaxLevel>86</MaxLevel>
  <Factions>99999</Factions>
  
  <MailGrey>False</MailGrey>
  <MailWhite>True</MailWhite>
  <MailGreen>True</MailGreen>
  <MailBlue>True</MailBlue>
  <MailPurple>True</MailPurple>
 
  <SellGrey>True</SellGrey>
  <SellWhite>True</SellWhite>
  <SellGreen>False</SellGreen>
  <SellBlue>False</SellBlue>
  <SellPurple>False</SellPurple>

	<Vendors>
		<Vendor Name="Jalin Lakedeep" Entry="43380" Type="Repair" X="5180.91" Y="-1716.01" Z="1339.965" />
	</Vendors>
	
	<Mailboxes>
		<MailBox X="5135.588" Y="-1723.012" Z="1337.011" />
	</Mailboxes>

  <Hotspots>
    <Hotspot X="5405.348" Y="-2321.8" Z="1580.503" />
    <Hotspot X="5276.899" Y="-2355.942" Z="1522.535" />
    <Hotspot X="5259.668" Y="-2360.522" Z="1514.758" />
    <Hotspot X="5212.327" Y="-2376.226" Z="1511.261" />
    <Hotspot X="5164.986" Y="-2391.929" Z="1507.765" />
    <Hotspot X="5146.006" Y="-2398.225" Z="1506.363" />
    <Hotspot X="5122.211" Y="-2354.953" Z="1498.529" />
    <Hotspot X="5093.657" Y="-2303.027" Z="1489.13" />
    <Hotspot X="5069.862" Y="-2259.756" Z="1481.297" />
    <Hotspot X="5047.478" Y="-2219.051" Z="1473.928" />
    <Hotspot X="5053.082" Y="-2170.031" Z="1467.163" />
    <Hotspot X="5058.686" Y="-2121.011" Z="1458.402" />
    <Hotspot X="5064.289" Y="-2071.991" Z="1449.641" />
    <Hotspot X="5064.466" Y="-2070.447" Z="1449.365" />
    <Hotspot X="5025.754" Y="-2039.386" Z="1455.421" />
    <Hotspot X="4987.042" Y="-2008.326" Z="1461.477" />
    <Hotspot X="4975.564" Y="-1999.117" Z="1463.273" />
    <Hotspot X="5104.641" Y="-2013.853" Z="1463.353" />
    <Hotspot X="5113.163" Y="-2014.826" Z="1458.25" />
    <Hotspot X="5129.021" Y="-2048.161" Z="1446.272" />
    <Hotspot X="5144.878" Y="-2081.495" Z="1400.565" />
    <Hotspot X="5157.801" Y="-2108.659" Z="1363.318" />
    <Hotspot X="5208.23" Y="-2089.304" Z="1353" />
    <Hotspot X="5225.281" Y="-2082.76" Z="1349.46" />
    <Hotspot X="5243.681" Y="-2128.998" Z="1344.619" />
    <Hotspot X="5262.082" Y="-2175.236" Z="1340.728" />
    <Hotspot X="5267.183" Y="-2188.056" Z="1338.435" />
    <Hotspot X="5295.795" Y="-2136.656" Z="1350.242" />
    <Hotspot X="5319.639" Y="-2093.823" Z="1360.081" />
    <Hotspot X="5343.482" Y="-2050.99" Z="1369.92" />
    <Hotspot X="5348.723" Y="-2041.575" Z="1372.083" />
    <Hotspot X="5293.432" Y="-2007.4" Z="1375.334" />
    <Hotspot X="5264.918" Y="-1989.776" Z="1372.03" />
    <Hotspot X="5224.732" Y="-1975.742" Z="1445.209" />
    <Hotspot X="5191.244" Y="-1964.047" Z="1456.098" />
    <Hotspot X="5182.246" Y="-1960.904" Z="1459.024" />
    <Hotspot X="5224.24" Y="-1936.208" Z="1447.775" />
    <Hotspot X="5266.235" Y="-1911.511" Z="1436.526" />
    <Hotspot X="5297.761" Y="-1892.971" Z="1428.081" />
    <Hotspot X="5299.727" Y="-1788.184" Z="1529.047" />
    <Hotspot X="5300.663" Y="-1738.285" Z="1529.693" />
    <Hotspot X="5301.599" Y="-1688.386" Z="1530.34" />
    <Hotspot X="5303.19" Y="-1603.558" Z="1531.439" />
    <Hotspot X="5304.127" Y="-1553.66" Z="1475.689" />
    <Hotspot X="5304.556" Y="-1530.801" Z="1450.15" />
    <Hotspot X="5296.913" Y="-1481.389" Z="1450.112" />
    <Hotspot X="5291.815" Y="-1448.432" Z="1450.086" />
    <Hotspot X="5248.553" Y="-1471.933" Z="1441.363" />
    <Hotspot X="5205.291" Y="-1495.433" Z="1432.793" />
    <Hotspot X="5200.366" Y="-1498.108" Z="1431.647" />
    <Hotspot X="5203.762" Y="-1448.359" Z="1435.319" />
    <Hotspot X="5207.157" Y="-1398.61" Z="1438.991" />
    <Hotspot X="5207.727" Y="-1390.264" Z="1439.607" />
    <Hotspot X="5171.23" Y="-1356.089" Z="1439.465" />
    <Hotspot X="5147.421" Y="-1333.795" Z="1439.372" />
    <Hotspot X="5114.489" Y="-1370.718" Z="1432.148" />
    <Hotspot X="5081.557" Y="-1407.641" Z="1424.925" />
    <Hotspot X="5048.625" Y="-1444.563" Z="1417.702" />
    <Hotspot X="5027.376" Y="-1468.387" Z="1413.041" />
    <Hotspot X="5051.281" Y="-1512.155" Z="1417.868" />
    <Hotspot X="5075.185" Y="-1555.922" Z="1420.439" />
    <Hotspot X="5076.074" Y="-1557.55" Z="1420.387" />
    <Hotspot X="5032.605" Y="-1581.734" Z="1415.328" />
    <Hotspot X="4989.136" Y="-1605.918" Z="1411.434" />
    <Hotspot X="4945.667" Y="-1630.102" Z="1407.541" />
    <Hotspot X="4902.198" Y="-1654.286" Z="1403.647" />
    <Hotspot X="4890.627" Y="-1660.724" Z="1398.805" />
    <Hotspot X="4888.092" Y="-1611.315" Z="1406.04" />
    <Hotspot X="4885.558" Y="-1561.906" Z="1413.669" />
    <Hotspot X="4883.266" Y="-1517.215" Z="1419.819" />
    <Hotspot X="4834.524" Y="-1539.344" Z="1408.498" />
    <Hotspot X="4790.213" Y="-1559.462" Z="1396.24" />
    <Hotspot X="4759.823" Y="-1573.26" Z="1387.834" />
    <Hotspot X="4715.146" Y="-1611.574" Z="1376.174" />
    <Hotspot X="4677.916" Y="-1643.504" Z="1367.562" />
    <Hotspot X="4669.223" Y="-1650.958" Z="1364.189" />
    <Hotspot X="4629.045" Y="-1680.454" Z="1365.581" />
    <Hotspot X="4584.849" Y="-1712.9" Z="1358.434" />
    <Hotspot X="4573.681" Y="-1721.099" Z="1354.766" />
    <Hotspot X="4558.077" Y="-1767.68" Z="1345.453" />
    <Hotspot X="4542.472" Y="-1814.261" Z="1338.149" />
    <Hotspot X="4535.022" Y="-1836.501" Z="1331.693" />
    <Hotspot X="4507.799" Y="-1877.505" Z="1322.886" />
    <Hotspot X="4480.575" Y="-1918.509" Z="1314.079" />
    <Hotspot X="4470.469" Y="-1933.731" Z="1310.81" />
    <Hotspot X="4453.834" Y="-1979.903" Z="1301.248" />
    <Hotspot X="4438.193" Y="-2023.318" Z="1292.258" />
    <Hotspot X="4482.646" Y="-2062.167" Z="1286.154" />
    <Hotspot X="4519.69" Y="-2094.541" Z="1272.7" />
    <Hotspot X="4520.299" Y="-2095.073" Z="1272.479" />
    <Hotspot X="4570.22" Y="-2093.804" Z="1295.529" />
    <Hotspot X="4615.602" Y="-2092.65" Z="1318.883" />
    <Hotspot X="4620.526" Y="-2092.525" Z="1318.758" />
    <Hotspot X="4708.785" Y="-2087.01" Z="1302.027" />
    <Hotspot X="4729.246" Y="-2085.732" Z="1298.148" />
    <Hotspot X="4664.763" Y="-2149.115" Z="1235.503" />
    <Hotspot X="4661.862" Y="-2151.967" Z="1232.685" />
    <Hotspot X="4608.17" Y="-2187.367" Z="1242.121" />
    <Hotspot X="4596.177" Y="-2195.274" Z="1244.229" />
    <Hotspot X="4590.089" Y="-2244.2" Z="1269.986" />
    <Hotspot X="4583.392" Y="-2298.019" Z="1246.57" />
    <Hotspot X="4577.304" Y="-2346.945" Z="1225.284" />
    <Hotspot X="4574.093" Y="-2372.75" Z="1214.056" />
    <Hotspot X="4525.557" Y="-2384.743" Z="1214.521" />
    <Hotspot X="4477.021" Y="-2396.737" Z="1212.911" />
    <Hotspot X="4474.433" Y="-2397.376" Z="1212.785" />
    <Hotspot X="4450.95" Y="-2322.752" Z="1196.058" />
    <Hotspot X="4450.651" Y="-2321.8" Z="1195.845" />
    <Hotspot X="4403.335" Y="-2327.947" Z="1231.429" />
    <Hotspot X="4356.021" Y="-2334.094" Z="1232.729" />
    <Hotspot X="4336.268" Y="-2336.66" Z="1231.984" />
    <Hotspot X="4354.222" Y="-2382.384" Z="1228.506" />
    <Hotspot X="4369.111" Y="-2420.303" Z="1214.92" />
    <Hotspot X="4397.796" Y="-2472.917" Z="1211.926" />
    <Hotspot X="4421.701" Y="-2516.762" Z="1209.43" />
    <Hotspot X="4442.723" Y="-2555.321" Z="1207.236" />
    <Hotspot X="4394.396" Y="-2567.674" Z="1203.799" />
    <Hotspot X="4346.067" Y="-2580.028" Z="1200.363" />
    <Hotspot X="4343.063" Y="-2580.796" Z="1200.149" />
    <Hotspot X="4373.897" Y="-2638.017" Z="1203.121" />
    <Hotspot X="4388.363" Y="-2664.863" Z="1199.995" />
    <Hotspot X="4437.64" Y="-2671.894" Z="1195.268" />
    <Hotspot X="4486.917" Y="-2678.924" Z="1190.54" />
    <Hotspot X="4523.356" Y="-2684.123" Z="1187.044" />
    <Hotspot X="4569.285" Y="-2693.375" Z="1214.817" />
    <Hotspot X="4615.213" Y="-2702.627" Z="1223.52" />
    <Hotspot X="4621.658" Y="-2703.925" Z="1224.421" />
    <Hotspot X="4664.237" Y="-2679.98" Z="1235.084" />
    <Hotspot X="4706.816" Y="-2656.036" Z="1245.748" />
    <Hotspot X="4734.908" Y="-2640.238" Z="1252.783" />
    <Hotspot X="4688.164" Y="-2629.284" Z="1238.818" />
    <Hotspot X="4641.419" Y="-2618.332" Z="1224.854" />
    <Hotspot X="4608.068" Y="-2610.517" Z="1214.891" />
    <Hotspot X="4577.626" Y="-2570.852" Z="1215.042" />
    <Hotspot X="4547.185" Y="-2531.188" Z="1215.194" />
    <Hotspot X="4538.986" Y="-2520.505" Z="1215.235" />
    <Hotspot X="4587.008" Y="-2507.291" Z="1219.622" />
    <Hotspot X="4635.03" Y="-2494.077" Z="1224.01" />
    <Hotspot X="4662.428" Y="-2486.538" Z="1226.513" />
    <Hotspot X="4711.787" Y="-2487.001" Z="1234.484" />
    <Hotspot X="4753.028" Y="-2487.387" Z="1241.143" />
    <Hotspot X="4716.548" Y="-2453.196" Z="1241.54" />
    <Hotspot X="4680.068" Y="-2419.005" Z="1241.936" />
    <Hotspot X="4648.838" Y="-2389.733" Z="1242.275" />
    <Hotspot X="4689.674" Y="-2362.431" Z="1251.601" />
    <Hotspot X="4716.788" Y="-2344.303" Z="1257.793" />
    <Hotspot X="4726.134" Y="-2295.606" Z="1264.41" />
    <Hotspot X="4735.481" Y="-2246.91" Z="1270.694" />
    <Hotspot X="4738.872" Y="-2229.241" Z="1272.975" />
    <Hotspot X="4772.276" Y="-2251.282" Z="1302.947" />
    <Hotspot X="4825.723" Y="-2286.548" Z="1362.462" />
    <Hotspot X="4859.127" Y="-2308.59" Z="1399.659" />
    <Hotspot X="4880.435" Y="-2322.649" Z="1399.994" />
    <Hotspot X="4920.017" Y="-2450.115" Z="1521.614" />
    <Hotspot X="4932.386" Y="-2489.948" Z="1520.131" />
    <Hotspot X="4934.228" Y="-2495.879" Z="1519.91" />
    <Hotspot X="4947.747" Y="-2543.745" Z="1514.8" />
    <Hotspot X="4961.265" Y="-2591.611" Z="1509.691" />
    <Hotspot X="4974.783" Y="-2639.477" Z="1504.582" />
    <Hotspot X="4974.998" Y="-2640.238" Z="1504.501" />
    <Hotspot X="4980.545" Y="-2689.826" Z="1508.759" />
    <Hotspot X="4986.092" Y="-2739.415" Z="1512.361" />
    <Hotspot X="4989.721" Y="-2771.858" Z="1512.971" />
    <Hotspot X="4961.872" Y="-2793.895" Z="1518.059" />
    <Hotspot X="4934.023" Y="-2815.931" Z="1589.937" />
    <Hotspot X="4906.175" Y="-2837.968" Z="1661.816" />
    <Hotspot X="4878.327" Y="-2860.005" Z="1733.693" />
    <Hotspot X="4750.223" Y="-2961.373" Z="1291.005" />
    <Hotspot X="4719.59" Y="-2985.614" Z="1185.145" />
    <Hotspot X="4713.391" Y="-2990.519" Z="1163.723" />
    <Hotspot X="4670.187" Y="-3013.694" Z="1154.773" />
    <Hotspot X="4639.778" Y="-3030.005" Z="1146.996" />
    <Hotspot X="4595.228" Y="-3050.006" Z="1112.136" />
    <Hotspot X="4558.103" Y="-3066.674" Z="1083.086" />
    <Hotspot X="4548.045" Y="-3071.189" Z="1075.216" />
    <Hotspot X="4550.988" Y="-3126.109" Z="1079.656" />
    <Hotspot X="4551.913" Y="-3143.369" Z="1075.715" />
    <Hotspot X="4556.759" Y="-3207.796" Z="1099.662" />
    <Hotspot X="4560.486" Y="-3257.355" Z="1088.386" />
    <Hotspot X="4560.503" Y="-3257.582" Z="1088.335" />
    <Hotspot X="4547.879" Y="-3305.96" Z="1090.106" />
    <Hotspot X="4540.118" Y="-3335.705" Z="1087.596" />
    <Hotspot X="4460.609" Y="-3309.995" Z="1217.167" />
    <Hotspot X="4409.162" Y="-3293.359" Z="1169.559" />
    <Hotspot X="4358.918" Y="-3277.112" Z="1123.066" />
    <Hotspot X="4315.687" Y="-3252.555" Z="1117.771" />
    <Hotspot X="4284.173" Y="-3234.654" Z="1113.912" />
    <Hotspot X="4276.979" Y="-3283.777" Z="1107.98" />
    <Hotspot X="4269.786" Y="-3332.9" Z="1102.048" />
    <Hotspot X="4268.318" Y="-3342.923" Z="1100.838" />
    <Hotspot X="4292.295" Y="-3386.798" Z="1100.605" />
    <Hotspot X="4315.883" Y="-3429.962" Z="1100.376" />
    <Hotspot X="4266.721" Y="-3421.186" Z="1101.286" />
    <Hotspot X="4217.558" Y="-3412.409" Z="1100.56" />
    <Hotspot X="4173.188" Y="-3404.488" Z="1093.263" />
    <Hotspot X="4153.064" Y="-3450.259" Z="1093.189" />
    <Hotspot X="4139.213" Y="-3481.761" Z="1093.139" />
    <Hotspot X="4149.928" Y="-3535.703" Z="1092.413" />
    <Hotspot X="4155.068" Y="-3561.583" Z="1092.065" />
    <Hotspot X="4180.339" Y="-3604.217" Z="1099.103" />
    <Hotspot X="4205.61" Y="-3646.851" Z="1133.777" />
    <Hotspot X="4258.678" Y="-3736.382" Z="1092.893" />
    <Hotspot X="4283.949" Y="-3779.016" Z="1073.424" />
    <Hotspot X="4309.219" Y="-3821.65" Z="1053.955" />
    <Hotspot X="4313.618" Y="-3829.071" Z="1050.566" />
    <Hotspot X="4271.156" Y="-3855.472" Z="1050.557" />
    <Hotspot X="4228.695" Y="-3881.873" Z="1059.538" />
    <Hotspot X="4186.233" Y="-3908.273" Z="1056.876" />
    <Hotspot X="4143.771" Y="-3934.674" Z="1054.215" />
    <Hotspot X="4101.309" Y="-3961.075" Z="1051.553" />
    <Hotspot X="4084.853" Y="-3971.306" Z="1050.522" />
    <Hotspot X="4134.827" Y="-3969.7" Z="1050.306" />
    <Hotspot X="4184.801" Y="-3968.094" Z="1050.091" />
    <Hotspot X="4234.774" Y="-3966.489" Z="1049.876" />
    <Hotspot X="4243.403" Y="-3966.211" Z="1049.839" />
    <Hotspot X="4293.58" Y="-3988.221" Z="1057.991" />
    <Hotspot X="4339.194" Y="-4008.229" Z="1059.914" />
    <Hotspot X="4356.653" Y="-4015.887" Z="1060.649" />
    <Hotspot X="4337.791" Y="-4061.853" Z="1058.84" />
    <Hotspot X="4311.383" Y="-4126.206" Z="1051.064" />
    <Hotspot X="4306.823" Y="-4137.318" Z="1045.859" />
    <Hotspot X="4259.253" Y="-4145.981" Z="1058.59" />
    <Hotspot X="4227.548" Y="-4151.754" Z="1067.075" />
    <Hotspot X="4266.218" Y="-4184.874" Z="1076.985" />
    <Hotspot X="4354.105" Y="-4260.146" Z="1000.591" />
    <Hotspot X="4358.918" Y="-4264.269" Z="996.4072" />
    <Hotspot X="4348.604" Y="-4312.607" Z="988.856" />
    <Hotspot X="4340.798" Y="-4349.185" Z="983.1418" />
    <Hotspot X="4346.551" Y="-4398.792" Z="980.6703" />
    <Hotspot X="4352.123" Y="-4446.839" Z="978.2766" />
    <Hotspot X="4373.157" Y="-4492.051" Z="978.1994" />
    <Hotspot X="4386.098" Y="-4519.868" Z="972.3519" />
    <Hotspot X="4433.569" Y="-4535.193" Z="968.9451" />
    <Hotspot X="4481.041" Y="-4550.519" Z="965.5384" />
    <Hotspot X="4508.408" Y="-4559.354" Z="963.5743" />
    <Hotspot X="4500.481" Y="-4510.913" Z="973.0946" />
    <Hotspot X="4492.554" Y="-4462.472" Z="982.6149" />
    <Hotspot X="4489.837" Y="-4445.872" Z="985.8774" />
    <Hotspot X="4558.555" Y="-4455.806" Z="976.9771" />
    <Hotspot X="4607.639" Y="-4462.901" Z="970.6198" />
    <Hotspot X="4637.513" Y="-4467.22" Z="966.7505" />
    <Hotspot X="4650.897" Y="-4541.003" Z="968.0979" />
    <Hotspot X="4663.39" Y="-4609.868" Z="973.9162" />
    <Hotspot X="4665.163" Y="-4619.645" Z="969.534" />
    <Hotspot X="4693.607" Y="-4660.716" Z="967.5199" />
    <Hotspot X="4722.052" Y="-4701.788" Z="965.5057" />
    <Hotspot X="4743.968" Y="-4733.434" Z="963.9539" />
    <Hotspot X="4773.281" Y="-4693.545" Z="958.2831" />
    <Hotspot X="4802.593" Y="-4653.658" Z="949.9592" />
    <Hotspot X="4805.123" Y="-4650.215" Z="949.2408" />
    <Hotspot X="4819.647" Y="-4602.842" Z="955.9388" />
    <Hotspot X="4838.528" Y="-4541.257" Z="965.108" />
    <Hotspot X="4839.098" Y="-4539.399" Z="964.9089" />
    <Hotspot X="4805.636" Y="-4495.918" Z="1020.049" />
    <Hotspot X="4760.005" Y="-4436.626" Z="989.9094" />
    <Hotspot X="4739.438" Y="-4409.901" Z="976.3243" />
    <Hotspot X="4756.015" Y="-4336.774" Z="974.7042" />
    <Hotspot X="4767.066" Y="-4288.022" Z="974.1004" />
    <Hotspot X="4773.413" Y="-4260.023" Z="973.0038" />
    <Hotspot X="4727.894" Y="-4280.462" Z="978.7587" />
    <Hotspot X="4682.374" Y="-4300.901" Z="980.8807" />
    <Hotspot X="4676.018" Y="-4303.755" Z="979.8477" />
    <Hotspot X="4629.535" Y="-4285.411" Z="983.1494" />
    <Hotspot X="4589.948" Y="-4269.789" Z="982.9703" />
    <Hotspot X="4555.315" Y="-4233.794" Z="986.545" />
    <Hotspot X="4531.528" Y="-4209.073" Z="986.7393" />
    <Hotspot X="4504.168" Y="-4250.921" Z="986.5192" />
    <Hotspot X="4476.808" Y="-4292.77" Z="987.0526" />
    <Hotspot X="4469.903" Y="-4303.331" Z="985.9311" />
    <Hotspot X="4434.806" Y="-4233.024" Z="1000.939" />
    <Hotspot X="4412.871" Y="-4189.083" Z="1010.319" />
    <Hotspot X="4406.953" Y="-4177.229" Z="1012.85" />
    <Hotspot X="4414.628" Y="-4128.306" Z="1024.098" />
    <Hotspot X="4422.303" Y="-4079.382" Z="1030.589" />
    <Hotspot X="4426.868" Y="-4050.279" Z="1030.75" />
    <Hotspot X="4476.42" Y="-4053.487" Z="1024.891" />
    <Hotspot X="4530.927" Y="-4057.017" Z="1018.446" />
    <Hotspot X="4551.443" Y="-4058.346" Z="1016.02" />
    <Hotspot X="4580.612" Y="-4011.809" Z="1067.352" />
    <Hotspot X="4609.781" Y="-3965.272" Z="1084.043" />
    <Hotspot X="4644.253" Y="-3910.274" Z="1038.304" />
    <Hotspot X="4653.368" Y="-3895.73" Z="1026.21" />
    <Hotspot X="4697.132" Y="-3855.505" Z="1037.584" />
    <Hotspot X="4733.602" Y="-3821.985" Z="1082.389" />
    <Hotspot X="4769.557" Y="-3788.936" Z="1047.891" />
    <Hotspot X="4720.841" Y="-3789.829" Z="1040.519" />
    <Hotspot X="4672.125" Y="-3790.722" Z="1025.958" />
    <Hotspot X="4664.693" Y="-3790.858" Z="1023.737" />
    <Hotspot X="4639.795" Y="-3748.158" Z="1031.272" />
    <Hotspot X="4614.896" Y="-3705.458" Z="1038.806" />
    <Hotspot X="4606.216" Y="-3690.572" Z="1041.433" />
    <Hotspot X="4653.759" Y="-3676.475" Z="1047.831" />
    <Hotspot X="4701.302" Y="-3662.379" Z="1054.228" />
    <Hotspot X="4732.231" Y="-3653.208" Z="1058.39" />
    <Hotspot X="4691.536" Y="-3624.182" Z="1059.564" />
    <Hotspot X="4650.841" Y="-3595.156" Z="1060.738" />
    <Hotspot X="4645.441" Y="-3591.304" Z="1060.894" />
    <Hotspot X="4597.205" Y="-3578.437" Z="1063.665" />
    <Hotspot X="4548.968" Y="-3565.569" Z="1066.436" />
    <Hotspot X="4527.661" Y="-3559.885" Z="1067.66" />
    <Hotspot X="4507.242" Y="-3517.165" Z="1085.824" />
    <Hotspot X="4492.553" Y="-3486.432" Z="1095.283" />
    <Hotspot X="4539.175" Y="-3469.218" Z="1089.797" />
    <Hotspot X="4567.298" Y="-3458.834" Z="1086.488" />
    <Hotspot X="4617.369" Y="-3427.981" Z="1098.359" />
    <Hotspot X="4659.096" Y="-3402.27" Z="1108.252" />
    <Hotspot X="4681.681" Y="-3388.354" Z="1113.607" />
    <Hotspot X="4686.06" Y="-3338.552" Z="1114.432" />
    <Hotspot X="4688.476" Y="-3311.079" Z="1114.887" />
    <Hotspot X="4696" Y="-3262.277" Z="1122.744" />
    <Hotspot X="4699.801" Y="-3237.626" Z="1126.713" />
    <Hotspot X="4713.151" Y="-3190.479" Z="1142.193" />
    <Hotspot X="4726.502" Y="-3143.332" Z="1148.743" />
    <Hotspot X="4734.908" Y="-3113.648" Z="1152.866" />
    <Hotspot X="4763.544" Y="-3125.704" Z="1192.041" />
    <Hotspot X="4855.18" Y="-3164.285" Z="1477.97" />
    <Hotspot X="4986.906" Y="-3219.744" Z="1888.996" />
    <Hotspot X="5018.406" Y="-3233.006" Z="1913.323" />
    <Hotspot X="5147.268" Y="-3287.26" Z="1746.759" />
    <Hotspot X="5158.463" Y="-3291.973" Z="1732.289" />
    <Hotspot X="5131.133" Y="-3332.768" Z="1722.861" />
    <Hotspot X="5103.804" Y="-3373.563" Z="1713.434" />
    <Hotspot X="5097.308" Y="-3383.258" Z="1711.193" />
    <Hotspot X="5116.347" Y="-3428.555" Z="1701.935" />
    <Hotspot X="5135.385" Y="-3473.852" Z="1692.677" />
    <Hotspot X="5154.424" Y="-3519.149" Z="1683.419" />
    <Hotspot X="5156.198" Y="-3523.371" Z="1682.556" />
    <Hotspot X="5165.193" Y="-3518.365" Z="1731.485" />
    <Hotspot X="5174.188" Y="-3513.359" Z="1787.714" />
    <Hotspot X="5183.184" Y="-3508.353" Z="1843.943" />
    <Hotspot X="5192.179" Y="-3503.347" Z="1900.172" />
    <Hotspot X="5201.174" Y="-3498.342" Z="1956.404" />
    <Hotspot X="5210.169" Y="-3493.336" Z="2012.633" />
    <Hotspot X="5219.165" Y="-3488.33" Z="2068.863" />
    <Hotspot X="5228.16" Y="-3483.324" Z="2125.092" />
    <Hotspot X="5237.155" Y="-3478.318" Z="2181.321" />
    <Hotspot X="5246.15" Y="-3473.312" Z="2237.55" />
    <Hotspot X="5255.145" Y="-3468.306" Z="2293.779" />
    <Hotspot X="5264.14" Y="-3463.301" Z="2350.009" />
    <Hotspot X="5273.135" Y="-3458.295" Z="2406.238" />
    <Hotspot X="5282.13" Y="-3453.289" Z="2462.467" />
    <Hotspot X="5291.126" Y="-3448.283" Z="2467.63" />
    <Hotspot X="5300.121" Y="-3443.277" Z="2471.716" />
    <Hotspot X="5301.158" Y="-3442.7" Z="2471.059" />
    <Hotspot X="5312.643" Y="-3461.938" Z="2457.912" />
    <Hotspot X="5324.128" Y="-3481.177" Z="2441.343" />
    <Hotspot X="5335.612" Y="-3500.415" Z="2373.992" />
    <Hotspot X="5347.097" Y="-3519.653" Z="2306.64" />
    <Hotspot X="5354.386" Y="-3531.862" Z="2263.897" />
    <Hotspot X="5349.001" Y="-3539.172" Z="2214.729" />
    <Hotspot X="5343.616" Y="-3546.481" Z="2284.213" />
    <Hotspot X="5338.231" Y="-3553.791" Z="2285.574" />
    <Hotspot X="5332.846" Y="-3561.101" Z="2286.935" />
    <Hotspot X="5327.461" Y="-3568.41" Z="2288.297" />
    <Hotspot X="5322.076" Y="-3575.72" Z="2289.658" />
    <Hotspot X="5316.691" Y="-3583.03" Z="2291.02" />
    <Hotspot X="5311.307" Y="-3590.339" Z="2292.381" />
    <Hotspot X="5305.922" Y="-3597.649" Z="2293.742" />
    <Hotspot X="5300.537" Y="-3604.958" Z="2096.865" />
    <Hotspot X="5295.152" Y="-3612.268" Z="1899.993" />
    <Hotspot X="5289.767" Y="-3619.577" Z="1703.122" />
    <Hotspot X="5288.701" Y="-3621.025" Z="1664.134" />
    <Hotspot X="5282.313" Y="-3670.115" Z="1673.59" />
    <Hotspot X="5277.375" Y="-3708.065" Z="1676.59" />
    <Hotspot X="5315.938" Y="-3738.547" Z="1693.355" />
    <Hotspot X="5354.5" Y="-3769.03" Z="2318.367" />
    <Hotspot X="5371.373" Y="-3782.367" Z="1698.896" />
    <Hotspot X="5423.82" Y="-3797.263" Z="1691.659" />
    <Hotspot X="5471.5" Y="-3810.805" Z="2335.53" />
    <Hotspot X="5519.179" Y="-3824.347" Z="1700.69" />
    <Hotspot X="5520.863" Y="-3824.825" Z="1678.267" />
    <Hotspot X="5561.929" Y="-3796.314" Z="1677.39" />
    <Hotspot X="5602.994" Y="-3767.803" Z="1676.513" />
    <Hotspot X="5644.06" Y="-3739.293" Z="1675.637" />
    <Hotspot X="5673.75" Y="-3718.679" Z="1675.003" />
    <Hotspot X="5663.837" Y="-3669.832" Z="1671.049" />
    <Hotspot X="5653.923" Y="-3620.984" Z="1743.784" />
    <Hotspot X="5644.01" Y="-3572.136" Z="1701.453" />
    <Hotspot X="5634.113" Y="-3523.371" Z="1659.192" />
    <Hotspot X="5610.355" Y="-3496.353" Z="1770.566" />
    <Hotspot X="5586.597" Y="-3469.335" Z="1967.166" />
    <Hotspot X="5562.839" Y="-3442.317" Z="2163.764" />
    <Hotspot X="5539.082" Y="-3415.299" Z="1888.13" />
    <Hotspot X="5532.188" Y="-3407.459" Z="1808.153" />
    <Hotspot X="5487.006" Y="-3386.084" Z="1806.857" />
    <Hotspot X="5441.824" Y="-3364.708" Z="2127.081" />
    <Hotspot X="5396.642" Y="-3343.333" Z="1980.364" />
    <Hotspot X="5351.46" Y="-3321.958" Z="1833.647" />
    <Hotspot X="5341.928" Y="-3317.448" Z="1802.695" />
    <Hotspot X="5333.463" Y="-3249.566" Z="1752.244" />
    <Hotspot X="5328.483" Y="-3209.635" Z="1722.566" />
    <Hotspot X="5323.006" Y="-3165.712" Z="1689.921" />
    <Hotspot X="5321.543" Y="-3153.983" Z="1681.204" />
    <Hotspot X="5286.338" Y="-3118.85" Z="1676.079" />
    <Hotspot X="5251.133" Y="-3083.717" Z="1670.954" />
    <Hotspot X="5215.928" Y="-3048.584" Z="1665.829" />
    <Hotspot X="5180.723" Y="-3013.451" Z="1660.704" />
    <Hotspot X="5164.125" Y="-2996.887" Z="1658.288" />
    <Hotspot X="5186.902" Y="-2953.73" Z="1647.396" />
    <Hotspot X="5206.028" Y="-2917.49" Z="1638.251" />
    <Hotspot X="5224.317" Y="-2871.859" Z="1631.154" />
    <Hotspot X="5238.871" Y="-2835.546" Z="1621.864" />
    <Hotspot X="5246.195" Y="-2787.893" Z="1610.238" />
    <Hotspot X="5254.252" Y="-2735.476" Z="1594.565" />
    <Hotspot X="5258.123" Y="-2710.294" Z="1587.035" />
    <Hotspot X="5269.918" Y="-2630.896" Z="1555.018" />
    <Hotspot X="5319.387" Y="-2623.632" Z="1555.011" />
    <Hotspot X="5356.65" Y="-2618.159" Z="1555.006" />
    <Hotspot X="5377.141" Y="-2661.868" Z="1568.033" />
    <Hotspot X="5401.73" Y="-2714.318" Z="1596.49" />
    <Hotspot X="5422.221" Y="-2758.027" Z="1596.763" />
    <Hotspot X="5422.335" Y="-2758.271" Z="1596.764" />
    <Hotspot X="5460.035" Y="-2791.091" Z="1597.174" />
    <Hotspot X="5489.153" Y="-2816.439" Z="1594.483" />
    <Hotspot X="5449.734" Y="-2846.396" Z="1601.464" />
    <Hotspot X="5410.315" Y="-2876.353" Z="1608.445" />
    <Hotspot X="5405.348" Y="-2880.127" Z="1609.324" />
    <Hotspot X="5394.439" Y="-2927.842" Z="1619.965" />
    <Hotspot X="5383.53" Y="-2975.556" Z="1630.474" />
    <Hotspot X="5381.565" Y="-2984.15" Z="1631.593" />
    <Hotspot X="5426.578" Y="-3005.913" Z="1634.844" />
    <Hotspot X="5471.591" Y="-3027.677" Z="1631.214" />
    <Hotspot X="5477.108" Y="-3030.344" Z="1630.618" />
    <Hotspot X="5520.062" Y="-3051.383" Z="1645.189" />
    <Hotspot X="5560.5" Y="-3071.189" Z="1658.906" />
    <Hotspot X="5567.826" Y="-3120.077" Z="1651.4" />
    <Hotspot X="5571.826" Y="-3146.765" Z="1647.302" />
    <Hotspot X="5599.31" Y="-3182.538" Z="1679.508" />
    <Hotspot X="5626.794" Y="-3218.311" Z="1716.876" />
    <Hotspot X="5631.848" Y="-3224.889" Z="1716.014" />
    <Hotspot X="5668.625" Y="-3270.849" Z="1704.389" />
    <Hotspot X="5672.618" Y="-3275.839" Z="1703.127" />
    <Hotspot X="5701.222" Y="-3315.809" Z="1693.948" />
    <Hotspot X="5729.825" Y="-3355.779" Z="1684.771" />
    <Hotspot X="5750.098" Y="-3384.107" Z="1678.266" />
    <Hotspot X="5742.581" Y="-3334.809" Z="1682.217" />
    <Hotspot X="5734.312" Y="-3280.581" Z="1730.816" />
    <Hotspot X="5725.292" Y="-3221.423" Z="1783.834" />
    <Hotspot X="5717.774" Y="-3172.125" Z="1726.434" />
    <Hotspot X="5709.506" Y="-3117.897" Z="1663.295" />
    <Hotspot X="5708.858" Y="-3113.648" Z="1658.347" />
    <Hotspot X="5677.969" Y="-3075.243" Z="1649.922" />
    <Hotspot X="5647.081" Y="-3036.839" Z="1644.745" />
    <Hotspot X="5616.192" Y="-2998.434" Z="1639.569" />
    <Hotspot X="5597.873" Y="-2975.658" Z="1628.075" />
    <Hotspot X="5645.032" Y="-2959.682" Z="1632.639" />
    <Hotspot X="5691.871" Y="-2943.814" Z="1637.173" />
    <Hotspot X="5673.409" Y="-2899.153" Z="1636.806" />
    <Hotspot X="5649.41" Y="-2841.092" Z="1612.938" />
    <Hotspot X="5631.848" Y="-2798.607" Z="1595.472" />
    <Hotspot X="5624.064" Y="-2729.782" Z="1585.347" />
    <Hotspot X="5618.504" Y="-2680.621" Z="1578.582" />
    <Hotspot X="5618.258" Y="-2678.45" Z="1577.796" />
    <Hotspot X="5615.004" Y="-2613.54" Z="1578.852" />
    <Hotspot X="5609.747" Y="-2508.686" Z="1582.353" />
    <Hotspot X="5607.243" Y="-2458.755" Z="1581.567" />
    <Hotspot X="5606.933" Y="-2452.572" Z="1581.47" />
    <Hotspot X="5559.195" Y="-2449.521" Z="1566.917" />
    <Hotspot X="5511.457" Y="-2446.47" Z="1552.365" />
    <Hotspot X="5507.273" Y="-2446.203" Z="1551.09" />
    <Hotspot X="5457.866" Y="-2438.547" Z="1550.537" />
    <Hotspot X="5422.335" Y="-2433.041" Z="1550.139" />
    <Hotspot X="5455.027" Y="-2395.384" Z="1553.778" />
    <Hotspot X="5487.719" Y="-2357.728" Z="1557.417" />
    <Hotspot X="5517.878" Y="-2322.989" Z="1560.774" />
  </Hotspots>
</HBProfile>
