<HBProfile>
  <Name></Name>
  <MinDurability>0.4</MinDurability>
  <MinFreeBagSlots>1</MinFreeBagSlots>
  
  <MinLevel>1</MinLevel>
  <MaxLevel>86</MaxLevel>
  <Factions>99999</Factions>
  
  <MailGrey>False</MailGrey>
  <MailWhite>True</MailWhite>
  <MailGreen>True</MailGreen>
  <MailBlue>True</MailBlue>
  <MailPurple>True</MailPurple>
 
  <SellGrey>True</SellGrey>
  <SellWhite>True</SellWhite>
  <SellGreen>False</SellGreen>
  <SellBlue>False</SellBlue>
  <SellPurple>False</SellPurple>

	<Vendors>

	</Vendors>
	
	<Mailboxes>

	</Mailboxes>

  <Hotspots>
    <Hotspot X="-650.4312" Y="4409.572" Z="178.0706" />
    <Hotspot X="-647.2022" Y="4365.182" Z="155.2873" />
    <Hotspot X="-644.2325" Y="4324.356" Z="134.3336" />
    <Hotspot X="-597.7267" Y="4306.128" Z="132.1134" />
    <Hotspot X="-551.2209" Y="4287.899" Z="129.8931" />
    <Hotspot X="-523.0125" Y="4276.842" Z="128.5464" />
    <Hotspot X="-496.451" Y="4235.75" Z="138.8384" />
    <Hotspot X="-459.2649" Y="4178.221" Z="207.4247" />
    <Hotspot X="-432.7034" Y="4137.129" Z="196.2755" />
    <Hotspot X="-406.1419" Y="4096.037" Z="185.1262" />
    <Hotspot X="-392.15" Y="4074.391" Z="179.253" />
    <Hotspot X="-354.6486" Y="4126.012" Z="283.9036" />
    <Hotspot X="-322.9166" Y="4169.691" Z="244.7259" />
    <Hotspot X="-295.7249" Y="4207.121" Z="211.1537" />
    <Hotspot X="-323.4599" Y="4243.2" Z="190.4411" />
    <Hotspot X="-351.195" Y="4279.28" Z="169.7285" />
    <Hotspot X="-378.9301" Y="4315.36" Z="149.0161" />
    <Hotspot X="-386.64" Y="4325.39" Z="143.2582" />
    <Hotspot X="-431.7545" Y="4346.487" Z="138.8356" />
    <Hotspot X="-476.8691" Y="4367.585" Z="134.4129" />
    <Hotspot X="-514.7474" Y="4385.299" Z="130.6996" />
    <Hotspot X="-484.9772" Y="4425.394" Z="128.663" />
    <Hotspot X="-455.2071" Y="4465.488" Z="126.6861" />
    <Hotspot X="-443.8062" Y="4480.843" Z="124.793" />
    <Hotspot X="-460.1668" Y="4527.918" Z="128.8295" />
    <Hotspot X="-473.4225" Y="4566.059" Z="132.0999" />
    <Hotspot X="-433.1984" Y="4594.591" Z="123.8554" />
    <Hotspot X="-392.9743" Y="4623.122" Z="115.6109" />
    <Hotspot X="-371.4874" Y="4638.363" Z="111.2068" />
    <Hotspot X="-379.7797" Y="4589.849" Z="120.0168" />
    <Hotspot X="-389.7304" Y="4531.632" Z="134.0543" />
    <Hotspot X="-391.2633" Y="4522.664" Z="132.2175" />
    <Hotspot X="-358.9462" Y="4484.552" Z="138.0328" />
    <Hotspot X="-326.629" Y="4446.44" Z="137.0176" />
    <Hotspot X="-316.3875" Y="4434.362" Z="136.2942" />
    <Hotspot X="-268.8996" Y="4449.901" Z="134.4348" />
    <Hotspot X="-221.4117" Y="4465.439" Z="132.5753" />
    <Hotspot X="-173.9238" Y="4480.978" Z="130.7158" />
    <Hotspot X="-126.9812" Y="4496.337" Z="128.8777" />
    <Hotspot X="-72.59309" Y="4501.124" Z="149.2845" />
    <Hotspot X="-23.14934" Y="4505.476" Z="147.9399" />
    <Hotspot X="19.72255" Y="4509.249" Z="146.7741" />
    <Hotspot X="4.811391" Y="4465.241" Z="168.0027" />
    <Hotspot X="-6.803521" Y="4430.961" Z="179.6234" />
    <Hotspot X="-35.47987" Y="4385.2" Z="171.2875" />
    <Hotspot X="-61.54928" Y="4343.599" Z="159.8352" />
    <Hotspot X="-62.92741" Y="4341.4" Z="159.2298" />
    <Hotspot X="-69.03119" Y="4291.817" Z="162.7398" />
    <Hotspot X="-75.13496" Y="4242.234" Z="165.046" />
    <Hotspot X="-81.23873" Y="4192.651" Z="167.3521" />
    <Hotspot X="-83.58996" Y="4173.551" Z="166.2181" />
    <Hotspot X="-66.31424" Y="4126.648" Z="167.5042" />
    <Hotspot X="-49.03852" Y="4079.745" Z="169.2728" />
    <Hotspot X="-31.7628" Y="4032.842" Z="171.0413" />
    <Hotspot X="-23.66872" Y="4010.866" Z="170.6791" />
    <Hotspot X="-71.38567" Y="3996.405" Z="181.3371" />
    <Hotspot X="-119.1026" Y="3981.944" Z="182.6947" />
    <Hotspot X="-166.8196" Y="3967.483" Z="184.0523" />
    <Hotspot X="-188.9687" Y="3960.77" Z="183.624" />
    <Hotspot X="-205.7331" Y="3914.24" Z="176.2847" />
    <Hotspot X="-222.4974" Y="3867.709" Z="168.9454" />
    <Hotspot X="-235.1149" Y="3832.688" Z="163.4216" />
    <Hotspot X="-191.9081" Y="3728.768" Z="141.8621" />
    <Hotspot X="-173.1225" Y="3683.586" Z="131.4153" />
    <Hotspot X="-162.1075" Y="3657.093" Z="123.4778" />
    <Hotspot X="-166.5968" Y="3607.298" Z="122.8518" />
    <Hotspot X="-171.0862" Y="3557.504" Z="129.6956" />
    <Hotspot X="-175.5756" Y="3507.71" Z="136.5394" />
    <Hotspot X="-178.6374" Y="3473.75" Z="121.1728" />
    <Hotspot X="-198.0713" Y="3436.527" Z="156.8298" />
    <Hotspot X="-227.222" Y="3380.692" Z="74.44311" />
    <Hotspot X="-242.0025" Y="3352.382" Z="32.67015" />
    <Hotspot X="-196.4013" Y="3332.16" Z="55.83458" />
    <Hotspot X="-154.9457" Y="3313.776" Z="85.05798" />
    <Hotspot X="-113.895" Y="3295.572" Z="97.74603" />
    <Hotspot X="-177.5101" Y="3244.106" Z="49.48151" />
    <Hotspot X="-210.9917" Y="3217.02" Z="24.07912" />
    <Hotspot X="-238.38" Y="3194.862" Z="3.299767" />
    <Hotspot X="-196.9227" Y="3149.394" Z="36.67559" />
    <Hotspot X="-149.543" Y="3097.431" Z="79.18569" />
    <Hotspot X="-144.2" Y="3091.571" Z="79.12095" />
    <Hotspot X="-118.5044" Y="3049.24" Z="86.03828" />
    <Hotspot X="-92.80887" Y="3006.909" Z="92.9556" />
    <Hotspot X="-67.11333" Y="2964.578" Z="99.87294" />
    <Hotspot X="-53.28495" Y="2941.798" Z="103.5956" />
    <Hotspot X="-95.6038" Y="2958.071" Z="98.41504" />
    <Hotspot X="-137.9226" Y="2974.344" Z="89.75594" />
    <Hotspot X="-180.2415" Y="2990.617" Z="79.03495" />
    <Hotspot X="-214.4524" Y="3003.773" Z="23.3204" />
    <Hotspot X="-215.1929" Y="2953.802" Z="24.86174" />
    <Hotspot X="-215.8299" Y="2910.81" Z="26.18781" />
    <Hotspot X="-196.3954" Y="2878.089" Z="58.61687" />
    <Hotspot X="-175.0174" Y="2842.096" Z="104.3357" />
    <Hotspot X="-166.7499" Y="2828.177" Z="108.0842" />
    <Hotspot X="-173.2501" Y="2773.693" Z="112.8359" />
    <Hotspot X="-179.1593" Y="2724.162" Z="115.6619" />
    <Hotspot X="-182.77" Y="2693.898" Z="117.3887" />
    <Hotspot X="-223.7104" Y="2670.065" Z="101.3916" />
    <Hotspot X="-268.745" Y="2643.85" Z="83.79486" />
    <Hotspot X="-287.4599" Y="2632.956" Z="76.4822" />
    <Hotspot X="-252.8745" Y="2599.458" Z="89.96335" />
    <Hotspot X="-218.2891" Y="2565.96" Z="106.779" />
    <Hotspot X="-183.7037" Y="2532.462" Z="123.5946" />
    <Hotspot X="-171.7499" Y="2520.884" Z="121.5852" />
    <Hotspot X="-141.2086" Y="2482.072" Z="129.3848" />
    <Hotspot X="-110.6673" Y="2443.26" Z="137.1844" />
    <Hotspot X="-100.6299" Y="2430.504" Z="139.7478" />
    <Hotspot X="-147.0056" Y="2434.603" Z="127.4191" />
    <Hotspot X="-188.28" Y="2438.251" Z="105.2848" />
    <Hotspot X="-224.0266" Y="2405.044" Z="116.2165" />
    <Hotspot X="-263.3479" Y="2368.517" Z="131.7743" />
    <Hotspot X="-274.8949" Y="2357.791" Z="131.7725" />
    <Hotspot X="-322.3634" Y="2372.744" Z="126.9616" />
    <Hotspot X="-346.6924" Y="2380.407" Z="124.4959" />
    <Hotspot X="-342.265" Y="2430.206" Z="123.7586" />
    <Hotspot X="-337.8376" Y="2480.004" Z="123.0212" />
    <Hotspot X="-334.2949" Y="2519.851" Z="122.4312" />
    <Hotspot X="-384.2046" Y="2519.183" Z="125.3591" />
    <Hotspot X="-434.1143" Y="2518.515" Z="128.287" />
    <Hotspot X="-450.005" Y="2518.302" Z="129.2192" />
    <Hotspot X="-451.0551" Y="2568.104" Z="136.7152" />
    <Hotspot X="-452.1051" Y="2617.905" Z="141.2664" />
    <Hotspot X="-452.76" Y="2648.966" Z="140.5681" />
    <Hotspot X="-413.0676" Y="2676.635" Z="128.918" />
    <Hotspot X="-373.3751" Y="2704.304" Z="115.3979" />
    <Hotspot X="-372.733" Y="2704.752" Z="115.1517" />
    <Hotspot X="-410.4622" Y="2737.266" Z="119.5503" />
    <Hotspot X="-451.9642" Y="2773.031" Z="124.4798" />
    <Hotspot X="-489.6934" Y="2805.545" Z="128.9611" />
    <Hotspot X="-500.9725" Y="2815.266" Z="130.1025" />
    <Hotspot X="-482.7238" Y="2860.471" Z="118.9905" />
    <Hotspot X="-464.4751" Y="2905.676" Z="107.9546" />
    <Hotspot X="-462.4025" Y="2910.81" Z="106.6165" />
    <Hotspot X="-420.4283" Y="2896.358" Z="99.90131" />
    <Hotspot X="-361.6643" Y="2876.124" Z="57.40113" />
    <Hotspot X="-327.4075" Y="2864.329" Z="32.62531" />
    <Hotspot X="-341.7538" Y="2911.777" Z="26.08083" />
    <Hotspot X="-356.1" Y="2959.226" Z="19.53635" />
    <Hotspot X="-365.9775" Y="2991.894" Z="15.03043" />
    <Hotspot X="-373.78" Y="3040.581" Z="16.65217" />
    <Hotspot X="-381.5825" Y="3089.267" Z="10.95642" />
    <Hotspot X="-385.2624" Y="3112.229" Z="-5.467064" />
    <Hotspot X="-430.1179" Y="3099.816" Z="103.497" />
    <Hotspot X="-474.9734" Y="3087.403" Z="37.81968" />
    <Hotspot X="-478.575" Y="3086.406" Z="32.54609" />
    <Hotspot X="-511.2016" Y="3057.629" Z="81.30461" />
    <Hotspot X="-543.8281" Y="3028.851" Z="87.86044" />
    <Hotspot X="-554.6949" Y="3019.266" Z="90.04395" />
    <Hotspot X="-604.5" Y="3014.929" Z="95.13544" />
    <Hotspot X="-654.3051" Y="3010.593" Z="105.875" />
    <Hotspot X="-704.1101" Y="3006.256" Z="100.4586" />
    <Hotspot X="-753.9152" Y="3001.919" Z="95.04218" />
    <Hotspot X="-768.2073" Y="3000.674" Z="93.48788" />
    <Hotspot X="-803.2097" Y="2965.019" Z="92.69381" />
    <Hotspot X="-838.2121" Y="2929.363" Z="89.824" />
    <Hotspot X="-841.2148" Y="2926.304" Z="89.5778" />
    <Hotspot X="-879.4613" Y="2894.164" Z="87.52596" />
    <Hotspot X="-917.7077" Y="2862.024" Z="85.72677" />
    <Hotspot X="-921.1099" Y="2859.165" Z="85.29158" />
    <Hotspot X="-965.7493" Y="2881.644" Z="83.87389" />
    <Hotspot X="-1010.389" Y="2904.123" Z="82.4562" />
    <Hotspot X="-1055.028" Y="2926.602" Z="81.03851" />
    <Hotspot X="-1061.615" Y="2929.919" Z="80.82932" />
    <Hotspot X="-1034.459" Y="2971.413" Z="87.22204" />
    <Hotspot X="-1007.304" Y="3012.906" Z="90.0128" />
    <Hotspot X="-988.6074" Y="3041.474" Z="98.01608" />
    <Hotspot X="-1000.655" Y="3040.992" Z="97.5405" />
    <Hotspot X="-1012.703" Y="3040.51" Z="97.0242" />
    <Hotspot X="-1024.75" Y="3040.029" Z="97.5078" />
    <Hotspot X="-1036.798" Y="3039.547" Z="97.992" />
    <Hotspot X="-1048.846" Y="3039.065" Z="97.4752" />
    <Hotspot X="-1060.893" Y="3038.583" Z="97.8052" />
    <Hotspot X="-1072.941" Y="3038.102" Z="97.7694" />
    <Hotspot X="-1084.989" Y="3037.62" Z="97.5905" />
    <Hotspot X="-1091.92" Y="3037.343" Z="97.1284" />
    <Hotspot X="-1105.125" Y="3034.837" Z="97.0007" />
    <Hotspot X="-1118.33" Y="3032.332" Z="97.9686" />
    <Hotspot X="-1131.535" Y="3029.827" Z="97.9366" />
    <Hotspot X="-1144.74" Y="3027.322" Z="97.9045" />
    <Hotspot X="-1157.944" Y="3024.816" Z="97.1659" />
    <Hotspot X="-1171.149" Y="3022.311" Z="97.582" />
    <Hotspot X="-1184.354" Y="3019.806" Z="97.5627" />
    <Hotspot X="-1197.559" Y="3017.301" Z="97.5415" />
    <Hotspot X="-1206.252" Y="3015.651" Z="97.14625" />
    <Hotspot X="-1228.596" Y="3059.509" Z="97.6877" />
    <Hotspot X="-1250.94" Y="3103.365" Z="97.8688" />
    <Hotspot X="-1273.284" Y="3147.223" Z="97.9044" />
    <Hotspot X="-1276.505" Y="3153.546" Z="124.7926" />
    <Hotspot X="-1227.318" Y="3158.315" Z="132.3998" />
    <Hotspot X="-1178.131" Y="3163.084" Z="141.9721" />
    <Hotspot X="-1128.943" Y="3167.854" Z="151.5443" />
    <Hotspot X="-1116.715" Y="3169.04" Z="149.5056" />
    <Hotspot X="-1089.297" Y="3210.844" Z="148.7267" />
    <Hotspot X="-1061.878" Y="3252.649" Z="147.9478" />
    <Hotspot X="-1054.727" Y="3263.551" Z="147.7447" />
    <Hotspot X="-1017.793" Y="3296.989" Z="151.9619" />
    <Hotspot X="-980.858" Y="3330.426" Z="169.2939" />
    <Hotspot X="-943.9233" Y="3363.863" Z="186.626" />
    <Hotspot X="-906.9886" Y="3397.3" Z="174.3191" />
    <Hotspot X="-885.2949" Y="3416.939" Z="167.0905" />
    <Hotspot X="-891.571" Y="3369.486" Z="154.1366" />
    <Hotspot X="-897.847" Y="3322.033" Z="138.7706" />
    <Hotspot X="-901.8248" Y="3291.957" Z="129.0315" />
    <Hotspot X="-912.1714" Y="3243.79" Z="120.4922" />
    <Hotspot X="-922.5181" Y="3195.623" Z="111.9529" />
    <Hotspot X="-932.8647" Y="3147.457" Z="103.4136" />
    <Hotspot X="-934.8849" Y="3138.052" Z="101.7462" />
    <Hotspot X="-885.9291" Y="3143.906" Z="97.0721" />
    <Hotspot X="-836.9733" Y="3149.761" Z="91.23496" />
    <Hotspot X="-788.0175" Y="3155.615" Z="78.09285" />
    <Hotspot X="-775.0949" Y="3157.161" Z="74.62381" />
    <Hotspot X="-715.412" Y="3151.03" Z="75.98454" />
    <Hotspot X="-674.5374" Y="3146.832" Z="75.63677" />
    <Hotspot X="-671.5065" Y="3187.457" Z="104.6261" />
    <Hotspot X="-669.0275" Y="3220.685" Z="128.3367" />
    <Hotspot X="-643.0402" Y="3260.658" Z="113.2746" />
    <Hotspot X="-617.0529" Y="3300.63" Z="98.21242" />
    <Hotspot X="-615.3049" Y="3303.319" Z="97.19933" />
    <Hotspot X="-566.2844" Y="3294.299" Z="95.49745" />
    <Hotspot X="-517.2639" Y="3285.28" Z="91.59819" />
    <Hotspot X="-466.5349" Y="3275.946" Z="85.19636" />
    <Hotspot X="-451.7171" Y="3322.67" Z="95.06245" />
    <Hotspot X="-436.8994" Y="3369.394" Z="106.1179" />
    <Hotspot X="-422.0816" Y="3416.117" Z="117.1734" />
    <Hotspot X="-412.8125" Y="3445.345" Z="120.9663" />
    <Hotspot X="-354.4864" Y="3447.623" Z="92.36769" />
    <Hotspot X="-309.6202" Y="3449.375" Z="70.36874" />
    <Hotspot X="-280.5725" Y="3450.509" Z="56.12599" />
    <Hotspot X="-282.7809" Y="3498.809" Z="69.5743" />
    <Hotspot X="-284.7049" Y="3540.889" Z="79.96144" />
    <Hotspot X="-316.3165" Y="3577.804" Z="91.70943" />
    <Hotspot X="-347.9281" Y="3614.719" Z="103.4574" />
    <Hotspot X="-355.4674" Y="3623.523" Z="106.2593" />
    <Hotspot X="-384.8335" Y="3686.315" Z="115.9948" />
    <Hotspot X="-405.8093" Y="3731.166" Z="125.8245" />
    <Hotspot X="-426.7851" Y="3776.018" Z="131.3228" />
    <Hotspot X="-447.2499" Y="3819.777" Z="136.6871" />
    <Hotspot X="-491.4554" Y="3798.468" Z="131.1653" />
    <Hotspot X="-535.661" Y="3777.159" Z="119.373" />
    <Hotspot X="-572.6025" Y="3759.351" Z="109.5184" />
    <Hotspot X="-577.5526" Y="3709.716" Z="112.9554" />
    <Hotspot X="-583.79" Y="3647.173" Z="117.2862" />
    <Hotspot X="-539.8831" Y="3624.798" Z="125.7461" />
    <Hotspot X="-496.84" Y="3602.864" Z="134.0397" />
    <Hotspot X="-532.051" Y="3567.558" Z="137.7341" />
    <Hotspot X="-567.262" Y="3532.252" Z="141.4286" />
    <Hotspot X="-602.4731" Y="3496.945" Z="145.123" />
    <Hotspot X="-615.3049" Y="3484.079" Z="146.4694" />
    <Hotspot X="-651.1131" Y="3449.358" Z="150.881" />
    <Hotspot X="-686.9213" Y="3414.638" Z="140.9542" />
    <Hotspot X="-695.2" Y="3406.61" Z="138.6591" />
    <Hotspot X="-726.9239" Y="3440.971" Z="171.3766" />
    <Hotspot X="-757.1873" Y="3473.75" Z="173.2252" />
    <Hotspot X="-744.7022" Y="3521.496" Z="187.4079" />
    <Hotspot X="-736.5249" Y="3552.768" Z="186.51" />
    <Hotspot X="-809.1973" Y="3622.704" Z="112.8298" />
    <Hotspot X="-766.0713" Y="3647.907" Z="110.6029" />
    <Hotspot X="-728.2599" Y="3670.004" Z="108.6505" />
    <Hotspot X="-754.5765" Y="3693.722" Z="143.9335" />
    <Hotspot X="-788.788" Y="3724.555" Z="199.3625" />
    <Hotspot X="-799.89" Y="3734.561" Z="204.6862" />
    <Hotspot X="-764.4277" Y="3774.808" Z="192.5345" />
    <Hotspot X="-732.1893" Y="3811.395" Z="183.9676" />
    <Hotspot X="-723.4387" Y="3821.326" Z="178.4889" />
    <Hotspot X="-691.3419" Y="3850.431" Z="157.939" />
    <Hotspot X="-659.2451" Y="3879.537" Z="130.495" />
    <Hotspot X="-634.59" Y="3901.894" Z="109.414" />
    <Hotspot X="-603.6356" Y="3941.16" Z="109.414" />
    <Hotspot X="-573.1124" Y="3979.879" Z="109.414" />
    <Hotspot X="-621.7062" Y="3991.653" Z="109.9514" />
    <Hotspot X="-669.0275" Y="4003.119" Z="109.4557" />
    <Hotspot X="-733.9361" Y="4003.119" Z="112.9008" />
    <Hotspot X="-774.2275" Y="4003.119" Z="115.0394" />
    <Hotspot X="-895.5601" Y="4057.352" Z="151.7786" />
    <Hotspot X="-945.2399" Y="4053.213" Z="155.6241" />
    <Hotspot X="-994.9197" Y="4049.075" Z="159.5909" />
    <Hotspot X="-1001.005" Y="4048.568" Z="159.9406" />
    <Hotspot X="-1025.421" Y="4096.211" Z="172.7722" />
    <Hotspot X="-1031.972" Y="4108.994" Z="175.9316" />
    <Hotspot X="-1015.686" Y="4149.897" Z="152.2322" />
    <Hotspot X="-999.3991" Y="4190.8" Z="128.5327" />
    <Hotspot X="-991.8725" Y="4209.703" Z="117.5804" />
    <Hotspot X="-942.451" Y="4216.897" Z="119.9803" />
    <Hotspot X="-893.0295" Y="4224.091" Z="122.3802" />
    <Hotspot X="-857.0562" Y="4229.328" Z="124.1271" />
    <Hotspot X="-815.7653" Y="4201.181" Z="126.2688" />
    <Hotspot X="-788.8699" Y="4182.847" Z="126.8911" />
    <Hotspot X="-803.1873" Y="4230.508" Z="131.735" />
    <Hotspot X="-827.5269" Y="4311.531" Z="139.9697" />
    <Hotspot X="-834.3274" Y="4334.169" Z="142.2705" />
    <Hotspot X="-848.7249" Y="4378.58" Z="160.1706" />
    <Hotspot X="-864.5622" Y="4427.432" Z="179.9238" />
    <Hotspot X="-864.6325" Y="4427.648" Z="179.9482" />
    <Hotspot X="-913.4159" Y="4419.81" Z="178.6883" />
    <Hotspot X="-951.4149" Y="4413.704" Z="166.3144" />
    <Hotspot X="-973.9167" Y="4369.788" Z="186.3496" />
    <Hotspot X="-996.4186" Y="4325.872" Z="157.072" />
    <Hotspot X="-1001.694" Y="4315.577" Z="148.2944" />
    <Hotspot X="-1044.072" Y="4289.577" Z="188.6843" />
    <Hotspot X="-1086.449" Y="4263.578" Z="176.786" />
    <Hotspot X="-1128.827" Y="4237.579" Z="164.8877" />
    <Hotspot X="-1130.49" Y="4236.559" Z="164.4208" />
    <Hotspot X="-1174.685" Y="4226.049" Z="153.4356" />
    <Hotspot X="-1218.881" Y="4215.539" Z="124.0266" />
    <Hotspot X="-1226.047" Y="4213.834" Z="119.2577" />
    <Hotspot X="-1183.398" Y="4183.198" Z="135.6109" />
    <Hotspot X="-1148.397" Y="4158.057" Z="149.0311" />
    <Hotspot X="-1179.697" Y="4119.174" Z="160.413" />
    <Hotspot X="-1194.544" Y="4100.73" Z="144.7386" />
    <Hotspot X="-1239.773" Y="4091.047" Z="163.7261" />
    <Hotspot X="-1285.003" Y="4081.365" Z="182.7135" />
    <Hotspot X="-1321.594" Y="4073.531" Z="198.0746" />
    <Hotspot X="-1280.324" Y="4038.091" Z="206.1854" />
    <Hotspot X="-1227.799" Y="3992.986" Z="221.3763" />
    <Hotspot X="-1171.522" Y="3944.658" Z="227.6602" />
    <Hotspot X="-1170.437" Y="3943.727" Z="227.7813" />
    <Hotspot X="-1014.221" Y="3957.644" Z="196.1173" />
    <Hotspot X="-1013.912" Y="3957.671" Z="196.0548" />
    <Hotspot X="-976.2336" Y="3909.64" Z="218.3787" />
    <Hotspot X="-945.0373" Y="3869.873" Z="236.8618" />
    <Hotspot X="-909.1542" Y="3835.077" Z="291.1132" />
    <Hotspot X="-888.05" Y="3814.612" Z="238.8915" />
    <Hotspot X="-943.7966" Y="3729.109" Z="185.9149" />
    <Hotspot X="-948.66" Y="3721.65" Z="181.2932" />
    <Hotspot X="-938.1221" Y="3627.766" Z="214.0769" />
    <Hotspot X="-935.0373" Y="3600.282" Z="223.6741" />
    <Hotspot X="-964.7839" Y="3560.094" Z="223.7471" />
    <Hotspot X="-1013.402" Y="3494.408" Z="223.8665" />
    <Hotspot X="-1094.127" Y="3400.628" Z="213.099" />
    <Hotspot X="-1111.205" Y="3380.787" Z="202.4057" />
    <Hotspot X="-1152.938" Y="3354.117" Z="198.4062" />
    <Hotspot X="-1171.815" Y="3342.053" Z="192.4473" />
    <Hotspot X="-1220.546" Y="3338.613" Z="191.2553" />
    <Hotspot X="-1269.277" Y="3335.172" Z="171.5498" />
    <Hotspot X="-1269.953" Y="3335.125" Z="170.9975" />
    <Hotspot X="-1256.277" Y="3409.589" Z="261.442" />
    <Hotspot X="-1252.06" Y="3432.556" Z="256.479" />
    <Hotspot X="-1307.626" Y="3407.248" Z="197.3448" />
    <Hotspot X="-1340.312" Y="3392.361" Z="162.56" />
    <Hotspot X="-1372.999" Y="3377.474" Z="127.7751" />
    <Hotspot X="-1377.062" Y="3375.623" Z="123.4503" />
    <Hotspot X="-1406.057" Y="3428.103" Z="128.2766" />
    <Hotspot X="-1417.01" Y="3447.927" Z="126.5835" />
    <Hotspot X="-1455.899" Y="3528.502" Z="175.0526" />
    <Hotspot X="-1469.355" Y="3556.383" Z="139.7215" />
    <Hotspot X="-1504.424" Y="3597.06" Z="168.9517" />
    <Hotspot X="-1536.304" Y="3634.039" Z="118.5437" />
    <Hotspot X="-1537.475" Y="3635.397" Z="116.6927" />
    <Hotspot X="-1562.486" Y="3710.713" Z="127.9368" />
    <Hotspot X="-1564.402" Y="3716.485" Z="127.5647" />
    <Hotspot X="-1559.831" Y="3652.135" Z="121.0109" />
    <Hotspot X="-1556.315" Y="3602.635" Z="117.2267" />
    <Hotspot X="-1552.798" Y="3553.134" Z="113.4425" />
    <Hotspot X="-1549.282" Y="3503.634" Z="101.3388" />
    <Hotspot X="-1549.25" Y="3503.188" Z="101.2296" />
    <Hotspot X="-1517.809" Y="3464.325" Z="106.8729" />
    <Hotspot X="-1486.369" Y="3425.462" Z="108.4167" />
    <Hotspot X="-1461.09" Y="3394.215" Z="104.297" />
    <Hotspot X="-1469.167" Y="3345.447" Z="96.78953" />
    <Hotspot X="-1477.243" Y="3296.677" Z="89.28204" />
    <Hotspot X="-1485.32" Y="3247.909" Z="81.77457" />
    <Hotspot X="-1487.262" Y="3236.179" Z="79.9689" />
    <Hotspot X="-1442.306" Y="3220.506" Z="117.0188" />
    <Hotspot X="-1408.745" Y="3208.807" Z="106.6434" />
    <Hotspot X="-1403.288" Y="3159.479" Z="100.5604" />
    <Hotspot X="-1397.832" Y="3110.151" Z="95.39825" />
    <Hotspot X="-1396.347" Y="3096.735" Z="92.82306" />
    <Hotspot X="-1398.109" Y="3049.407" Z="83.50736" />
    <Hotspot X="-1399.87" Y="3002.079" Z="62.48969" />
    <Hotspot X="-1400.48" Y="2985.697" Z="55.21433" />
    <Hotspot X="-1375.73" Y="2942.303" Z="66.83378" />
    <Hotspot X="-1350.98" Y="2898.909" Z="61.39529" />
    <Hotspot X="-1344.512" Y="2887.57" Z="59.97414" />
    <Hotspot X="-1387.478" Y="2868.973" Z="42.67109" />
    <Hotspot X="-1430.443" Y="2850.377" Z="24.93285" />
    <Hotspot X="-1445.938" Y="2843.671" Z="18.53609" />
    <Hotspot X="-1404.098" Y="2819.389" Z="31.82708" />
    <Hotspot X="-1362.258" Y="2795.107" Z="72.07285" />
    <Hotspot X="-1345.38" Y="2785.311" Z="48.92176" />
    <Hotspot X="-1371.19" Y="2742.571" Z="51.59481" />
    <Hotspot X="-1397" Y="2699.832" Z="56.23917" />
    <Hotspot X="-1411.5" Y="2675.822" Z="55.76948" />
    <Hotspot X="-1372.776" Y="2647.416" Z="69.68445" />
    <Hotspot X="-1334.053" Y="2619.011" Z="86.33514" />
    <Hotspot X="-1295.33" Y="2590.605" Z="100.1198" />
    <Hotspot X="-1256.606" Y="2562.2" Z="111.6464" />
    <Hotspot X="-1253.088" Y="2559.618" Z="112.6938" />
    <Hotspot X="-1233.735" Y="2604.388" Z="102.2041" />
    <Hotspot X="-1214.382" Y="2649.159" Z="91.481" />
    <Hotspot X="-1195.029" Y="2693.929" Z="80.75795" />
    <Hotspot X="-1188.345" Y="2709.392" Z="75.87867" />
    <Hotspot X="-1168.281" Y="2665.698" Z="89.60164" />
    <Hotspot X="-1148.218" Y="2622.004" Z="103.3246" />
    <Hotspot X="-1128.154" Y="2578.311" Z="117.0476" />
    <Hotspot X="-1123.602" Y="2568.398" Z="120.1608" />
    <Hotspot X="-1075.748" Y="2592.386" Z="107.5304" />
    <Hotspot X="-1032.243" Y="2614.193" Z="96.04824" />
    <Hotspot X="-996.8725" Y="2631.923" Z="86.71272" />
    <Hotspot X="-969.3898" Y="2590.155" Z="88.1703" />
    <Hotspot X="-941.907" Y="2548.387" Z="87.93125" />
    <Hotspot X="-919.7324" Y="2514.687" Z="85.59975" />
    <Hotspot X="-961.4984" Y="2487.518" Z="89.77625" />
    <Hotspot X="-1003.264" Y="2460.348" Z="93.95276" />
    <Hotspot X="-1045.03" Y="2433.179" Z="98.12926" />
    <Hotspot X="-1080.9" Y="2409.846" Z="101.7162" />
    <Hotspot X="-1125.473" Y="2389.383" Z="111.4373" />
    <Hotspot X="-1170.046" Y="2368.92" Z="121.1584" />
    <Hotspot X="-1214.619" Y="2348.457" Z="130.8795" />
    <Hotspot X="-1215.895" Y="2347.871" Z="131.1577" />
    <Hotspot X="-1250.112" Y="2315.799" Z="148.4955" />
    <Hotspot X="-1284.329" Y="2283.727" Z="180.9763" />
    <Hotspot X="-1318.546" Y="2251.655" Z="189.4259" />
    <Hotspot X="-1342.625" Y="2229.085" Z="195.3722" />
    <Hotspot X="-1298.627" Y="2239.911" Z="174.2298" />
    <Hotspot X="-1254.629" Y="2250.736" Z="153.0876" />
    <Hotspot X="-1210.631" Y="2261.562" Z="131.9452" />
    <Hotspot X="-1210.385" Y="2261.622" Z="131.8268" />
    <Hotspot X="-1175.667" Y="2225.66" Z="133.0189" />
    <Hotspot X="-1140.949" Y="2189.698" Z="134.2109" />
    <Hotspot X="-1131.113" Y="2179.509" Z="134.5487" />
    <Hotspot X="-1163.11" Y="2130.196" Z="146.5632" />
    <Hotspot X="-1189.775" Y="2089.102" Z="156.5753" />
    <Hotspot X="-1191.1" Y="2087.059" Z="157.0729" />
    <Hotspot X="-1167.041" Y="2010.839" Z="153.7136" />
    <Hotspot X="-1163.55" Y="1999.778" Z="153.1771" />
    <Hotspot X="-1119.336" Y="1976.447" Z="154.0794" />
    <Hotspot X="-1089.165" Y="1960.527" Z="154.6951" />
    <Hotspot X="-1039.417" Y="1964.968" Z="156.1066" />
    <Hotspot X="-989.6696" Y="1969.409" Z="150.9484" />
    <Hotspot X="-973.455" Y="1970.856" Z="149.2671" />
    <Hotspot X="-973.455" Y="1922.509" Z="162.0183" />
    <Hotspot X="-973.455" Y="1895.453" Z="169.1542" />
    <Hotspot X="-926.8823" Y="1909.253" Z="157.2995" />
    <Hotspot X="-888.05" Y="1920.76" Z="147.415" />
    <Hotspot X="-853.6628" Y="1885.305" Z="155.1924" />
    <Hotspot X="-819.2756" Y="1849.85" Z="162.9697" />
    <Hotspot X="-816.42" Y="1846.906" Z="163.6156" />
    <Hotspot X="-777.9796" Y="1788.857" Z="274.6815" />
    <Hotspot X="-725.8102" Y="1710.075" Z="195.3559" />
    <Hotspot X="-717.24" Y="1697.133" Z="182.3245" />
    <Hotspot X="-740.65" Y="1657.428" Z="162.9482" />
    <Hotspot X="-764.0601" Y="1617.722" Z="143.572" />
    <Hotspot X="-775.0949" Y="1599.006" Z="134.4386" />
    <Hotspot X="-815.7075" Y="1611.902" Z="160.5981" />
    <Hotspot X="-880.6876" Y="1632.535" Z="204.6497" />
    <Hotspot X="-884.07" Y="1633.609" Z="204.632" />
    <Hotspot X="-930.857" Y="1618.817" Z="195.0317" />
    <Hotspot X="-977.644" Y="1604.024" Z="202.7209" />
    <Hotspot X="-1099.29" Y="1565.564" Z="179.146" />
    <Hotspot X="-1192.864" Y="1535.98" Z="153.1445" />
    <Hotspot X="-1239.651" Y="1521.188" Z="132.5605" />
    <Hotspot X="-1243.445" Y="1519.988" Z="130.8915" />
    <Hotspot X="-1248.736" Y="1471.982" Z="117.9539" />
    <Hotspot X="-1254.027" Y="1423.975" Z="105.0164" />
    <Hotspot X="-1257.22" Y="1395.005" Z="97.20918" />
    <Hotspot X="-1207.835" Y="1400.626" Z="103.8178" />
    <Hotspot X="-1180.08" Y="1403.785" Z="105.6954" />
    <Hotspot X="-1144.215" Y="1438.202" Z="111.0981" />
    <Hotspot X="-1108.35" Y="1472.619" Z="117.3366" />
    <Hotspot X="-1072.485" Y="1507.036" Z="123.575" />
    <Hotspot X="-1064.37" Y="1514.824" Z="123.1261" />
    <Hotspot X="-1016.165" Y="1502.398" Z="121.5676" />
    <Hotspot X="-967.9608" Y="1489.973" Z="115.4641" />
    <Hotspot X="-919.7562" Y="1477.548" Z="109.3605" />
    <Hotspot X="-910.09" Y="1475.056" Z="108.1366" />
    <Hotspot X="-902.7421" Y="1482.542" Z="108.0239" />
    <Hotspot X="-895.3942" Y="1490.028" Z="108.3864" />
    <Hotspot X="-888.0463" Y="1497.515" Z="108.7479" />
    <Hotspot X="-880.6984" Y="1505.001" Z="108.1104" />
    <Hotspot X="-873.3505" Y="1512.487" Z="108.623" />
    <Hotspot X="-866.0026" Y="1519.973" Z="108.3736" />
    <Hotspot X="-858.6547" Y="1527.459" Z="108.1243" />
    <Hotspot X="-851.3068" Y="1534.945" Z="108.8749" />
    <Hotspot X="-846.7249" Y="1539.613" Z="108.7194" />
    <Hotspot X="-832.4947" Y="1536.424" Z="108.5231" />
    <Hotspot X="-818.2645" Y="1533.234" Z="108.6542" />
    <Hotspot X="-804.0342" Y="1530.045" Z="108.7854" />
    <Hotspot X="-789.804" Y="1526.855" Z="108.9165" />
    <Hotspot X="-775.5738" Y="1523.666" Z="108.0476" />
    <Hotspot X="-761.3435" Y="1520.476" Z="108.5629" />
    <Hotspot X="-747.1133" Y="1517.287" Z="108.0641" />
    <Hotspot X="-732.8831" Y="1514.097" Z="108.4323" />
    <Hotspot X="-719.9948" Y="1511.208" Z="103.7954" />
    <Hotspot X="-694.434" Y="1527.82" Z="103.4276" />
    <Hotspot X="-658.6489" Y="1551.075" Z="103.7395" />
    <Hotspot X="-597.3029" Y="1590.942" Z="103.8456" />
    <Hotspot X="-571.7421" Y="1607.553" Z="103.6398" />
    <Hotspot X="-546.1813" Y="1624.164" Z="103.434" />
    <Hotspot X="-520.6205" Y="1640.776" Z="103.9626" />
    <Hotspot X="-513.3701" Y="1645.487" Z="103.1687" />
    <Hotspot X="-528.2825" Y="1664.974" Z="103.6039" />
    <Hotspot X="-543.1949" Y="1684.46" Z="103.0389" />
    <Hotspot X="-558.1073" Y="1703.947" Z="103.4741" />
    <Hotspot X="-573.0197" Y="1723.433" Z="103.9092" />
    <Hotspot X="-587.9322" Y="1742.919" Z="103.3443" />
    <Hotspot X="-602.8446" Y="1762.406" Z="103.7793" />
    <Hotspot X="-607.04" Y="1767.888" Z="150.523" />
    <Hotspot X="-566.6415" Y="1797.339" Z="149.7601" />
    <Hotspot X="-526.243" Y="1826.791" Z="148.9973" />
    <Hotspot X="-507.8599" Y="1840.192" Z="148.6501" />
    <Hotspot X="-532.9113" Y="1882.719" Z="159.3404" />
    <Hotspot X="-557.45" Y="1924.375" Z="164.4756" />
    <Hotspot X="-623.7648" Y="1905.037" Z="160.3697" />
    <Hotspot X="-671.1326" Y="1891.224" Z="146.3415" />
    <Hotspot X="-681.425" Y="1888.223" Z="143.2933" />
    <Hotspot X="-714.5008" Y="1924.862" Z="135.3204" />
    <Hotspot X="-742.035" Y="1955.362" Z="128.6833" />
    <Hotspot X="-785.0831" Y="1980.591" Z="125.4651" />
    <Hotspot X="-828.1312" Y="2005.82" Z="122.2469" />
    <Hotspot X="-838.9698" Y="2012.173" Z="121.4366" />
    <Hotspot X="-855.2863" Y="2058.53" Z="112.652" />
    <Hotspot X="-871.6026" Y="2104.887" Z="103.2334" />
    <Hotspot X="-887.919" Y="2151.244" Z="93.81479" />
    <Hotspot X="-888.05" Y="2151.616" Z="93.73915" />
    <Hotspot X="-922.3577" Y="2121.798" Z="114.5683" />
    <Hotspot X="-956.6653" Y="2091.98" Z="144.2526" />
    <Hotspot X="-978.9649" Y="2072.598" Z="148.9361" />
    <Hotspot X="-1011.525" Y="2128.822" Z="153.6086" />
    <Hotspot X="-1015.99" Y="2136.532" Z="151.1253" />
    <Hotspot X="-1031.121" Y="2181.594" Z="135.6175" />
    <Hotspot X="-1046.252" Y="2226.656" Z="120.1097" />
    <Hotspot X="-1058.86" Y="2264.205" Z="107.1873" />
    <Hotspot X="-995.4505" Y="2270.431" Z="94.32388" />
    <Hotspot X="-946.674" Y="2275.22" Z="84.42889" />
    <Hotspot X="-943.1499" Y="2275.566" Z="83.714" />
    <Hotspot X="-910.8744" Y="2312.969" Z="76.65957" />
    <Hotspot X="-878.5989" Y="2350.372" Z="72.92973" />
    <Hotspot X="-867.3873" Y="2363.365" Z="65.63331" />
    <Hotspot X="-834.8118" Y="2396.674" Z="87.04212" />
    <Hotspot X="-802.2364" Y="2429.983" Z="102.7302" />
    <Hotspot X="-791.625" Y="2440.833" Z="107.8406" />
    <Hotspot X="-757.6123" Y="2404.398" Z="111.7958" />
    <Hotspot X="-723.5996" Y="2367.963" Z="115.7511" />
    <Hotspot X="-695.2" Y="2337.542" Z="119.0536" />
    <Hotspot X="-724.4908" Y="2298.348" Z="108.7633" />
    <Hotspot X="-753.7817" Y="2259.154" Z="98.47291" />
    <Hotspot X="-775.0949" Y="2230.635" Z="90.9852" />
    <Hotspot X="-750.0457" Y="2182.268" Z="98.92065" />
    <Hotspot X="-727.2736" Y="2138.299" Z="105.6241" />
    <Hotspot X="-719.9948" Y="2124.244" Z="107.7668" />
    <Hotspot X="-696.7148" Y="2081.538" Z="119.4165" />
    <Hotspot X="-681.425" Y="2053.49" Z="126.9622" />
    <Hotspot X="-638.5262" Y="2035.083" Z="144.8754" />
    <Hotspot X="-595.6276" Y="2016.676" Z="163.2665" />
    <Hotspot X="-557.45" Y="2000.294" Z="178.7304" />
    <Hotspot X="-572.4241" Y="2046.577" Z="172.1276" />
    <Hotspot X="-587.3983" Y="2092.86" Z="161.5651" />
    <Hotspot X="-602.3724" Y="2139.143" Z="147.606" />
    <Hotspot X="-613.9274" Y="2174.857" Z="135.1216" />
    <Hotspot X="-564.8374" Y="2167.453" Z="158.5903" />
    <Hotspot X="-515.7474" Y="2160.049" Z="152.3782" />
    <Hotspot X="-494.0849" Y="2156.781" Z="149.6369" />
    <Hotspot X="-475.719" Y="2111.759" Z="168.457" />
    <Hotspot X="-458.2699" Y="2068.983" Z="172.3487" />
    <Hotspot X="-409.8788" Y="2057.843" Z="178.1955" />
    <Hotspot X="-322.7747" Y="2037.79" Z="201.4462" />
    <Hotspot X="-301.2349" Y="2032.831" Z="191.3223" />
    <Hotspot X="-354.8128" Y="1904.193" Z="196.8602" />
    <Hotspot X="-372.8649" Y="1860.85" Z="173.3041" />
    <Hotspot X="-348.472" Y="1818.553" Z="162.5396" />
    <Hotspot X="-324.0792" Y="1776.255" Z="151.775" />
    <Hotspot X="-306.745" Y="1746.197" Z="144.1255" />
    <Hotspot X="-326.1669" Y="1700.207" Z="141.3494" />
    <Hotspot X="-345.5888" Y="1654.217" Z="138.5733" />
    <Hotspot X="-359.0899" Y="1622.247" Z="136.6436" />
    <Hotspot X="-347.9109" Y="1544.409" Z="127.9579" />
    <Hotspot X="-340.9241" Y="1495.76" Z="113.5787" />
    <Hotspot X="-339.805" Y="1487.968" Z="111.2756" />
    <Hotspot X="-297.8193" Y="1461.566" Z="104.9394" />
    <Hotspot X="-255.8336" Y="1435.164" Z="101.8451" />
    <Hotspot X="-213.8479" Y="1408.762" Z="98.75073" />
    <Hotspot X="-171.8622" Y="1382.36" Z="95.65641" />
    <Hotspot X="-129.8766" Y="1355.959" Z="82.10834" />
    <Hotspot X="-122.16" Y="1351.106" Z="78.43012" />
    <Hotspot X="-121.6669" Y="1400.097" Z="94.39389" />
    <Hotspot X="-121.1738" Y="1449.087" Z="103.0748" />
    <Hotspot X="-120.6807" Y="1498.078" Z="111.7557" />
    <Hotspot X="-120.1876" Y="1547.068" Z="120.4366" />
    <Hotspot X="-119.6945" Y="1596.059" Z="129.1175" />
    <Hotspot X="-119.4049" Y="1624.829" Z="134.2155" />
    <Hotspot X="-7.469967" Y="1681.64" Z="154.4872" />
    <Hotspot X="39.64046" Y="1694.806" Z="144.1303" />
    <Hotspot X="86.75091" Y="1707.971" Z="133.7733" />
    <Hotspot X="133.8613" Y="1721.137" Z="123.4164" />
    <Hotspot X="158.85" Y="1728.121" Z="117.9228" />
    <Hotspot X="112.5669" Y="1746.387" Z="123.5664" />
    <Hotspot X="66.28381" Y="1764.653" Z="127.9285" />
    <Hotspot X="54.16001" Y="1769.437" Z="129.0575" />
    <Hotspot X="6.913208" Y="1784.767" Z="138.5739" />
    <Hotspot X="-40.33359" Y="1800.096" Z="142.4297" />
    <Hotspot X="-87.58038" Y="1815.426" Z="146.2854" />
    <Hotspot X="-89.09995" Y="1815.919" Z="146.4095" />
    <Hotspot X="-62.68682" Y="1858.36" Z="148.0152" />
    <Hotspot X="-36.27368" Y="1900.801" Z="148.7726" />
    <Hotspot X="-11.95998" Y="1939.869" Z="149.4698" />
    <Hotspot X="-60.9398" Y="1945.634" Z="157.7" />
    <Hotspot X="-109.9196" Y="1951.399" Z="165.9303" />
    <Hotspot X="-130.4249" Y="1953.813" Z="169.3758" />
    <Hotspot X="-107.312" Y="1997.863" Z="174.6104" />
    <Hotspot X="-84.19902" Y="2041.913" Z="179.4749" />
    <Hotspot X="-80.83491" Y="2048.325" Z="180.1829" />
    <Hotspot X="-33.21885" Y="2059.292" Z="190.787" />
    <Hotspot X="14.39721" Y="2070.258" Z="201.6166" />
    <Hotspot X="15.59008" Y="2070.533" Z="201.6567" />
    <Hotspot X="8.233356" Y="2119.93" Z="211.3735" />
    <Hotspot X="0.8766334" Y="2169.326" Z="197.5131" />
    <Hotspot X="0.4375279" Y="2172.275" Z="196.6858" />
    <Hotspot X="25.23461" Y="2211.608" Z="203.5797" />
    <Hotspot X="50.03169" Y="2250.942" Z="163.5253" />
    <Hotspot X="54.16001" Y="2257.49" Z="156.857" />
    <Hotspot X="82.82452" Y="2297.792" Z="150.3274" />
    <Hotspot X="111.489" Y="2338.093" Z="142.5691" />
    <Hotspot X="140.1535" Y="2378.394" Z="134.8107" />
    <Hotspot X="142.3201" Y="2381.44" Z="134.2243" />
    <Hotspot X="190.3089" Y="2354.569" Z="134.2259" />
    <Hotspot X="233.935" Y="2330.14" Z="134.2273" />
    <Hotspot X="248.3875" Y="2322.048" Z="134.2278" />
    <Hotspot X="221.7179" Y="2280.116" Z="134.2596" />
    <Hotspot X="205.685" Y="2254.908" Z="125.3867" />
    <Hotspot X="205.1799" Y="2204.911" Z="126.8529" />
    <Hotspot X="204.6748" Y="2154.914" Z="127.7437" />
    <Hotspot X="204.3076" Y="2118.563" Z="124.9094" />
    <Hotspot X="206.4861" Y="2069.284" Z="120.0063" />
    <Hotspot X="208.44" Y="2025.084" Z="109.3987" />
    <Hotspot X="257.274" Y="2033.3" Z="116.309" />
    <Hotspot X="306.1079" Y="2041.516" Z="123.2192" />
    <Hotspot X="315.885" Y="2043.16" Z="124.6027" />
    <Hotspot X="329.2996" Y="2078.737" Z="157.0741" />
    <Hotspot X="345.68" Y="2122.178" Z="196.7247" />
    <Hotspot X="395.538" Y="2118.517" Z="195.8454" />
    <Hotspot X="437.105" Y="2115.465" Z="195.1124" />
    <Hotspot X="468.8216" Y="2152.625" Z="205.7509" />
    <Hotspot X="500.5381" Y="2189.785" Z="216.3894" />
    <Hotspot X="503.225" Y="2192.933" Z="217.2906" />
    <Hotspot X="454.3374" Y="2201.607" Z="211.3941" />
    <Hotspot X="405.4498" Y="2210.28" Z="205.4977" />
    <Hotspot X="356.5621" Y="2218.954" Z="199.6012" />
    <Hotspot X="348.9451" Y="2220.305" Z="198.6824" />
    <Hotspot X="385.3076" Y="2268.022" Z="197.7233" />
    <Hotspot X="415.6098" Y="2307.785" Z="196.9239" />
    <Hotspot X="431.595" Y="2328.762" Z="196.5022" />
    <Hotspot X="395.7255" Y="2363.169" Z="191.0674" />
    <Hotspot X="359.8559" Y="2397.576" Z="185.6325" />
    <Hotspot X="325.5276" Y="2430.504" Z="180.4311" />
    <Hotspot X="334.2339" Y="2473.347" Z="241.2403" />
    <Hotspot X="342.9401" Y="2516.189" Z="242.3414" />
    <Hotspot X="347.5675" Y="2538.96" Z="241.8536" />
    <Hotspot X="396.44" Y="2528.523" Z="240.2582" />
    <Hotspot X="445.3124" Y="2518.085" Z="238.6629" />
    <Hotspot X="456.39" Y="2515.72" Z="238.3013" />
    <Hotspot X="472.1261" Y="2554.604" Z="265.5119" />
    <Hotspot X="487.8621" Y="2593.488" Z="292.7226" />
    <Hotspot X="517.1676" Y="2665.902" Z="343.3975" />
    <Hotspot X="474.0014" Y="2682.044" Z="324.0036" />
    <Hotspot X="430.8351" Y="2698.185" Z="304.6098" />
    <Hotspot X="382.3402" Y="2716.32" Z="282.8219" />
    <Hotspot X="428.9301" Y="2753.952" Z="279.1905" />
    <Hotspot X="463.2776" Y="2781.696" Z="276.5134" />
    <Hotspot X="508.83" Y="2766.354" Z="290.5168" />
    <Hotspot X="544.55" Y="2754.323" Z="301.08" />
    <Hotspot X="592.7505" Y="2766.857" Z="307.8029" />
    <Hotspot X="629.955" Y="2776.531" Z="308.9289" />
    <Hotspot X="589.6257" Y="2804.993" Z="321.5267" />
    <Hotspot X="549.2963" Y="2833.455" Z="298.0139" />
    <Hotspot X="536.285" Y="2842.638" Z="290.4281" />
    <Hotspot X="521.5199" Y="2892.153" Z="236.0654" />
    <Hotspot X="511.6765" Y="2925.162" Z="199.8237" />
    <Hotspot X="501.8331" Y="2958.172" Z="163.582" />
    <Hotspot X="491.9897" Y="2991.182" Z="127.3402" />
    <Hotspot X="486.695" Y="3008.937" Z="107.8461" />
    <Hotspot X="487.5471" Y="3058.929" Z="107.6105" />
    <Hotspot X="488.3991" Y="3108.922" Z="108.6589" />
    <Hotspot X="489.2511" Y="3158.914" Z="109.7074" />
    <Hotspot X="489.4501" Y="3170.589" Z="107.0843" />
    <Hotspot X="490.8247" Y="3221.99" Z="151.2035" />
    <Hotspot X="492.8242" Y="3296.754" Z="260.567" />
    <Hotspot X="494.4488" Y="3357.5" Z="178.1528" />
    <Hotspot X="494.4501" Y="3357.547" Z="178.0895" />
    <Hotspot X="465.1022" Y="3396.02" Z="165.4986" />
    <Hotspot X="432.8195" Y="3438.34" Z="151.6485" />
    <Hotspot X="413.6875" Y="3463.421" Z="143.4404" />
    <Hotspot X="433.2592" Y="3494.125" Z="177.7067" />
    <Hotspot X="452.8308" Y="3524.83" Z="211.9731" />
    <Hotspot X="487.985" Y="3579.98" Z="273.5217" />
    <Hotspot X="420.7608" Y="3587.007" Z="214.095" />
    <Hotspot X="397.515" Y="3589.436" Z="193.5456" />
    <Hotspot X="280.6849" Y="3547.748" Z="154.6506" />
    <Hotspot X="275.9376" Y="3546.054" Z="153.0701" />
    <Hotspot X="282.7266" Y="3496.517" Z="152.948" />
    <Hotspot X="289.5156" Y="3446.98" Z="152.8258" />
    <Hotspot X="293.8451" Y="3415.39" Z="152.7479" />
    <Hotspot X="301.0872" Y="3366.101" Z="187.1212" />
    <Hotspot X="314.8651" Y="3272.331" Z="140.3719" />
    <Hotspot X="296.5914" Y="3226.667" Z="149.9599" />
    <Hotspot X="269.1809" Y="3158.17" Z="123.9563" />
    <Hotspot X="258.0301" Y="3130.305" Z="112.409" />
    <Hotspot X="288.9586" Y="3091.245" Z="108.1932" />
    <Hotspot X="319.887" Y="3052.186" Z="103.9774" />
    <Hotspot X="336.5475" Y="3031.145" Z="101.7065" />
    <Hotspot X="288.0909" Y="3021.016" Z="94.68083" />
    <Hotspot X="239.6342" Y="3010.887" Z="87.6552" />
    <Hotspot X="191.1776" Y="3000.759" Z="80.62957" />
    <Hotspot X="180.89" Y="2998.608" Z="79.13799" />
    <Hotspot X="147.6594" Y="3035.524" Z="84.88079" />
    <Hotspot X="114.4289" Y="3072.439" Z="90.62359" />
    <Hotspot X="106.5051" Y="3081.241" Z="91.99295" />
    <Hotspot X="65.00727" Y="3108.58" Z="86.46724" />
    <Hotspot X="23.50947" Y="3135.919" Z="80.94152" />
    <Hotspot X="10.08009" Y="3144.766" Z="79.15331" />
    <Hotspot X="15.02158" Y="3193.465" Z="134.6407" />
    <Hotspot X="19.72255" Y="3239.794" Z="99.04846" />
    <Hotspot X="36.34761" Y="3295.757" Z="128.929" />
    <Hotspot X="51.58727" Y="3347.056" Z="209.885" />
    <Hotspot X="65.44149" Y="3393.692" Z="223.7999" />
    <Hotspot X="79.29572" Y="3440.327" Z="167.2961" />
    <Hotspot X="83.08759" Y="3453.091" Z="151.831" />
    <Hotspot X="61.70849" Y="3497.979" Z="146.5322" />
    <Hotspot X="48.65002" Y="3525.396" Z="143.2956" />
    <Hotspot X="89.10337" Y="3554.415" Z="147.9222" />
    <Hotspot X="129.5567" Y="3583.434" Z="152.5488" />
    <Hotspot X="146.0847" Y="3595.291" Z="154.4391" />
    <Hotspot X="118.9567" Y="3616.996" Z="190.3968" />
    <Hotspot X="64.70082" Y="3660.406" Z="263.9669" />
    <Hotspot X="59.16001" Y="3664.839" Z="269.6566" />
    <Hotspot X="15.16818" Y="3786.154" Z="203.5324" />
    <Hotspot X="14.21255" Y="3788.79" Z="202.096" />
    <Hotspot X="-2.532777" Y="3836.447" Z="180.3393" />
    <Hotspot X="-16.09244" Y="3875.038" Z="162.7215" />
    <Hotspot X="26.55737" Y="3901.128" Z="167.9158" />
    <Hotspot X="62.42505" Y="3923.069" Z="161.6732" />
    <Hotspot X="111.4645" Y="3932.497" Z="160.3185" />
    <Hotspot X="160.5039" Y="3941.926" Z="160.2129" />
    <Hotspot X="196.7313" Y="3948.891" Z="154.835" />
    <Hotspot X="235.9335" Y="3918.407" Z="160.6564" />
    <Hotspot X="275.1358" Y="3887.923" Z="166.4777" />
    <Hotspot X="289.7126" Y="3876.587" Z="168.6423" />
    <Hotspot X="264.3409" Y="3820.781" Z="251.5312" />
    <Hotspot X="249.4164" Y="3787.954" Z="263.9275" />
    <Hotspot X="248.3875" Y="3785.691" Z="264.5465" />
    <Hotspot X="297.0611" Y="3774.258" Z="264.9583" />
    <Hotspot X="345.7346" Y="3762.824" Z="276.9475" />
    <Hotspot X="394.4082" Y="3751.392" Z="273.0681" />
    <Hotspot X="443.0818" Y="3739.958" Z="269.1887" />
    <Hotspot X="477.0526" Y="3731.979" Z="266.4811" />
    <Hotspot X="445.4897" Y="3767.832" Z="281.2583" />
    <Hotspot X="401.3017" Y="3818.026" Z="302.8976" />
    <Hotspot X="399.76" Y="3819.777" Z="302.668" />
    <Hotspot X="382.6392" Y="3862.934" Z="273.1841" />
    <Hotspot X="367.0749" Y="3902.168" Z="246.3804" />
    <Hotspot X="351.5105" Y="3941.403" Z="219.5768" />
    <Hotspot X="341.3688" Y="3966.968" Z="202.1116" />
    <Hotspot X="326.8285" Y="4014.637" Z="198.0817" />
    <Hotspot X="311.7526" Y="4064.062" Z="193.9033" />
    <Hotspot X="263.0221" Y="4057.746" Z="245.3701" />
    <Hotspot X="214.2916" Y="4051.43" Z="219.1647" />
    <Hotspot X="165.5611" Y="4045.115" Z="192.9593" />
    <Hotspot X="116.8307" Y="4038.799" Z="166.7539" />
    <Hotspot X="88.59758" Y="4035.14" Z="151.5712" />
    <Hotspot X="71.50837" Y="4082.04" Z="148.688" />
    <Hotspot X="54.41915" Y="4128.94" Z="145.8048" />
    <Hotspot X="54.16001" Y="4129.652" Z="145.7611" />
    <Hotspot X="100.8069" Y="4147.141" Z="150.0272" />
    <Hotspot X="147.4538" Y="4164.63" Z="154.2934" />
    <Hotspot X="191.9101" Y="4181.298" Z="158.3592" />
    <Hotspot X="189.1761" Y="4231.024" Z="201.399" />
    <Hotspot X="186.1688" Y="4285.724" Z="211.2531" />
    <Hotspot X="183.4348" Y="4335.451" Z="220.2113" />
    <Hotspot X="179.6073" Y="4405.068" Z="232.7528" />
    <Hotspot X="173.9365" Y="4508.211" Z="187.5988" />
    <Hotspot X="165.1398" Y="4570.859" Z="178.0379" />
    <Hotspot X="158.373" Y="4619.049" Z="163.7964" />
    <Hotspot X="151.9625" Y="4664.703" Z="150.3047" />
    <Hotspot X="177.4607" Y="4705.66" Z="163.4338" />
    <Hotspot X="205.5086" Y="4750.712" Z="193.079" />
    <Hotspot X="219.8045" Y="4773.675" Z="185.2368" />
    <Hotspot X="226.2665" Y="4821.727" Z="173.019" />
    <Hotspot X="232.7285" Y="4869.779" Z="160.8012" />
    <Hotspot X="236.3344" Y="4896.592" Z="153.9836" />
    <Hotspot X="188.5077" Y="4882.012" Z="155.1443" />
    <Hotspot X="140.681" Y="4867.432" Z="155.3226" />
    <Hotspot X="131.3001" Y="4864.572" Z="154.2623" />
    <Hotspot X="84.05264" Y="4880.923" Z="154.8113" />
    <Hotspot X="41.76251" Y="4895.56" Z="155.3027" />
    <Hotspot X="47.27466" Y="4846.328" Z="149.7421" />
    <Hotspot X="53.33802" Y="4792.172" Z="141.562" />
    <Hotspot X="57.25939" Y="4757.148" Z="136.2717" />
    <Hotspot X="50.21054" Y="4707.649" Z="136.5757" />
    <Hotspot X="43.16169" Y="4658.149" Z="136.8796" />
    <Hotspot X="36.11283" Y="4608.649" Z="137.1836" />
    <Hotspot X="35.56376" Y="4604.793" Z="137.2073" />
    <Hotspot X="-9.178757" Y="4625.282" Z="130.4337" />
    <Hotspot X="-53.92127" Y="4645.771" Z="119.5415" />
    <Hotspot X="-54.66248" Y="4646.11" Z="119.3611" />
    <Hotspot X="-103.6075" Y="4640.19" Z="111.0342" />
    <Hotspot X="-140.0675" Y="4635.781" Z="104.8313" />
    <Hotspot X="-106.2913" Y="4672.474" Z="110.104" />
    <Hotspot X="-72.51504" Y="4709.167" Z="112.7819" />
    <Hotspot X="-42.60931" Y="4741.655" Z="115.153" />
    <Hotspot X="-86.97925" Y="4764.563" Z="112.5963" />
    <Hotspot X="-131.3492" Y="4787.471" Z="110.356" />
    <Hotspot X="-147.6437" Y="4795.883" Z="109.1007" />
    <Hotspot X="-116.6377" Y="4832.714" Z="122.6894" />
    <Hotspot X="-85.63179" Y="4869.545" Z="136.5355" />
    <Hotspot X="-78.07996" Y="4878.516" Z="139.3764" />
    <Hotspot X="-116.5938" Y="4910.399" Z="148.424" />
    <Hotspot X="-162.8105" Y="4948.659" Z="140.5442" />
    <Hotspot X="-164.1737" Y="4949.788" Z="140.2309" />
    <Hotspot X="-207.7776" Y="4926.952" Z="131.9962" />
    <Hotspot X="-251.3814" Y="4904.117" Z="123.8787" />
    <Hotspot X="-294.9852" Y="4881.281" Z="115.7611" />
    <Hotspot X="-338.5891" Y="4858.446" Z="105.9319" />
    <Hotspot X="-359.4343" Y="4847.529" Z="100.8734" />
    <Hotspot X="-380.813" Y="4923.531" Z="116.8807" />
    <Hotspot X="-394.1747" Y="4971.032" Z="122.8344" />
    <Hotspot X="-400.4019" Y="4993.17" Z="125.6091" />
    <Hotspot X="-435.5087" Y="4957.722" Z="140.1267" />
    <Hotspot X="-470.6155" Y="4922.274" Z="129.4606" />
    <Hotspot X="-505.7223" Y="4886.826" Z="118.7944" />
    <Hotspot X="-520.6019" Y="4871.802" Z="114.2737" />
    <Hotspot X="-499.8478" Y="4820.965" Z="111.7473" />
    <Hotspot X="-480.9805" Y="4774.75" Z="108.61" />
    <Hotspot X="-462.1132" Y="4728.534" Z="105.4726" />
    <Hotspot X="-458.6143" Y="4719.964" Z="104.8908" />
    <Hotspot X="-506.7608" Y="4712.021" Z="116.0342" />
    <Hotspot X="-559.7219" Y="4703.284" Z="128.2708" />
    <Hotspot X="-561.9268" Y="4702.92" Z="128.2822" />
    <Hotspot X="-641.1544" Y="4726.502" Z="156.3802" />
    <Hotspot X="-652.153" Y="4729.776" Z="150.826" />
    <Hotspot X="-668.497" Y="4775.997" Z="141.0027" />
    <Hotspot X="-684.8411" Y="4822.218" Z="131.1794" />
    <Hotspot X="-688.3124" Y="4832.035" Z="129.093" />
    <Hotspot X="-750.632" Y="4748.588" Z="195.7866" />
    <Hotspot X="-784.7374" Y="4702.92" Z="149.7266" />
    <Hotspot X="-779.9335" Y="4598.258" Z="331.3267" />
    <Hotspot X="-773.5284" Y="4458.708" Z="193.1935" />
    <Hotspot X="-772.3399" Y="4432.813" Z="167.5609" />
  </Hotspots>
</HBProfile>
