<HBProfile>
  <Name></Name>
  <MinDurability>0.4</MinDurability>
  <MinFreeBagSlots>1</MinFreeBagSlots>
  
  <MinLevel>1</MinLevel>
  <MaxLevel>86</MaxLevel>
  <Factions>99999</Factions>
  
  <MailGrey>False</MailGrey>
  <MailWhite>True</MailWhite>
  <MailGreen>True</MailGreen>
  <MailBlue>True</MailBlue>
  <MailPurple>True</MailPurple>
 
  <SellGrey>True</SellGrey>
  <SellWhite>True</SellWhite>
  <SellGreen>False</SellGreen>
  <SellBlue>False</SellBlue>
  <SellPurple>False</SellPurple>

	<Vendors>
		<Vendor Name="Blacksmith Abasi" Entry="48617" Type="Repair" X="-9404.68" Y="-906.438" Z="112.5411" />
	</Vendors>
	
	<Mailboxes>

	</Mailboxes>

  <Hotspots>
    <Hotspot X="-9786.54" Y="803.4197" Z="241.1806" />
    <Hotspot X="-9739.68" Y="814.3054" Z="260.4925" />
    <Hotspot X="-9693.221" Y="825.0978" Z="268.3096" />
    <Hotspot X="-9683.565" Y="782.1873" Z="252.7016" />
    <Hotspot X="-9671.979" Y="730.6947" Z="216.6774" />
    <Hotspot X="-9670.923" Y="725.9977" Z="213.3915" />
    <Hotspot X="-9629.131" Y="741.1738" Z="244.5458" />
    <Hotspot X="-9587.338" Y="756.3499" Z="262.0045" />
    <Hotspot X="-9565.172" Y="764.3991" Z="271.2642" />
    <Hotspot X="-9545.982" Y="718.3301" Z="268.1986" />
    <Hotspot X="-9540.441" Y="705.0291" Z="267.3136" />
    <Hotspot X="-9485.549" Y="708.2884" Z="268.3845" />
    <Hotspot X="-9435.646" Y="711.2515" Z="269.3581" />
    <Hotspot X="-9395.921" Y="713.6102" Z="270.1331" />
    <Hotspot X="-9346.851" Y="712.727" Z="289.0569" />
    <Hotspot X="-9297.78" Y="711.8438" Z="290.7295" />
    <Hotspot X="-9292.691" Y="711.7522" Z="290.2355" />
    <Hotspot X="-9306.412" Y="667.0621" Z="272.5004" />
    <Hotspot X="-9320.133" Y="622.3719" Z="254.7653" />
    <Hotspot X="-9321.596" Y="617.6072" Z="252.8745" />
    <Hotspot X="-9271.675" Y="617.6072" Z="256.9052" />
    <Hotspot X="-9216.762" Y="617.6072" Z="252.1613" />
    <Hotspot X="-9189.462" Y="617.6072" Z="245.4392" />
    <Hotspot X="-9191.004" Y="663.8668" Z="264.6868" />
    <Hotspot X="-9192.547" Y="710.1264" Z="283.3991" />
    <Hotspot X="-9193.592" Y="741.4821" Z="296.0827" />
    <Hotspot X="-9143.801" Y="737.2136" Z="294.4667" />
    <Hotspot X="-9094.01" Y="732.9451" Z="292.8508" />
    <Hotspot X="-8939.656" Y="719.7128" Z="287.8414" />
    <Hotspot X="-8935.825" Y="719.3844" Z="287.7171" />
    <Hotspot X="-8901.261" Y="688.743" Z="268.5758" />
    <Hotspot X="-8863.239" Y="655.0375" Z="247.5204" />
    <Hotspot X="-8838.483" Y="633.0916" Z="233.811" />
    <Hotspot X="-8798.194" Y="662.648" Z="251.1022" />
    <Hotspot X="-8760.81" Y="690.0742" Z="237.278" />
    <Hotspot X="-8715.531" Y="706.2678" Z="250.9746" />
    <Hotspot X="-8661.196" Y="725.7001" Z="270.5537" />
    <Hotspot X="-8646.49" Y="730.9595" Z="271.8591" />
    <Hotspot X="-8597.843" Y="773.9084" Z="268.1451" />
    <Hotspot X="-8560.421" Y="806.946" Z="265.2882" />
    <Hotspot X="-8511.773" Y="849.8948" Z="261.5742" />
    <Hotspot X="-8474.353" Y="882.9324" Z="258.7173" />
    <Hotspot X="-8436.931" Y="915.97" Z="255.8604" />
    <Hotspot X="-8399.51" Y="949.0076" Z="253.0035" />
    <Hotspot X="-8392.533" Y="955.1666" Z="252.4709" />
    <Hotspot X="-8374.971" Y="909.2104" Z="245.8841" />
    <Hotspot X="-8357.408" Y="863.2541" Z="234.8726" />
    <Hotspot X="-8355.371" Y="857.9247" Z="233.5956" />
    <Hotspot X="-8313.625" Y="831.1752" Z="240.0562" />
    <Hotspot X="-8271.879" Y="804.4256" Z="246.5169" />
    <Hotspot X="-8270.31" Y="803.4197" Z="246.7598" />
    <Hotspot X="-8302.583" Y="765.5999" Z="241.4587" />
    <Hotspot X="-8334.856" Y="727.7801" Z="236.1575" />
    <Hotspot X="-8336.377" Y="725.9977" Z="235.9077" />
    <Hotspot X="-8350.653" Y="678.2258" Z="239.6513" />
    <Hotspot X="-8364.931" Y="630.4538" Z="250.4469" />
    <Hotspot X="-8380.635" Y="577.9047" Z="251.4767" />
    <Hotspot X="-8397.767" Y="520.5782" Z="252.6002" />
    <Hotspot X="-8400.792" Y="510.4553" Z="252.7986" />
    <Hotspot X="-8411.313" Y="461.6217" Z="265.51" />
    <Hotspot X="-8429.78" Y="375.8931" Z="258.713" />
    <Hotspot X="-8479.624" Y="372.295" Z="260.3558" />
    <Hotspot X="-8529.467" Y="368.6971" Z="261.9987" />
    <Hotspot X="-8579.311" Y="365.099" Z="263.6415" />
    <Hotspot X="-8601.385" Y="363.5056" Z="264.3691" />
    <Hotspot X="-8700.983" Y="423.074" Z="376.3136" />
    <Hotspot X="-8703.137" Y="424.3621" Z="376.8953" />
    <Hotspot X="-8730.122" Y="452.0239" Z="376.7915" />
    <Hotspot X="-8757.107" Y="479.6857" Z="374.0016" />
    <Hotspot X="-8795.904" Y="519.4555" Z="267.8259" />
    <Hotspot X="-8945.145" Y="454.12" Z="302.9689" />
    <Hotspot X="-8960.049" Y="447.5949" Z="296.5859" />
    <Hotspot X="-9095.693" Y="432.2586" Z="377.144" />
    <Hotspot X="-9129.177" Y="428.4728" Z="374.1063" />
    <Hotspot X="-9097.175" Y="391.0251" Z="390.7134" />
    <Hotspot X="-9065.173" Y="353.5775" Z="398.1336" />
    <Hotspot X="-9033.171" Y="316.1299" Z="405.5539" />
    <Hotspot X="-9001.169" Y="278.6823" Z="411.3577" />
    <Hotspot X="-8997.043" Y="273.8541" Z="409.5171" />
    <Hotspot X="-9043.607" Y="259.9183" Z="403.801" />
    <Hotspot X="-9090.173" Y="245.9824" Z="391.2082" />
    <Hotspot X="-9136.737" Y="232.0466" Z="378.3024" />
    <Hotspot X="-9168.816" Y="222.446" Z="366.2585" />
    <Hotspot X="-9212.698" Y="244.4754" Z="356.8198" />
    <Hotspot X="-9256.58" Y="266.5048" Z="347.3812" />
    <Hotspot X="-9271.22" Y="273.8541" Z="344.2323" />
    <Hotspot X="-9295.534" Y="317.5432" Z="343.9269" />
    <Hotspot X="-9319.848" Y="361.2323" Z="354.0438" />
    <Hotspot X="-9344.162" Y="404.9214" Z="345.4713" />
    <Hotspot X="-9350.5" Y="416.3104" Z="343.2366" />
    <Hotspot X="-9394.563" Y="424.9211" Z="311.466" />
    <Hotspot X="-9458.653" Y="437.4458" Z="265.2542" />
    <Hotspot X="-9467.769" Y="439.2272" Z="258.6814" />
    <Hotspot X="-9465.483" Y="390.9565" Z="308.9069" />
    <Hotspot X="-9463.198" Y="342.6859" Z="315.4605" />
    <Hotspot X="-9462.813" Y="334.5528" Z="315.6315" />
    <Hotspot X="-9413.347" Y="331.5849" Z="325.3392" />
    <Hotspot X="-9380.229" Y="329.5979" Z="326.7381" />
    <Hotspot X="-9400.306" Y="293.4352" Z="314.9286" />
    <Hotspot X="-9422.391" Y="253.6563" Z="289.3697" />
    <Hotspot X="-9446.251" Y="210.6779" Z="234.3564" />
    <Hotspot X="-9470.844" Y="170.9787" Z="216.4912" />
    <Hotspot X="-9495.437" Y="131.2795" Z="198.626" />
    <Hotspot X="-9510.711" Y="106.6228" Z="187.5302" />
    <Hotspot X="-9461.666" Y="106.8004" Z="197.254" />
    <Hotspot X="-9412.621" Y="106.978" Z="206.9778" />
    <Hotspot X="-9376.927" Y="107.1072" Z="214.0545" />
    <Hotspot X="-9356.68" Y="61.60851" Z="209.5903" />
    <Hotspot X="-9336.433" Y="16.10985" Z="205.1261" />
    <Hotspot X="-9329.028" Y="-0.5291102" Z="203.4936" />
    <Hotspot X="-9300.329" Y="-41.29939" Z="215.5478" />
    <Hotspot X="-9271.629" Y="-82.06967" Z="219.6392" />
    <Hotspot X="-9242.93" Y="-122.84" Z="223.034" />
    <Hotspot X="-9214.23" Y="-163.6102" Z="222.4207" />
    <Hotspot X="-9188.637" Y="-199.9677" Z="221.8737" />
    <Hotspot X="-9186.961" Y="-249.9166" Z="220.3557" />
    <Hotspot X="-9185.285" Y="-299.8654" Z="218.8378" />
    <Hotspot X="-9183.609" Y="-349.8143" Z="217.3198" />
    <Hotspot X="-9182.029" Y="-396.929" Z="215.8879" />
    <Hotspot X="-9201.776" Y="-441.6669" Z="205.4672" />
    <Hotspot X="-9221.522" Y="-486.4047" Z="195.0465" />
    <Hotspot X="-9221.67" Y="-486.7383" Z="194.9688" />
    <Hotspot X="-9257.201" Y="-521.9146" Z="195.4157" />
    <Hotspot X="-9292.732" Y="-557.0908" Z="201.9445" />
    <Hotspot X="-9304.253" Y="-568.4959" Z="195.8686" />
    <Hotspot X="-9336.622" Y="-530.3875" Z="200.0659" />
    <Hotspot X="-9368.99" Y="-492.2791" Z="204.5337" />
    <Hotspot X="-9401.359" Y="-454.1707" Z="203.0334" />
    <Hotspot X="-9433.728" Y="-416.0623" Z="201.5332" />
    <Hotspot X="-9446.297" Y="-401.2646" Z="195.3298" />
    <Hotspot X="-9500.487" Y="-409.3932" Z="202.2017" />
    <Hotspot X="-9528.88" Y="-413.6521" Z="202.5276" />
    <Hotspot X="-9517.687" Y="-462.0728" Z="204.4285" />
    <Hotspot X="-9506.493" Y="-510.4935" Z="204.7767" />
    <Hotspot X="-9495.3" Y="-558.9141" Z="205.1249" />
    <Hotspot X="-9484.106" Y="-607.3348" Z="182.7837" />
    <Hotspot X="-9482.633" Y="-613.7102" Z="179.8421" />
    <Hotspot X="-9488.861" Y="-663.1507" Z="184.1438" />
    <Hotspot X="-9492.543" Y="-692.3708" Z="186.3707" />
    <Hotspot X="-9450.41" Y="-719.1938" Z="184.0569" />
    <Hotspot X="-9421.521" Y="-737.5853" Z="182.4704" />
    <Hotspot X="-9452.666" Y="-776.6974" Z="181.9798" />
    <Hotspot X="-9483.812" Y="-815.8096" Z="181.4892" />
    <Hotspot X="-9492.543" Y="-826.7753" Z="181.3517" />
    <Hotspot X="-9448.229" Y="-849.371" Z="189.3871" />
    <Hotspot X="-9403.916" Y="-871.9668" Z="194.4178" />
    <Hotspot X="-9359.603" Y="-894.5626" Z="199.4483" />
    <Hotspot X="-9315.29" Y="-917.1584" Z="204.4789" />
    <Hotspot X="-9270.977" Y="-939.7542" Z="209.2245" />
    <Hotspot X="-9226.663" Y="-962.3499" Z="212.0568" />
    <Hotspot X="-9221.67" Y="-964.8959" Z="212.3759" />
    <Hotspot X="-9226.287" Y="-915.1155" Z="211.6106" />
    <Hotspot X="-9230.904" Y="-865.335" Z="213.9357" />
    <Hotspot X="-9234.883" Y="-822.4397" Z="210.1857" />
    <Hotspot X="-9185.189" Y="-818.7127" Z="218.1233" />
    <Hotspot X="-9135.497" Y="-814.9857" Z="220.5076" />
    <Hotspot X="-9111.008" Y="-813.149" Z="220.3772" />
    <Hotspot X="-9104.61" Y="-763.5648" Z="223.4036" />
    <Hotspot X="-9098.212" Y="-713.9807" Z="223.6228" />
    <Hotspot X="-9091.814" Y="-664.3965" Z="223.842" />
    <Hotspot X="-9086.233" Y="-621.1428" Z="217.6996" />
    <Hotspot X="-9036.782" Y="-625.6293" Z="223.5654" />
    <Hotspot X="-8987.33" Y="-630.1158" Z="229.4313" />
    <Hotspot X="-8983.83" Y="-630.4333" Z="229.8464" />
    <Hotspot X="-8943.619" Y="-601.1537" Z="234.9256" />
    <Hotspot X="-8903.408" Y="-571.8741" Z="240.0049" />
    <Hotspot X="-8863.197" Y="-542.5945" Z="245.0841" />
    <Hotspot X="-8822.987" Y="-513.3149" Z="250.1633" />
    <Hotspot X="-8813.708" Y="-506.5584" Z="251.3354" />
    <Hotspot X="-8838.11" Y="-463.3466" Z="245.2296" />
    <Hotspot X="-8862.512" Y="-420.1347" Z="242.2665" />
    <Hotspot X="-8873.168" Y="-401.2646" Z="236.4575" />
    <Hotspot X="-8921.809" Y="-391.1311" Z="230.856" />
    <Hotspot X="-8970.45" Y="-380.9976" Z="225.6879" />
    <Hotspot X="-9006.953" Y="-373.3927" Z="221.0507" />
    <Hotspot X="-8964.427" Y="-347.7626" Z="227.6012" />
    <Hotspot X="-8921.899" Y="-322.1325" Z="232.9093" />
    <Hotspot X="-8914.46" Y="-317.6489" Z="233.8379" />
    <Hotspot X="-8871.721" Y="-291.9175" Z="237.1978" />
    <Hotspot X="-8828.982" Y="-266.1861" Z="240.5577" />
    <Hotspot X="-8786.243" Y="-240.4547" Z="243.9176" />
    <Hotspot X="-8743.505" Y="-214.7233" Z="247.2775" />
    <Hotspot X="-8734.428" Y="-209.2584" Z="247.9911" />
    <Hotspot X="-8698.533" Y="-243.5217" Z="254.1234" />
    <Hotspot X="-8662.639" Y="-277.785" Z="264.0435" />
    <Hotspot X="-8643.587" Y="-295.9709" Z="263.5105" />
    <Hotspot X="-8621.465" Y="-251.4197" Z="268.5904" />
    <Hotspot X="-8599.343" Y="-206.8685" Z="273.6908" />
    <Hotspot X="-8577.221" Y="-162.3173" Z="278.7913" />
    <Hotspot X="-8555.099" Y="-117.7661" Z="283.8917" />
    <Hotspot X="-8554.396" Y="-116.3521" Z="283.9911" />
    <Hotspot X="-8509.214" Y="-95.00296" Z="287.6556" />
    <Hotspot X="-8471.813" Y="-77.33143" Z="280.9857" />
    <Hotspot X="-8481.21" Y="-28.29339" Z="290.7776" />
    <Hotspot X="-8490.605" Y="20.74465" Z="286.9749" />
    <Hotspot X="-8491.633" Y="26.10419" Z="286.5593" />
    <Hotspot X="-8460.517" Y="71.11145" Z="280.9796" />
    <Hotspot X="-8432.229" Y="112.0271" Z="275.907" />
    <Hotspot X="-8403.942" Y="152.9428" Z="270.8345" />
    <Hotspot X="-8399.14" Y="159.8891" Z="269.9733" />
    <Hotspot X="-8373.509" Y="114.0809" Z="286.3947" />
    <Hotspot X="-8334.68" Y="44.68538" Z="311.2718" />
    <Hotspot X="-8329.367" Y="-4.902161" Z="314.8571" />
    <Hotspot X="-8324.055" Y="-54.4897" Z="318.4424" />
    <Hotspot X="-8320.912" Y="-83.82494" Z="320.5634" />
    <Hotspot X="-8352.743" Y="-120.3025" Z="308.0654" />
    <Hotspot X="-8384.573" Y="-156.7801" Z="295.5674" />
    <Hotspot X="-8392.533" Y="-165.9022" Z="292.442" />
    <Hotspot X="-8422.978" Y="-204.9584" Z="285.53" />
    <Hotspot X="-8453.421" Y="-244.0146" Z="278.6181" />
    <Hotspot X="-8455.297" Y="-246.4208" Z="278.1923" />
    <Hotspot X="-8410.642" Y="-249.9284" Z="300.4088" />
    <Hotspot X="-8365.985" Y="-253.4361" Z="322.6257" />
    <Hotspot X="-8321.33" Y="-256.9437" Z="344.8421" />
    <Hotspot X="-8301.491" Y="-258.502" Z="354.7121" />
    <Hotspot X="-8325.105" Y="-313.6592" Z="354.5321" />
    <Hotspot X="-8344.784" Y="-359.6236" Z="354.3822" />
    <Hotspot X="-8364.463" Y="-405.588" Z="354.2322" />
    <Hotspot X="-8384.143" Y="-451.5523" Z="354.0822" />
    <Hotspot X="-8386.033" Y="-455.9694" Z="354.0678" />
    <Hotspot X="-8419.636" Y="-492.8255" Z="353.2882" />
    <Hotspot X="-8453.237" Y="-529.6816" Z="351.157" />
    <Hotspot X="-8486.84" Y="-566.5377" Z="349.0257" />
    <Hotspot X="-8520.441" Y="-603.3937" Z="342.1395" />
    <Hotspot X="-8542.835" Y="-627.9558" Z="337.5503" />
    <Hotspot X="-8543.686" Y="-676.1149" Z="351.0788" />
    <Hotspot X="-8544.486" Y="-721.4814" Z="363.6038" />
    <Hotspot X="-8539.29" Y="-771.1658" Z="368.1028" />
    <Hotspot X="-8534.576" Y="-816.246" Z="359.5715" />
    <Hotspot X="-8529.295" Y="-865.7592" Z="355.3876" />
    <Hotspot X="-8524.666" Y="-909.1522" Z="351.0642" />
    <Hotspot X="-8525.479" Y="-959.0792" Z="353.6397" />
    <Hotspot X="-8526.318" Y="-1010.73" Z="356.3042" />
    <Hotspot X="-8563.929" Y="-996.2177" Z="326.726" />
    <Hotspot X="-8601.539" Y="-981.7059" Z="309.1067" />
    <Hotspot X="-8629.463" Y="-970.9315" Z="275.1872" />
    <Hotspot X="-8669.536" Y="-941.2957" Z="272.1904" />
    <Hotspot X="-8709.609" Y="-911.6597" Z="269.7043" />
    <Hotspot X="-8749.683" Y="-882.0238" Z="264.055" />
    <Hotspot X="-8769.113" Y="-867.6542" Z="261.3157" />
    <Hotspot X="-8791.719" Y="-911.785" Z="254.8769" />
    <Hotspot X="-8814.324" Y="-955.9159" Z="250.2332" />
    <Hotspot X="-8825.27" Y="-977.2833" Z="245.3204" />
    <Hotspot X="-8861.042" Y="-942.5051" Z="243.3604" />
    <Hotspot X="-8896.813" Y="-907.7269" Z="242.3378" />
    <Hotspot X="-8914.46" Y="-890.5708" Z="237.1108" />
    <Hotspot X="-8938.602" Y="-934.026" Z="236.9196" />
    <Hotspot X="-8962.743" Y="-977.4811" Z="234.5158" />
    <Hotspot X="-8986.885" Y="-1020.936" Z="232.112" />
    <Hotspot X="-9011.026" Y="-1064.391" Z="216.689" />
    <Hotspot X="-9013.56" Y="-1068.951" Z="215.0707" />
    <Hotspot X="-9062.023" Y="-1080.953" Z="215.0707" />
    <Hotspot X="-9115.335" Y="-1094.155" Z="215.0707" />
    <Hotspot X="-9163.799" Y="-1106.156" Z="208.674" />
    <Hotspot X="-9188.637" Y="-1112.307" Z="205.3957" />
    <Hotspot X="-9243.8" Y="-1162.874" Z="201.3003" />
    <Hotspot X="-9277.826" Y="-1194.065" Z="197.2957" />
    <Hotspot X="-9288.459" Y="-1224.987" Z="202.1382" />
    <Hotspot X="-9299.093" Y="-1255.91" Z="199.9797" />
    <Hotspot X="-9309.726" Y="-1286.833" Z="196.5371" />
    <Hotspot X="-9320.358" Y="-1317.756" Z="190.4012" />
    <Hotspot X="-9330.991" Y="-1348.679" Z="182.5528" />
    <Hotspot X="-9341.625" Y="-1379.601" Z="77.94795" />
    <Hotspot X="-9352.258" Y="-1410.524" Z="-26.65624" />
    <Hotspot X="-9358.758" Y="-1429.427" Z="-90.60039" />
    <Hotspot X="-9336.485" Y="-1417.35" Z="146.7377" />
    <Hotspot X="-9314.212" Y="-1405.273" Z="147.1435" />
    <Hotspot X="-9291.939" Y="-1393.196" Z="147.5492" />
    <Hotspot X="-9269.667" Y="-1381.119" Z="146.9032" />
    <Hotspot X="-9247.395" Y="-1369.042" Z="146.2573" />
    <Hotspot X="-9236.535" Y="-1363.154" Z="145.9423" />
    <Hotspot X="-9190.585" Y="-1348.21" Z="186.9397" />
    <Hotspot X="-9144.634" Y="-1333.266" Z="194.8701" />
    <Hotspot X="-9098.684" Y="-1318.322" Z="196.7141" />
    <Hotspot X="-9052.733" Y="-1303.378" Z="198.0683" />
    <Hotspot X="-9049.896" Y="-1302.455" Z="198.1519" />
    <Hotspot X="-9001.834" Y="-1289.412" Z="203.2224" />
    <Hotspot X="-8953.771" Y="-1276.368" Z="207.2951" />
    <Hotspot X="-8924.37" Y="-1268.389" Z="209.7864" />
    <Hotspot X="-8878.221" Y="-1287.158" Z="214.0232" />
    <Hotspot X="-8832.071" Y="-1305.927" Z="218.26" />
    <Hotspot X="-8807.102" Y="-1316.082" Z="220.5523" />
    <Hotspot X="-8814.386" Y="-1266.91" Z="225.9419" />
    <Hotspot X="-8821.671" Y="-1217.738" Z="232.0163" />
    <Hotspot X="-8828.955" Y="-1168.566" Z="237.9637" />
    <Hotspot X="-8830.225" Y="-1159.999" Z="237.6599" />
    <Hotspot X="-8862.739" Y="-1122.102" Z="238.1441" />
    <Hotspot X="-8891.337" Y="-1088.771" Z="232.8246" />
    <Hotspot X="-8837.112" Y="-1080.185" Z="236.1336" />
    <Hotspot X="-8787.816" Y="-1072.38" Z="239.1418" />
    <Hotspot X="-8774.979" Y="-1070.348" Z="239.9252" />
    <Hotspot X="-8755.683" Y="-1116.473" Z="240.3235" />
    <Hotspot X="-8736.387" Y="-1162.597" Z="240.7218" />
    <Hotspot X="-8724.519" Y="-1190.968" Z="240.9668" />
    <Hotspot X="-8660.947" Y="-1155.648" Z="291.2948" />
    <Hotspot X="-8622.479" Y="-1134.276" Z="294.473" />
    <Hotspot X="-8625.918" Y="-1184.154" Z="293.8758" />
    <Hotspot X="-8629.356" Y="-1234.032" Z="293.2786" />
    <Hotspot X="-8632.024" Y="-1272.725" Z="292.8153" />
    <Hotspot X="-8630.273" Y="-1322.645" Z="290.5904" />
    <Hotspot X="-8628.722" Y="-1366.87" Z="288.6192" />
    <Hotspot X="-8666.006" Y="-1393.304" Z="268.3425" />
    <Hotspot X="-8703.29" Y="-1419.738" Z="256.1712" />
    <Hotspot X="-8734.428" Y="-1441.814" Z="231.1316" />
    <Hotspot X="-8782.398" Y="-1445.562" Z="217.5383" />
    <Hotspot X="-8813.708" Y="-1448.008" Z="208.6663" />
    <Hotspot X="-8788.512" Y="-1490.431" Z="216.7557" />
    <Hotspot X="-8763.314" Y="-1532.854" Z="335.0549" />
    <Hotspot X="-8738.118" Y="-1575.277" Z="252.2126" />
    <Hotspot X="-8732.776" Y="-1584.271" Z="234.6495" />
    <Hotspot X="-8691.179" Y="-1587.767" Z="262.1712" />
    <Hotspot X="-8637.103" Y="-1592.312" Z="298.0228" />
    <Hotspot X="-8636.979" Y="-1592.323" Z="298.0311" />
    <Hotspot X="-8669.275" Y="-1636.604" Z="263.0863" />
    <Hotspot X="-8689.833" Y="-1664.79" Z="240.8434" />
    <Hotspot X="-8740.061" Y="-1679.278" Z="223.749" />
    <Hotspot X="-8775.72" Y="-1689.565" Z="211.6131" />
    <Hotspot X="-8792.934" Y="-1734.798" Z="224.1659" />
    <Hotspot X="-8810.148" Y="-1780.032" Z="236.7189" />
    <Hotspot X="-8827.028" Y="-1824.389" Z="249.0282" />
    <Hotspot X="-8876.406" Y="-1832.177" Z="247.9402" />
    <Hotspot X="-8925.784" Y="-1839.964" Z="246.8521" />
    <Hotspot X="-8975.162" Y="-1847.752" Z="245.7641" />
    <Hotspot X="-9024.539" Y="-1855.54" Z="244.6761" />
    <Hotspot X="-9073.917" Y="-1863.328" Z="243.5881" />
    <Hotspot X="-9079.627" Y="-1864.229" Z="243.4622" />
    <Hotspot X="-9123.693" Y="-1848.954" Z="225.438" />
    <Hotspot X="-9167.76" Y="-1833.68" Z="207.4139" />
    <Hotspot X="-9211.825" Y="-1818.406" Z="189.3899" />
    <Hotspot X="-9255.892" Y="-1803.132" Z="171.3656" />
    <Hotspot X="-9293.602" Y="-1790.061" Z="155.9413" />
    <Hotspot X="-9338.538" Y="-1770.033" Z="150.4796" />
    <Hotspot X="-9383.476" Y="-1750.005" Z="140.1629" />
    <Hotspot X="-9428.412" Y="-1729.976" Z="129.8465" />
    <Hotspot X="-9449.6" Y="-1720.533" Z="124.9823" />
    <Hotspot X="-9443.916" Y="-1701.883" Z="124.4013" />
    <Hotspot X="-9438.231" Y="-1683.232" Z="123.3085" />
    <Hotspot X="-9432.548" Y="-1664.582" Z="121.444" />
    <Hotspot X="-9426.863" Y="-1645.931" Z="119.5795" />
    <Hotspot X="-9423.173" Y="-1633.821" Z="-89.08067" />
    <Hotspot X="-9445.525" Y="-1637.943" Z="117.2465" />
    <Hotspot X="-9467.877" Y="-1642.066" Z="116.0521" />
    <Hotspot X="-9490.229" Y="-1646.188" Z="114.8577" />
    <Hotspot X="-9512.582" Y="-1650.31" Z="113.0451" />
    <Hotspot X="-9523.925" Y="-1652.402" Z="111.6596" />
    <Hotspot X="-9555.884" Y="-1690.843" Z="110.6907" />
    <Hotspot X="-9587.842" Y="-1729.284" Z="109.8447" />
    <Hotspot X="-9611.463" Y="-1757.696" Z="109.0056" />
    <Hotspot X="-9578.131" Y="-1786.015" Z="133.2325" />
    <Hotspot X="-9544.798" Y="-1814.335" Z="158.7727" />
    <Hotspot X="-9511.466" Y="-1842.655" Z="184.3123" />
    <Hotspot X="-9505.757" Y="-1847.505" Z="185.8355" />
    <Hotspot X="-9551.67" Y="-1906.669" Z="182.5575" />
    <Hotspot X="-9582.279" Y="-1946.112" Z="184.0295" />
    <Hotspot X="-9612.889" Y="-1985.554" Z="184.019" />
    <Hotspot X="-9658.802" Y="-2044.718" Z="172.809" />
    <Hotspot X="-9659.936" Y="-2046.179" Z="172.1624" />
    <Hotspot X="-9706.376" Y="-2042.683" Z="163.5485" />
    <Hotspot X="-9748.507" Y="-2039.511" Z="137.4587" />
    <Hotspot X="-9762.333" Y="-2087.47" Z="135.7561" />
    <Hotspot X="-9776.158" Y="-2135.428" Z="135.7381" />
    <Hotspot X="-9789.984" Y="-2183.386" Z="135.7202" />
    <Hotspot X="-9803.81" Y="-2231.344" Z="135.7022" />
    <Hotspot X="-9817.636" Y="-2279.303" Z="135.6843" />
    <Hotspot X="-9831.462" Y="-2327.261" Z="135.6664" />
    <Hotspot X="-9852.2" Y="-2399.198" Z="133.3342" />
    <Hotspot X="-9866.025" Y="-2447.157" Z="131.7794" />
    <Hotspot X="-9879.852" Y="-2495.115" Z="118.463" />
    <Hotspot X="-9892.246" Y="-2538.108" Z="106.5251" />
    <Hotspot X="-9921.317" Y="-2578.247" Z="137.4504" />
    <Hotspot X="-9950.39" Y="-2618.385" Z="134.4545" />
    <Hotspot X="-9964.92" Y="-2638.447" Z="123.0566" />
    <Hotspot X="-9961.176" Y="-2588.602" Z="121.8654" />
    <Hotspot X="-9957.432" Y="-2538.757" Z="122.9446" />
    <Hotspot X="-9953.688" Y="-2488.911" Z="124.0237" />
    <Hotspot X="-9949.943" Y="-2439.066" Z="125.1029" />
    <Hotspot X="-9948.403" Y="-2418.569" Z="117.8019" />
    <Hotspot X="-9996.41" Y="-2407.825" Z="117.7946" />
    <Hotspot X="-10044.42" Y="-2397.082" Z="100.9663" />
    <Hotspot X="-10050.81" Y="-2395.652" Z="98.7261" />
    <Hotspot X="-10090.05" Y="-2426.578" Z="100.9579" />
    <Hotspot X="-10129.3" Y="-2457.503" Z="99.55811" />
    <Hotspot X="-10168.55" Y="-2488.429" Z="98.15835" />
    <Hotspot X="-10207.79" Y="-2519.355" Z="96.75858" />
    <Hotspot X="-10247.04" Y="-2550.28" Z="95.03922" />
    <Hotspot X="-10286.29" Y="-2581.206" Z="90.17188" />
    <Hotspot X="-10311.77" Y="-2601.284" Z="86.68513" />
    <Hotspot X="-10361.38" Y="-2595.266" Z="100.7229" />
    <Hotspot X="-10410.99" Y="-2589.247" Z="92.5491" />
    <Hotspot X="-10424.08" Y="-2587.658" Z="90.39156" />
    <Hotspot X="-10464.12" Y="-2559.788" Z="101.3691" />
    <Hotspot X="-10504.15" Y="-2531.917" Z="162.1628" />
    <Hotspot X="-10544.19" Y="-2504.047" Z="170.0222" />
    <Hotspot X="-10584.22" Y="-2476.177" Z="177.8815" />
    <Hotspot X="-10624.25" Y="-2448.307" Z="180.575" />
    <Hotspot X="-10664.29" Y="-2420.436" Z="181.8511" />
    <Hotspot X="-10704.32" Y="-2392.566" Z="183.1271" />
    <Hotspot X="-10744.36" Y="-2364.696" Z="182.1894" />
    <Hotspot X="-10757.72" Y="-2355.393" Z="181.8764" />
    <Hotspot X="-10753" Y="-2305.618" Z="182.822" />
    <Hotspot X="-10748.28" Y="-2255.843" Z="182.4581" />
    <Hotspot X="-10744.51" Y="-2216.033" Z="180.7583" />
    <Hotspot X="-10790.61" Y="-2233.829" Z="188.3862" />
    <Hotspot X="-10836.7" Y="-2251.624" Z="196.014" />
    <Hotspot X="-10856.82" Y="-2259.39" Z="199.3426" />
    <Hotspot X="-10884.17" Y="-2224.297" Z="222.1522" />
    <Hotspot X="-10911.53" Y="-2189.205" Z="251.2619" />
    <Hotspot X="-10919.58" Y="-2178.871" Z="251.6785" />
    <Hotspot X="-10907.04" Y="-2130.473" Z="252.2841" />
    <Hotspot X="-10894.5" Y="-2082.075" Z="252.8898" />
    <Hotspot X="-10881.96" Y="-2033.678" Z="253.4954" />
    <Hotspot X="-10869.42" Y="-1985.28" Z="254.1011" />
    <Hotspot X="-10858.67" Y="-1943.821" Z="254.6199" />
    <Hotspot X="-11006.22" Y="-1943.514" Z="119.6063" />
    <Hotspot X="-11008.77" Y="-1943.508" Z="117.2722" />
    <Hotspot X="-11055.13" Y="-1927.411" Z="107.6961" />
    <Hotspot X="-11106.13" Y="-1909.705" Z="97.16236" />
    <Hotspot X="-11152.49" Y="-1893.608" Z="87.5862" />
    <Hotspot X="-11187.15" Y="-1881.571" Z="80.42548" />
    <Hotspot X="-11200.04" Y="-1833.259" Z="81.8194" />
    <Hotspot X="-11212.92" Y="-1784.948" Z="80.88132" />
    <Hotspot X="-11213.58" Y="-1782.471" Z="80.31837" />
    <Hotspot X="-11163.58" Y="-1782.471" Z="80.33035" />
    <Hotspot X="-11124.39" Y="-1782.471" Z="80.33973" />
    <Hotspot X="-11080.71" Y="-1758.131" Z="82.19902" />
    <Hotspot X="-11037.04" Y="-1733.791" Z="81.57548" />
    <Hotspot X="-11005.47" Y="-1716.198" Z="80.59328" />
    <Hotspot X="-11073.13" Y="-1698.236" Z="80.90399" />
    <Hotspot X="-11121.45" Y="-1685.406" Z="81.12899" />
    <Hotspot X="-11169.77" Y="-1672.577" Z="80.61723" />
    <Hotspot X="-11192.11" Y="-1666.648" Z="79.3596" />
    <Hotspot X="-11207.21" Y="-1618.982" Z="79.06351" />
    <Hotspot X="-11222.3" Y="-1571.317" Z="83.09679" />
    <Hotspot X="-11237.4" Y="-1523.651" Z="79.68937" />
    <Hotspot X="-11243.31" Y="-1504.991" Z="78.3554" />
    <Hotspot X="-11266.61" Y="-1460.764" Z="83.45694" />
    <Hotspot X="-11289.9" Y="-1416.537" Z="81.5901" />
    <Hotspot X="-11296.16" Y="-1404.652" Z="80.91665" />
    <Hotspot X="-11341.27" Y="-1383.123" Z="81.95783" />
    <Hotspot X="-11386.38" Y="-1361.593" Z="78.40448" />
    <Hotspot X="-11387" Y="-1361.296" Z="78.3554" />
    <Hotspot X="-11416.47" Y="-1320.899" Z="82.46643" />
    <Hotspot X="-11439.86" Y="-1288.829" Z="78.3554" />
    <Hotspot X="-11390.61" Y="-1280.166" Z="82.15582" />
    <Hotspot X="-11341.37" Y="-1271.503" Z="79.94216" />
    <Hotspot X="-11306.07" Y="-1265.293" Z="78.3554" />
    <Hotspot X="-11256.41" Y="-1259.524" Z="78.39648" />
    <Hotspot X="-11206.74" Y="-1253.755" Z="85.46077" />
    <Hotspot X="-11157.08" Y="-1247.987" Z="81.50658" />
    <Hotspot X="-11119.43" Y="-1243.615" Z="78.50979" />
    <Hotspot X="-11070.79" Y="-1232.069" Z="79.21185" />
    <Hotspot X="-11022.15" Y="-1220.524" Z="80.07896" />
    <Hotspot X="-10988.95" Y="-1212.646" Z="80.39298" />
    <Hotspot X="-10939.48" Y="-1219.892" Z="80.67989" />
    <Hotspot X="-10890.01" Y="-1227.139" Z="80.98895" />
    <Hotspot X="-10883.25" Y="-1228.13" Z="81.00603" />
    <Hotspot X="-10828.49" Y="-1222.996" Z="86.67715" />
    <Hotspot X="-10784.15" Y="-1218.84" Z="81.131" />
    <Hotspot X="-10734.88" Y="-1227.327" Z="81.63138" />
    <Hotspot X="-10685.6" Y="-1235.814" Z="82.2967" />
    <Hotspot X="-10685.25" Y="-1235.876" Z="82.13537" />
    <Hotspot X="-10721.3" Y="-1208.067" Z="102.7981" />
    <Hotspot X="-10757.35" Y="-1180.259" Z="130.6822" />
    <Hotspot X="-10793.4" Y="-1152.45" Z="158.5663" />
    <Hotspot X="-10836.66" Y="-1119.08" Z="192.0276" />
    <Hotspot X="-10872.72" Y="-1091.271" Z="219.9118" />
    <Hotspot X="-10908.77" Y="-1063.462" Z="234.6289" />
    <Hotspot X="-10944.82" Y="-1035.654" Z="249.346" />
    <Hotspot X="-10980.87" Y="-1007.845" Z="264.0631" />
    <Hotspot X="-11020.53" Y="-977.2557" Z="280.252" />
    <Hotspot X="-11056.58" Y="-949.4471" Z="294.9691" />
    <Hotspot X="-11056.63" Y="-949.4116" Z="294.9879" />
    <Hotspot X="-11103.5" Y="-943.8514" Z="339.7859" />
    <Hotspot X="-11150.37" Y="-938.2912" Z="341.407" />
    <Hotspot X="-11187.15" Y="-933.9272" Z="340.9389" />
    <Hotspot X="-11152.35" Y="-902.8184" Z="342.3679" />
    <Hotspot X="-11117.55" Y="-871.7095" Z="340.2281" />
    <Hotspot X="-11058.39" Y="-818.8243" Z="309.733" />
    <Hotspot X="-11045.11" Y="-806.9553" Z="267.8028" />
    <Hotspot X="-11018.6" Y="-765.265" Z="243.6348" />
    <Hotspot X="-10994.5" Y="-727.3646" Z="221.6638" />
    <Hotspot X="-10970.4" Y="-689.4642" Z="199.6929" />
    <Hotspot X="-10946.3" Y="-651.5639" Z="177.722" />
    <Hotspot X="-10922.2" Y="-613.6636" Z="155.751" />
    <Hotspot X="-10898.1" Y="-575.7632" Z="133.7801" />
    <Hotspot X="-10891.5" Y="-565.399" Z="127.7719" />
    <Hotspot X="-10940.84" Y="-557.6093" Z="126.9126" />
    <Hotspot X="-10990.17" Y="-549.8195" Z="125.5242" />
    <Hotspot X="-11039.51" Y="-542.0297" Z="121.4594" />
    <Hotspot X="-11048.41" Y="-540.624" Z="120.409" />
    <Hotspot X="-11088.12" Y="-510.7088" Z="125.7361" />
    <Hotspot X="-11127.83" Y="-480.7935" Z="131.0632" />
    <Hotspot X="-11167.54" Y="-450.8783" Z="136.3903" />
    <Hotspot X="-11211.21" Y="-417.9716" Z="142.2501" />
    <Hotspot X="-11226.43" Y="-406.5102" Z="144.291" />
    <Hotspot X="-11248.98" Y="-362.4006" Z="137.5346" />
    <Hotspot X="-11271.54" Y="-318.291" Z="130.7782" />
    <Hotspot X="-11282.95" Y="-295.9709" Z="127.3594" />
    <Hotspot X="-11239.58" Y="-271.8829" Z="121.0995" />
    <Hotspot X="-11196.22" Y="-247.7948" Z="114.8396" />
    <Hotspot X="-11152.85" Y="-223.7068" Z="108.5798" />
    <Hotspot X="-11109.49" Y="-199.6187" Z="102.3199" />
    <Hotspot X="-11066.12" Y="-175.5307" Z="96.06006" />
    <Hotspot X="-11022.75" Y="-151.4427" Z="89.80013" />
    <Hotspot X="-11015.33" Y="-147.321" Z="88.729" />
    <Hotspot X="-10982.4" Y="-184.9175" Z="87.34365" />
    <Hotspot X="-10949.47" Y="-222.5141" Z="85.95829" />
    <Hotspot X="-10937.75" Y="-235.8915" Z="85.46536" />
    <Hotspot X="-10918.91" Y="-184.5901" Z="96.30707" />
    <Hotspot X="-10901.78" Y="-137.9524" Z="103.0576" />
    <Hotspot X="-10882.93" Y="-86.651" Z="106.8802" />
    <Hotspot X="-10865.8" Y="-40.01333" Z="110.3553" />
    <Hotspot X="-10855.17" Y="-11.05839" Z="112.5129" />
    <Hotspot X="-10851.2" Y="38.59288" Z="112.4931" />
    <Hotspot X="-10847.22" Y="88.24414" Z="106.5559" />
    <Hotspot X="-10843.25" Y="137.8954" Z="100.6188" />
    <Hotspot X="-10840.3" Y="174.7541" Z="96.2113" />
    <Hotspot X="-10799.8" Y="145.4721" Z="100.6387" />
    <Hotspot X="-10759.29" Y="116.19" Z="101.6038" />
    <Hotspot X="-10718.78" Y="86.90794" Z="102.5689" />
    <Hotspot X="-10703.21" Y="75.6541" Z="100.7104" />
    <Hotspot X="-10648.22" Y="74.81918" Z="101.9564" />
    <Hotspot X="-10598.23" Y="74.06017" Z="103.4149" />
    <Hotspot X="-10548.23" Y="73.30116" Z="104.8735" />
    <Hotspot X="-10498.24" Y="72.54215" Z="106.332" />
    <Hotspot X="-10448.24" Y="71.78314" Z="107.7905" />
    <Hotspot X="-10398.25" Y="71.02413" Z="109.249" />
    <Hotspot X="-10348.26" Y="70.26512" Z="110.0695" />
    <Hotspot X="-10298.26" Y="69.50611" Z="101.1815" />
    <Hotspot X="-10295.25" Y="69.46043" Z="100.6466" />
    <Hotspot X="-10289.27" Y="20.88568" Z="112.4817" />
    <Hotspot X="-10285.34" Y="-11.05839" Z="117.612" />
    <Hotspot X="-10360.49" Y="-38.56861" Z="212.0387" />
    <Hotspot X="-10441.9" Y="-68.37135" Z="348.3866" />
    <Hotspot X="-10473.21" Y="-79.83394" Z="360.9059" />
    <Hotspot X="-10491.76" Y="-86.62212" Z="363.2268" />
    <Hotspot X="-10537.9" Y="-100.7064" Z="350.0996" />
    <Hotspot X="-10584.04" Y="-114.7907" Z="337.1199" />
    <Hotspot X="-10589.16" Y="-116.3521" Z="335.5172" />
    <Hotspot X="-10655.61" Y="-215.9076" Z="237.0388" />
    <Hotspot X="-10663.58" Y="-227.8396" Z="225.2359" />
    <Hotspot X="-10692.47" Y="-255.0086" Z="215.6959" />
    <Hotspot X="-10718.73" Y="-279.7078" Z="208.7097" />
    <Hotspot X="-10745" Y="-304.4069" Z="171.5953" />
    <Hotspot X="-10770.93" Y="-328.7977" Z="83.6332" />
    <Hotspot X="-10747.99" Y="-351.0979" Z="171.5953" />
    <Hotspot X="-10725.04" Y="-373.3982" Z="210.9479" />
    <Hotspot X="-10695.22" Y="-402.3885" Z="221.7939" />
    <Hotspot X="-10690" Y="-407.4584" Z="219.1617" />
    <Hotspot X="-10675.2" Y="-455.15" Z="219.3128" />
    <Hotspot X="-10652.99" Y="-526.6874" Z="239.0055" />
    <Hotspot X="-10638.18" Y="-574.379" Z="222.3818" />
    <Hotspot X="-10625.59" Y="-614.949" Z="208.2405" />
    <Hotspot X="-10695.47" Y="-630.0678" Z="172.3552" />
    <Hotspot X="-10739.15" Y="-639.5171" Z="161.265" />
    <Hotspot X="-10754.42" Y="-642.8209" Z="142.0853" />
    <Hotspot X="-10736.65" Y="-688.134" Z="165.4846" />
    <Hotspot X="-10718.88" Y="-733.4471" Z="167.8955" />
    <Hotspot X="-10713.13" Y="-748.1145" Z="168.6759" />
    <Hotspot X="-10669.1" Y="-749.2939" Z="192.3449" />
    <Hotspot X="-10625.07" Y="-750.4732" Z="216.9917" />
    <Hotspot X="-10597.51" Y="-751.2115" Z="230.8318" />
    <Hotspot X="-10615.81" Y="-796.965" Z="222.3653" />
    <Hotspot X="-10637.77" Y="-851.8691" Z="212.2054" />
    <Hotspot X="-10656.07" Y="-897.6225" Z="203.7389" />
    <Hotspot X="-10671.83" Y="-937.0239" Z="196.4477" />
    <Hotspot X="-10622.03" Y="-935.326" Z="200.515" />
    <Hotspot X="-10572.22" Y="-933.6281" Z="217.1108" />
    <Hotspot X="-10522.42" Y="-931.9302" Z="216.9482" />
    <Hotspot X="-10490.15" Y="-930.8302" Z="211.2848" />
    <Hotspot X="-10462.63" Y="-889.5703" Z="217.6319" />
    <Hotspot X="-10435.11" Y="-848.3104" Z="225.3183" />
    <Hotspot X="-10399.33" Y="-794.6724" Z="235.3107" />
    <Hotspot X="-10395.96" Y="-789.6129" Z="233.0088" />
    <Hotspot X="-10360.08" Y="-820.9415" Z="217.7969" />
    <Hotspot X="-10324.21" Y="-852.27" Z="202.7106" />
    <Hotspot X="-10288.33" Y="-883.5985" Z="187.6246" />
    <Hotspot X="-10284.98" Y="-886.5257" Z="185.9517" />
    <Hotspot X="-10315.29" Y="-935.1915" Z="168.2576" />
    <Hotspot X="-10340.54" Y="-975.7463" Z="153.5125" />
    <Hotspot X="-10341.5" Y="-977.2833" Z="152.9537" />
    <Hotspot X="-10370.25" Y="-1017.889" Z="151.2506" />
    <Hotspot X="-10410.51" Y="-1074.736" Z="143.6498" />
    <Hotspot X="-10419.13" Y="-1086.913" Z="139.5854" />
    <Hotspot X="-10419.83" Y="-1136.554" Z="133.6442" />
    <Hotspot X="-10420.52" Y="-1186.194" Z="129.1492" />
    <Hotspot X="-10420.78" Y="-1204.594" Z="125.5009" />
    <Hotspot X="-10429.1" Y="-1253.891" Z="124.7562" />
    <Hotspot X="-10437.3" Y="-1302.455" Z="124.0226" />
    <Hotspot X="-10389.29" Y="-1288.487" Z="124.1638" />
    <Hotspot X="-10341.5" Y="-1274.583" Z="124.3043" />
    <Hotspot X="-10320.86" Y="-1229.044" Z="124.3206" />
    <Hotspot X="-10300.21" Y="-1183.505" Z="124.3368" />
    <Hotspot X="-10285.34" Y="-1150.708" Z="124.3485" />
    <Hotspot X="-10237.87" Y="-1166.33" Z="122.7809" />
    <Hotspot X="-10204.41" Y="-1177.341" Z="121.6759" />
    <Hotspot X="-10189.67" Y="-1224.717" Z="127.8561" />
    <Hotspot X="-10173.45" Y="-1276.829" Z="134.6544" />
    <Hotspot X="-10158.7" Y="-1324.204" Z="140.8346" />
    <Hotspot X="-10143.96" Y="-1371.579" Z="147.0149" />
    <Hotspot X="-10131.74" Y="-1410.846" Z="152.1373" />
    <Hotspot X="-10160.05" Y="-1452.051" Z="152.7064" />
    <Hotspot X="-10188.37" Y="-1493.257" Z="153.2756" />
    <Hotspot X="-10216.68" Y="-1534.463" Z="153.8447" />
    <Hotspot X="-10242.4" Y="-1571.883" Z="154.3616" />
    <Hotspot X="-10231.97" Y="-1620.127" Z="147.2502" />
    <Hotspot X="-10221.54" Y="-1668.371" Z="138.6352" />
    <Hotspot X="-10217.63" Y="-1686.468" Z="135.4037" />
    <Hotspot X="-10263.75" Y="-1695.845" Z="152.2813" />
    <Hotspot X="-10309.87" Y="-1705.222" Z="177.5184" />
    <Hotspot X="-10354.71" Y="-1714.34" Z="185.5691" />
    <Hotspot X="-10368.76" Y="-1674.698" Z="215.3507" />
    <Hotspot X="-10382.8" Y="-1635.057" Z="241.1313" />
    <Hotspot X="-10396.85" Y="-1595.415" Z="266.912" />
    <Hotspot X="-10399.26" Y="-1588.606" Z="271.3401" />
    <Hotspot X="-10467.48" Y="-1651.755" Z="296.8179" />
    <Hotspot X="-10506.97" Y="-1688.315" Z="302.4808" />
    <Hotspot X="-10508.32" Y="-1689.565" Z="302.6743" />
    <Hotspot X="-10525.58" Y="-1754.284" Z="268.9315" />
    <Hotspot X="-10540.53" Y="-1810.374" Z="239.6876" />
    <Hotspot X="-10543" Y="-1819.633" Z="234.8598" />
    <Hotspot X="-10603.43" Y="-1871.729" Z="240.8412" />
    <Hotspot X="-10604.07" Y="-1872.28" Z="240.789" />
    <Hotspot X="-10592.78" Y="-1934.307" Z="210.3726" />
    <Hotspot X="-10584.71" Y="-1978.611" Z="188.6466" />
    <Hotspot X="-10582.64" Y="-1989.961" Z="183.0809" />
    <Hotspot X="-10556.99" Y="-2032.041" Z="174.6248" />
    <Hotspot X="-10531.35" Y="-2074.12" Z="166.1687" />
    <Hotspot X="-10505.7" Y="-2116.199" Z="157.7126" />
    <Hotspot X="-10490.15" Y="-2141.708" Z="152.5863" />
    <Hotspot X="-10447.08" Y="-2162.646" Z="138.2135" />
    <Hotspot X="-10404.01" Y="-2183.583" Z="123.8407" />
    <Hotspot X="-10400.96" Y="-2185.064" Z="122.8233" />
    <Hotspot X="-10366.98" Y="-2148.456" Z="121.995" />
    <Hotspot X="-10332.99" Y="-2111.847" Z="136.8837" />
    <Hotspot X="-10299.01" Y="-2075.238" Z="151.7726" />
    <Hotspot X="-10265.03" Y="-2038.629" Z="166.6613" />
    <Hotspot X="-10231.04" Y="-2002.02" Z="181.5502" />
    <Hotspot X="-10190.27" Y="-1958.09" Z="199.4167" />
    <Hotspot X="-10122.3" Y="-1884.872" Z="229.1943" />
    <Hotspot X="-10088.32" Y="-1848.263" Z="202.8459" />
    <Hotspot X="-10050.94" Y="-1807.993" Z="173.863" />
    <Hotspot X="-10016.95" Y="-1771.384" Z="147.5145" />
    <Hotspot X="-9982.97" Y="-1734.776" Z="121.1665" />
    <Hotspot X="-9948.986" Y="-1698.167" Z="94.81804" />
    <Hotspot X="-9946.751" Y="-1695.758" Z="93.08474" />
    <Hotspot X="-9979.053" Y="-1657.624" Z="96.34042" />
    <Hotspot X="-10011.35" Y="-1619.49" Z="96.92068" />
    <Hotspot X="-10035.94" Y="-1590.465" Z="97.36235" />
    <Hotspot X="-10048.95" Y="-1542.545" Z="104.4008" />
    <Hotspot X="-10061.96" Y="-1494.625" Z="109.2644" />
    <Hotspot X="-10064.02" Y="-1487.029" Z="110.0354" />
    <Hotspot X="-10014.1" Y="-1484.755" Z="108.3561" />
    <Hotspot X="-9964.18" Y="-1482.48" Z="106.6768" />
    <Hotspot X="-9914.26" Y="-1480.206" Z="104.9975" />
    <Hotspot X="-9887.291" Y="-1478.977" Z="104.0903" />
    <Hotspot X="-9885.788" Y="-1429.067" Z="107.7" />
    <Hotspot X="-9884.136" Y="-1374.167" Z="129.794" />
    <Hotspot X="-9882.633" Y="-1324.257" Z="135.5441" />
    <Hotspot X="-9881.13" Y="-1274.347" Z="135.8899" />
    <Hotspot X="-9879.628" Y="-1224.438" Z="133.2192" />
    <Hotspot X="-9877.975" Y="-1169.537" Z="129.3525" />
    <Hotspot X="-9876.472" Y="-1119.627" Z="125.8372" />
    <Hotspot X="-9875.729" Y="-1094.964" Z="124.1002" />
    <Hotspot X="-9922.653" Y="-1112.229" Z="124.6309" />
    <Hotspot X="-9963.269" Y="-1127.172" Z="124.7681" />
    <Hotspot X="-10005.8" Y="-1100.904" Z="123.626" />
    <Hotspot X="-10048.33" Y="-1074.636" Z="122.5144" />
    <Hotspot X="-10075.58" Y="-1057.802" Z="121.752" />
    <Hotspot X="-10034.38" Y="-1029.476" Z="121.752" />
    <Hotspot X="-10006.21" Y="-1010.11" Z="121.752" />
    <Hotspot X="-9959.519" Y="-992.243" Z="122.5087" />
    <Hotspot X="-9925.279" Y="-979.1414" Z="123.0635" />
    <Hotspot X="-9916.433" Y="-931.3704" Z="134.882" />
    <Hotspot X="-9907.587" Y="-883.5994" Z="160.6728" />
    <Hotspot X="-9898.74" Y="-835.8284" Z="186.4637" />
    <Hotspot X="-9889.894" Y="-788.0574" Z="200.277" />
    <Hotspot X="-9883.988" Y="-756.1666" Z="178.227" />
    <Hotspot X="-9839.574" Y="-733.2263" Z="180.2338" />
    <Hotspot X="-9796.45" Y="-710.9521" Z="180.3396" />
    <Hotspot X="-9835.904" Y="-680.2893" Z="184.527" />
    <Hotspot X="-9875.358" Y="-649.6265" Z="186.7931" />
    <Hotspot X="-9926.648" Y="-609.7648" Z="184.5495" />
    <Hotspot X="-9951.6" Y="-590.3737" Z="173.3477" />
    <Hotspot X="-9989.683" Y="-557.9786" Z="172.8671" />
    <Hotspot X="-10027.77" Y="-525.5836" Z="172.3866" />
    <Hotspot X="-10057.41" Y="-500.3646" Z="172.0125" />
    <Hotspot X="-10065.26" Y="-548.1583" Z="172.7256" />
    <Hotspot X="-10077.02" Y="-619.8489" Z="141.3382" />
    <Hotspot X="-10077.23" Y="-621.1428" Z="140.6276" />
    <Hotspot X="-10127.48" Y="-630.5657" Z="166.9082" />
    <Hotspot X="-10182.29" Y="-640.8453" Z="213.5035" />
    <Hotspot X="-10227.97" Y="-649.4116" Z="228.0463" />
    <Hotspot X="-10273.65" Y="-657.9779" Z="242.5891" />
    <Hotspot X="-10319.33" Y="-666.5442" Z="244.1959" />
    <Hotspot X="-10334.85" Y="-669.4542" Z="244.6297" />
    <Hotspot X="-10375.95" Y="-614.6942" Z="374.1561" />
    <Hotspot X="-10398.79" Y="-584.2719" Z="398.5314" />
    <Hotspot X="-10421.62" Y="-553.8497" Z="410.0291" />
    <Hotspot X="-10444.45" Y="-523.4275" Z="417.9396" />
    <Hotspot X="-10457.12" Y="-506.5584" Z="418.3881" />
    <Hotspot X="-10470.57" Y="-458.4049" Z="417.8709" />
    <Hotspot X="-10484.02" Y="-410.2514" Z="417.3536" />
    <Hotspot X="-10493.45" Y="-376.4897" Z="416.991" />
    <Hotspot X="-10448.35" Y="-354.9149" Z="420.0475" />
    <Hotspot X="-10403.24" Y="-333.3402" Z="420.0261" />
    <Hotspot X="-10358.14" Y="-311.7654" Z="418.4366" />
    <Hotspot X="-10331.59" Y="-299.0677" Z="417.5012" />
    <Hotspot X="-10324.77" Y="-248.9836" Z="417.3282" />
    <Hotspot X="-10318.57" Y="-203.4526" Z="411.6259" />
    <Hotspot X="-10312.37" Y="-157.9216" Z="359.5344" />
    <Hotspot X="-10311.77" Y="-153.5146" Z="354.4924" />
    <Hotspot X="-10275.52" Y="-139.9194" Z="323.3629" />
    <Hotspot X="-10235.97" Y="-125.0883" Z="277.9591" />
    <Hotspot X="-10203.01" Y="-112.7291" Z="240.122" />
    <Hotspot X="-10166.75" Y="-99.13387" Z="198.501" />
    <Hotspot X="-10163.12" Y="-97.77087" Z="194.3282" />
    <Hotspot X="-10147.43" Y="-50.75314" Z="187.7605" />
    <Hotspot X="-10131.74" Y="-3.735413" Z="181.2002" />
    <Hotspot X="-10116.05" Y="43.28232" Z="174.6399" />
    <Hotspot X="-10100.36" Y="90.30002" Z="168.0796" />
    <Hotspot X="-10084.67" Y="137.3177" Z="161.5193" />
    <Hotspot X="-10068.98" Y="184.3355" Z="154.959" />
    <Hotspot X="-10053.29" Y="231.3532" Z="148.3988" />
    <Hotspot X="-10037.59" Y="278.3709" Z="141.8385" />
    <Hotspot X="-10021.9" Y="325.3886" Z="135.2782" />
    <Hotspot X="-10006.21" Y="372.4064" Z="128.7179" />
    <Hotspot X="-9990.522" Y="419.4241" Z="122.1577" />
    <Hotspot X="-9984.74" Y="436.7496" Z="119.6632" />
    <Hotspot X="-9935.202" Y="442.5979" Z="125.4561" />
    <Hotspot X="-9895.55" Y="447.2791" Z="125.8525" />
    <Hotspot X="-9919.069" Y="491.3076" Z="128.7376" />
    <Hotspot X="-9942.589" Y="535.3361" Z="133.064" />
    <Hotspot X="-9966.108" Y="579.3646" Z="137.3904" />
    <Hotspot X="-9989.628" Y="623.3931" Z="141.7168" />
    <Hotspot X="-10013.15" Y="667.4216" Z="146.0432" />
    <Hotspot X="-10036.67" Y="711.4502" Z="150.3696" />
    <Hotspot X="-10060.19" Y="755.4787" Z="154.696" />
    <Hotspot X="-10083.71" Y="799.5072" Z="159.0224" />
    <Hotspot X="-10107.23" Y="843.5357" Z="163.3488" />
    <Hotspot X="-10130.75" Y="887.5642" Z="167.6752" />
    <Hotspot X="-10154.26" Y="931.5927" Z="172.0016" />
    <Hotspot X="-10177.78" Y="975.6212" Z="176.328" />
    <Hotspot X="-10201.3" Y="1019.65" Z="180.6544" />
    <Hotspot X="-10224.82" Y="1063.678" Z="184.269" />
    <Hotspot X="-10248.34" Y="1107.707" Z="187.0453" />
    <Hotspot X="-10271.86" Y="1151.735" Z="189.6248" />
    <Hotspot X="-10295.38" Y="1195.764" Z="192.2044" />
    <Hotspot X="-10318.9" Y="1239.792" Z="194.784" />
    <Hotspot X="-10342.42" Y="1283.821" Z="197.3636" />
    <Hotspot X="-10365.94" Y="1327.849" Z="199.9431" />
    <Hotspot X="-10389.46" Y="1371.878" Z="202.5227" />
    <Hotspot X="-10411.7" Y="1413.504" Z="189.1669" />
    <Hotspot X="-10369.42" Y="1390.346" Z="210.7881" />
    <Hotspot X="-10327.14" Y="1367.188" Z="222.5745" />
    <Hotspot X="-10284.86" Y="1344.03" Z="234.3607" />
    <Hotspot X="-10242.58" Y="1320.872" Z="246.1471" />
    <Hotspot X="-10200.3" Y="1297.714" Z="257.9335" />
    <Hotspot X="-10191.2" Y="1292.726" Z="258.4101" />
    <Hotspot X="-10170.05" Y="1247.759" Z="252.8672" />
    <Hotspot X="-10148.9" Y="1202.792" Z="248.816" />
    <Hotspot X="-10127.75" Y="1157.824" Z="244.7649" />
    <Hotspot X="-10074.89" Y="1045.406" Z="234.6369" />
    <Hotspot X="-10053.74" Y="1000.439" Z="225.4487" />
    <Hotspot X="-10035.94" Y="962.5991" Z="217.7169" />
    <Hotspot X="-10001.08" Y="926.765" Z="235.8445" />
    <Hotspot X="-9948.798" Y="873.0137" Z="222.4814" />
    <Hotspot X="-9940.145" Y="864.1184" Z="220.2699" />
  </Hotspots>
</HBProfile>
