﻿<?xml version="1.0" encoding="utf-8"?>
<Professionbuddy>
  <Settings Type="Boolean" DefaultValue="false" Name="Cancel Undercut Auctions" Summary="if set to true if you want to cancel all auctions that are undercutted" Category="Misc" />
  <CustomAction Code="var1 = true;" />
  <CustomAction Code="var2 = DateTime.Now;" />
  <!--check for undercut items every 30 to 300 seconds-->
  <CustomAction Code="var3 = new Random().Next(30, 300);" />
  <CustomAction Code="Log (Color.Orange,&quot;AHBot: &quot;,Color.LightYellow,&quot;Made by HighVoltz&quot;);" />
  <CustomAction Code="Log (Color.Orange,&quot;AHBot: &quot;,Color.LightYellow,&quot;Canceling of auctions is {0}&quot;,(bool)Settings[&quot;Cancel Undercut Auctions&quot;]? &quot;enabled&quot;:&quot;disabled&quot;);" />
  <If Condition="(bool)Settings[&quot;Cancel Undercut Auctions&quot;]" IgnoreCanRun="True">
    <CustomAction Code="Log (Color.Orange,&quot;AHBot: &quot;,Color.LightYellow,&quot;Checking for undercut auctions in {0} seconds&quot;,var3);" />
  </If>
  <While Condition="true" IgnoreCanRun="True">
    <If Condition="((bool)var1) || (HasNewMail || MailCount&gt; 0)" IgnoreCanRun="True">
      <GetMailAction ItemID="0" CheckNewMail="True" GetMailType="AllItems" AutoFindMailBox="True" X="-8860.81" Y="637.1594" Z="96.19888" MinFreeBagSlots="2" />
      <WaitAction Condition="false" Timeout="2000" />
      <SellItemOnAhAction ItemID="0" MinBuyout="6g0s0c" MaxBuyout="200g0s0c" RunTime="_24_Hours" Amount="3" StackSize="1" IgnoreStackSizeBelow="1" AmountType="Amount" AutoFindAh="True" BidPrecent="95" UndercutPrecent="0.0001" UseCategory="True" Category="Glyph" SubCategoryType="WoWItemGlyphClass" SubCategory="None" X="0" Y="0" Z="0" PostIfBelowMinBuyout="False" />
      <SellItemOnAhAction ItemID="0" MinBuyout="3g0s0c" MaxBuyout="1000g0s0c" RunTime="_24_Hours" Amount="3" StackSize="1" IgnoreStackSizeBelow="1" AmountType="Everything" AutoFindAh="True" BidPrecent="95" UndercutPrecent="0.0001" UseCategory="True" Category="Miscellaneous" SubCategoryType="WoWItemMiscClass" SubCategory="Pet" X="0" Y="0" Z="0" PostIfBelowMinBuyout="False" />
      <!--if we are not canceling undercut auctions than post if competition is below minBuyout-->
      <If Condition="!(bool)Settings[&quot;Cancel Undercut Auctions&quot;]" IgnoreCanRun="True">
        <SellItemOnAhAction ItemID="0" MinBuyout="0g10s0c" MaxBuyout="200g0s0c" RunTime="_24_Hours" Amount="10" StackSize="20" IgnoreStackSizeBelow="1" AmountType="Everything" AutoFindAh="True" BidPrecent="95" UndercutPrecent="0.0001" UseCategory="True" Category="TradeGoods" SubCategoryType="WoWItemTradeGoodsClass" SubCategory="Cloth" X="0" Y="0" Z="0" PostIfBelowMinBuyout="True" />
        <SellItemOnAhAction ItemID="0" MinBuyout="0g10s0c" MaxBuyout="200g0s0c" RunTime="_24_Hours" Amount="10" StackSize="20" IgnoreStackSizeBelow="1" AmountType="Everything" AutoFindAh="True" BidPrecent="95" UndercutPrecent="0.0001" UseCategory="True" Category="Gem" SubCategoryType="WoWItemGemClass" SubCategory="None" X="0" Y="0" Z="0" PostIfBelowMinBuyout="True" />
        <SellItemOnAhAction ItemID="0" MinBuyout="0g10s0c" MaxBuyout="100g0s0c" RunTime="_24_Hours" Amount="10" StackSize="20" IgnoreStackSizeBelow="1" AmountType="Everything" AutoFindAh="True" BidPrecent="95" UndercutPrecent="0.0001" UseCategory="True" Category="Armor" SubCategoryType="WoWItemArmorClass" SubCategory="Misc" X="0" Y="0" Z="0" PostIfBelowMinBuyout="True" />
        <!--Pyrium Bar-->
        <SellItemOnAhAction ItemID="51950" MinBuyout="10g50s0c" MaxBuyout="25g0s0c" RunTime="_24_Hours" Amount="10" StackSize="5" IgnoreStackSizeBelow="1" AmountType="Everything" AutoFindAh="True" BidPrecent="95" UndercutPrecent="0.0001" UseCategory="False" Category="TradeGoods" SubCategoryType="WoWItemTradeGoodsClass" SubCategory="Elemental" X="0" Y="0" Z="0" PostIfBelowMinBuyout="True" />
        <!--Hardened Elementium Bar-->
        <SellItemOnAhAction ItemID="53039" MinBuyout="90g0s0c" MaxBuyout="150g0s0c" RunTime="_24_Hours" Amount="10" StackSize="5" IgnoreStackSizeBelow="1" AmountType="Everything" AutoFindAh="True" BidPrecent="95" UndercutPrecent="0.0001" UseCategory="False" Category="TradeGoods" SubCategoryType="WoWItemTradeGoodsClass" SubCategory="Elemental" X="0" Y="0" Z="0" PostIfBelowMinBuyout="True" />
        <!--Dust of Disappearance-->
        <SellItemOnAhAction ItemID="60838" MinBuyout="5g0s0c" MaxBuyout="15g0s0c" RunTime="_24_Hours" Amount="10" StackSize="20" IgnoreStackSizeBelow="1" AmountType="Everything" AutoFindAh="True" BidPrecent="95" UndercutPrecent="0.0001" UseCategory="False" Category="TradeGoods" SubCategoryType="WoWItemTradeGoodsClass" SubCategory="Elemental" X="0" Y="0" Z="0" PostIfBelowMinBuyout="True" />
        <!--Mysterious Fortune Card]-->
        <SellItemOnAhAction ItemID="63388" MinBuyout="5g0s0c" MaxBuyout="15g0s0c" RunTime="_24_Hours" Amount="10" StackSize="20" IgnoreStackSizeBelow="1" AmountType="Everything" AutoFindAh="True" BidPrecent="95" UndercutPrecent="0.0001" UseCategory="False" Category="TradeGoods" SubCategoryType="WoWItemTradeGoodsClass" SubCategory="Elemental" X="0" Y="0" Z="0" PostIfBelowMinBuyout="True" />
        <SellItemOnAhAction ItemID="0" MinBuyout="5g50s0c" MaxBuyout="20g0s0c" RunTime="_24_Hours" Amount="10" StackSize="20" IgnoreStackSizeBelow="1" AmountType="Everything" AutoFindAh="True" BidPrecent="95" UndercutPrecent="0.0001" UseCategory="True" Category="TradeGoods" SubCategoryType="WoWItemTradeGoodsClass" SubCategory="Elemental" X="0" Y="0" Z="0" PostIfBelowMinBuyout="True" />
        <SellItemOnAhAction ItemID="0" MinBuyout="0g10s0c" MaxBuyout="12g0s0c" RunTime="_24_Hours" Amount="10" StackSize="20" IgnoreStackSizeBelow="1" AmountType="Everything" AutoFindAh="True" BidPrecent="95" UndercutPrecent="0.0001" UseCategory="True" Category="TradeGoods" SubCategoryType="WoWItemTradeGoodsClass" SubCategory="MetalStone" X="0" Y="0" Z="0" PostIfBelowMinBuyout="True" />
        <SellItemOnAhAction ItemID="0" MinBuyout="0g10s0c" MaxBuyout="6g0s0c" RunTime="_24_Hours" Amount="10" StackSize="20" IgnoreStackSizeBelow="1" AmountType="Everything" AutoFindAh="True" BidPrecent="95" UndercutPrecent="0.0001" UseCategory="True" Category="TradeGoods" SubCategoryType="WoWItemTradeGoodsClass" SubCategory="Herb" X="0" Y="0" Z="0" PostIfBelowMinBuyout="True" />
        <SellItemOnAhAction ItemID="0" MinBuyout="0g10s0c" MaxBuyout="20g0s0c" RunTime="_24_Hours" Amount="10" StackSize="20" IgnoreStackSizeBelow="1" AmountType="Everything" AutoFindAh="True" BidPrecent="95" UndercutPrecent="0.0001" UseCategory="True" Category="Consumable" SubCategoryType="WoWItemContainerClass" SubCategory="None" X="0" Y="0" Z="0" PostIfBelowMinBuyout="True" />
        <SellItemOnAhAction ItemID="0" MinBuyout="0g10s0c" MaxBuyout="20g0s0c" RunTime="_24_Hours" Amount="10" StackSize="20" IgnoreStackSizeBelow="1" AmountType="Everything" AutoFindAh="True" BidPrecent="95" UndercutPrecent="0.0001" UseCategory="True" Category="TradeGoods" SubCategoryType="WoWItemTradeGoodsClass" SubCategory="None" X="0" Y="0" Z="0" PostIfBelowMinBuyout="True" />
      </If>
      <!--if we are canceling undercut auctions than don't post if competition is below minBuyout-->
      <If Condition="(bool)Settings[&quot;Cancel Undercut Auctions&quot;]" IgnoreCanRun="True">
        <SellItemOnAhAction ItemID="0" MinBuyout="0g10s0c" MaxBuyout="200g0s0c" RunTime="_24_Hours" Amount="10" StackSize="20" IgnoreStackSizeBelow="1" AmountType="Everything" AutoFindAh="True" BidPrecent="95" UndercutPrecent="0.0001" UseCategory="True" Category="TradeGoods" SubCategoryType="WoWItemTradeGoodsClass" SubCategory="Cloth" X="0" Y="0" Z="0" PostIfBelowMinBuyout="False" />
        <SellItemOnAhAction ItemID="0" MinBuyout="0g10s0c" MaxBuyout="200g0s0c" RunTime="_24_Hours" Amount="10" StackSize="20" IgnoreStackSizeBelow="1" AmountType="Everything" AutoFindAh="True" BidPrecent="95" UndercutPrecent="0.0001" UseCategory="True" Category="Gem" SubCategoryType="WoWItemGemClass" SubCategory="None" X="0" Y="0" Z="0" PostIfBelowMinBuyout="False" />
        <SellItemOnAhAction ItemID="0" MinBuyout="0g10s0c" MaxBuyout="100g0s0c" RunTime="_24_Hours" Amount="10" StackSize="20" IgnoreStackSizeBelow="1" AmountType="Everything" AutoFindAh="True" BidPrecent="95" UndercutPrecent="0.0001" UseCategory="True" Category="Armor" SubCategoryType="WoWItemArmorClass" SubCategory="Misc" X="0" Y="0" Z="0" PostIfBelowMinBuyout="False" />
        <!--Pyrium Bar-->
        <SellItemOnAhAction ItemID="51950" MinBuyout="10g50s0c" MaxBuyout="25g0s0c" RunTime="_24_Hours" Amount="10" StackSize="5" IgnoreStackSizeBelow="1" AmountType="Everything" AutoFindAh="True" BidPrecent="95" UndercutPrecent="0.0001" UseCategory="False" Category="TradeGoods" SubCategoryType="WoWItemTradeGoodsClass" SubCategory="Elemental" X="0" Y="0" Z="0" PostIfBelowMinBuyout="False" />
        <!--Hardened Elementium Bar-->
        <SellItemOnAhAction ItemID="53039" MinBuyout="90g0s0c" MaxBuyout="150g0s0c" RunTime="_24_Hours" Amount="10" StackSize="5" IgnoreStackSizeBelow="1" AmountType="Everything" AutoFindAh="True" BidPrecent="95" UndercutPrecent="0.0001" UseCategory="False" Category="TradeGoods" SubCategoryType="WoWItemTradeGoodsClass" SubCategory="Elemental" X="0" Y="0" Z="0" PostIfBelowMinBuyout="False" />
        <!--Dust of Disappearance-->
        <SellItemOnAhAction ItemID="60838" MinBuyout="5g0s0c" MaxBuyout="15g0s0c" RunTime="_24_Hours" Amount="10" StackSize="20" IgnoreStackSizeBelow="1" AmountType="Everything" AutoFindAh="True" BidPrecent="95" UndercutPrecent="0.0001" UseCategory="False" Category="TradeGoods" SubCategoryType="WoWItemTradeGoodsClass" SubCategory="Elemental" X="0" Y="0" Z="0" PostIfBelowMinBuyout="False" />
        <!--Mysterious Fortune Card]-->
        <SellItemOnAhAction ItemID="63388" MinBuyout="5g0s0c" MaxBuyout="15g0s0c" RunTime="_24_Hours" Amount="10" StackSize="20" IgnoreStackSizeBelow="1" AmountType="Everything" AutoFindAh="True" BidPrecent="95" UndercutPrecent="0.0001" UseCategory="False" Category="TradeGoods" SubCategoryType="WoWItemTradeGoodsClass" SubCategory="Elemental" X="0" Y="0" Z="0" PostIfBelowMinBuyout="False" />
        <SellItemOnAhAction ItemID="0" MinBuyout="5g50s0c" MaxBuyout="20g0s0c" RunTime="_24_Hours" Amount="10" StackSize="20" IgnoreStackSizeBelow="1" AmountType="Everything" AutoFindAh="True" BidPrecent="95" UndercutPrecent="0.0001" UseCategory="True" Category="TradeGoods" SubCategoryType="WoWItemTradeGoodsClass" SubCategory="Elemental" X="0" Y="0" Z="0" PostIfBelowMinBuyout="False" />
        <SellItemOnAhAction ItemID="0" MinBuyout="0g10s0c" MaxBuyout="6g0s0c" RunTime="_24_Hours" Amount="10" StackSize="20" IgnoreStackSizeBelow="1" AmountType="Everything" AutoFindAh="True" BidPrecent="95" UndercutPrecent="0.0001" UseCategory="True" Category="TradeGoods" SubCategoryType="WoWItemTradeGoodsClass" SubCategory="Herb" X="0" Y="0" Z="0" PostIfBelowMinBuyout="False" />
        <SellItemOnAhAction ItemID="0" MinBuyout="0g10s0c" MaxBuyout="12g0s0c" RunTime="_24_Hours" Amount="10" StackSize="20" IgnoreStackSizeBelow="1" AmountType="Everything" AutoFindAh="True" BidPrecent="95" UndercutPrecent="0.0001" UseCategory="True" Category="TradeGoods" SubCategoryType="WoWItemTradeGoodsClass" SubCategory="MetalStone" X="0" Y="0" Z="0" PostIfBelowMinBuyout="True" />
        <SellItemOnAhAction ItemID="0" MinBuyout="0g10s0c" MaxBuyout="20g0s0c" RunTime="_24_Hours" Amount="10" StackSize="20" IgnoreStackSizeBelow="1" AmountType="Everything" AutoFindAh="True" BidPrecent="95" UndercutPrecent="0.0001" UseCategory="True" Category="Consumable" SubCategoryType="WoWItemContainerClass" SubCategory="None" X="0" Y="0" Z="0" PostIfBelowMinBuyout="False" />
        <SellItemOnAhAction ItemID="0" MinBuyout="0g10s0c" MaxBuyout="20g0s0c" RunTime="_24_Hours" Amount="10" StackSize="20" IgnoreStackSizeBelow="1" AmountType="Everything" AutoFindAh="True" BidPrecent="95" UndercutPrecent="0.0001" UseCategory="True" Category="TradeGoods" SubCategoryType="WoWItemTradeGoodsClass" SubCategory="None" X="0" Y="0" Z="0" PostIfBelowMinBuyout="False" />
      </If>
      <CustomAction Code="var1 = false;" />
    </If>
    <If Condition="DateTime.Now.Subtract((DateTime)var2).TotalSeconds &gt;= (int)var3" IgnoreCanRun="True">
      <CustomAction Code="var2 = DateTime.Now;" />
      <CustomAction Code="var3 = new Random().Next(30, 300);" />
      <If Condition="(bool)Settings[&quot;Cancel Undercut Auctions&quot;]" IgnoreCanRun="True">
        <CustomAction Code="Log (Color.Orange,&quot;AHBot: &quot;,Color.LightYellow,&quot;Checking for undercut auctions&quot;);" />
        <CancelAuctionAction ItemID="0" AutoFindAh="True" UseCategory="False" Category="TradeGoods" SubCategoryType="WoWItemTradeGoodsClass" SubCategory="None" MinBuyout="0g0s0c" X="0" Y="0" Z="0" />
        <CustomAction Code="Log (Color.Orange,&quot;AHBot: &quot;,Color.LightYellow,&quot;Checking for undercut auctions in {0} seconds&quot;,var3);" />
      </If>
      <CustomAction Code="KeyboardManager.AntiAfk();" />
    </If>
    <WaitAction Condition="false" Timeout="2000" />
  </While>
</Professionbuddy>