<HBProfile>
  <Name></Name>
  <MinDurability>0.4</MinDurability>
  <MinFreeBagSlots>1</MinFreeBagSlots>
  
  <MinLevel>1</MinLevel>
  <MaxLevel>86</MaxLevel>
  <Factions>99999</Factions>
  
  <MailGrey>False</MailGrey>
  <MailWhite>True</MailWhite>
  <MailGreen>True</MailGreen>
  <MailBlue>True</MailBlue>
  <MailPurple>True</MailPurple>
 
  <SellGrey>True</SellGrey>
  <SellWhite>True</SellWhite>
  <SellGreen>False</SellGreen>
  <SellBlue>False</SellBlue>
  <SellPurple>False</SellPurple>

	<Vendors>

	</Vendors>
	
	<Mailboxes>

	</Mailboxes>
  <Blackspots>
	<Blackspot X="1918.384" Y="-4584.305" Z="38.08955" Radius="2.488826" />
	<Blackspot X="1904.622" Y="-4611.38" Z="38.08939" Radius="2.925328" />
	<Blackspot X="1945.513" Y="-4697.564" Z="36.01491" Radius="5.738221" />
	<Blackspot X="1955.528" Y="-4720.438" Z="37.65824" Radius="2.542814" />
	<Blackspot X="1909.309" Y="-4678.926" Z="35.30098" Radius="1.203703" />
	<Blackspot X="1904.355" Y="-4509.64" Z="26.82976" Radius="3.579645" />
	<Blackspot X="1736.511" Y="-4442.859" Z="39.60423" Radius="1.832101" />
	<Blackspot X="1841.629" Y="-4485.789" Z="46.81457" Radius="0.8158129" />
	<Blackspot X="959.4688" Y="-4675.363" Z="29.046" Radius="3" />
	<Blackspot X="1028.913" Y="-4599.522" Z="21.76285" Radius="3" />
	<Blackspot X="791.3524" Y="-4761.469" Z="40.2047" Radius="3" />
	<Blackspot X="846.2674" Y="-4804.012" Z="11.3744" Radius="3" />
	<Blackspot X="1018.839" Y="-4833.245" Z="20.88306" Radius="3" />

  </Blackspots>

  <Hotspots>
    <Hotspot X="347.3884" Y="-4071.917" Z="111.6299" />
    <Hotspot X="350.6449" Y="-4121.449" Z="105.6337" />
    <Hotspot X="353.2133" Y="-4160.513" Z="100.9048" />
    <Hotspot X="393.2043" Y="-4190.507" Z="101.9582" />
    <Hotspot X="433.1953" Y="-4220.5" Z="103.0116" />
    <Hotspot X="434.9933" Y="-4221.849" Z="103.059" />
    <Hotspot X="491.7349" Y="-4202.382" Z="105.2774" />
    <Hotspot X="539.0195" Y="-4186.159" Z="103.0454" />
    <Hotspot X="586.3042" Y="-4169.937" Z="100.8134" />
    <Hotspot X="622.3384" Y="-4157.574" Z="99.11243" />
    <Hotspot X="662.2358" Y="-4127.813" Z="103.8492" />
    <Hotspot X="702.1333" Y="-4098.051" Z="108.5859" />
    <Hotspot X="729.6833" Y="-4077.5" Z="111.8567" />
    <Hotspot X="709.1673" Y="-4031.909" Z="111.1157" />
    <Hotspot X="691.6133" Y="-3992.9" Z="110.4818" />
    <Hotspot X="664.7755" Y="-3950.84" Z="107.2053" />
    <Hotspot X="624.5189" Y="-3887.751" Z="108.6085" />
    <Hotspot X="604.3782" Y="-3856.187" Z="99.8318" />
    <Hotspot X="652.1147" Y="-3871.055" Z="101.1663" />
    <Hotspot X="699.8512" Y="-3885.923" Z="100.2702" />
    <Hotspot X="747.5877" Y="-3900.791" Z="99.37415" />
    <Hotspot X="773.3933" Y="-3908.828" Z="98.37686" />
    <Hotspot X="814.6565" Y="-3880.644" Z="100.1084" />
    <Hotspot X="852.3533" Y="-3854.896" Z="101.6904" />
    <Hotspot X="874.6071" Y="-3899.577" Z="104.5767" />
    <Hotspot X="896.861" Y="-3944.259" Z="107.5916" />
    <Hotspot X="919.1147" Y="-3988.94" Z="110.6064" />
    <Hotspot X="920.0333" Y="-3990.785" Z="110.4684" />
    <Hotspot X="969.954" Y="-3992.423" Z="108.1803" />
    <Hotspot X="1019.875" Y="-3994.062" Z="105.8922" />
    <Hotspot X="1065.128" Y="-3995.547" Z="103.818" />
    <Hotspot X="1112.079" Y="-3979.201" Z="98.48429" />
    <Hotspot X="1145.633" Y="-3967.52" Z="94.67246" />
    <Hotspot X="1169.027" Y="-4011.642" Z="97.33245" />
    <Hotspot X="1192.421" Y="-4055.763" Z="99.60314" />
    <Hotspot X="1193.573" Y="-4057.936" Z="99.69077" />
    <Hotspot X="1222.938" Y="-4017.468" Z="99.61555" />
    <Hotspot X="1249.973" Y="-3980.21" Z="99.54631" />
    <Hotspot X="1268.943" Y="-4026.136" Z="108.1938" />
    <Hotspot X="1294.238" Y="-4087.374" Z="112.5135" />
    <Hotspot X="1288.306" Y="-4136.964" Z="110.1295" />
    <Hotspot X="1282.375" Y="-4186.554" Z="107.7455" />
    <Hotspot X="1280.109" Y="-4205.499" Z="106.8347" />
    <Hotspot X="1234.3" Y="-4225.47" Z="105.3665" />
    <Hotspot X="1174.748" Y="-4251.434" Z="104.0162" />
    <Hotspot X="1128.939" Y="-4271.405" Z="102.9775" />
    <Hotspot X="1101.923" Y="-4283.184" Z="100.473" />
    <Hotspot X="1086.034" Y="-4330.592" Z="103.9508" />
    <Hotspot X="1070.145" Y="-4378" Z="100.7688" />
    <Hotspot X="1069.493" Y="-4379.945" Z="100.5936" />
    <Hotspot X="1020.595" Y="-4369.601" Z="99.17974" />
    <Hotspot X="971.6974" Y="-4359.257" Z="97.76593" />
    <Hotspot X="959.5133" Y="-4356.68" Z="97.41365" />
    <Hotspot X="944.8775" Y="-4303.708" Z="99.83107" />
    <Hotspot X="931.5723" Y="-4255.553" Z="102.5025" />
    <Hotspot X="918.267" Y="-4207.397" Z="104.1956" />
    <Hotspot X="904.9617" Y="-4159.241" Z="105.8886" />
    <Hotspot X="892.6033" Y="-4114.512" Z="107.4612" />
    <Hotspot X="845.9102" Y="-4132.394" Z="107.3761" />
    <Hotspot X="799.2172" Y="-4150.275" Z="107.1978" />
    <Hotspot X="795.9532" Y="-4151.525" Z="107.1853" />
    <Hotspot X="777.1564" Y="-4197.757" Z="104.1773" />
    <Hotspot X="758.3595" Y="-4243.989" Z="110.8517" />
    <Hotspot X="748.0133" Y="-4269.436" Z="99.41779" />
    <Hotspot X="767.6987" Y="-4315.369" Z="99.93888" />
    <Hotspot X="787.3842" Y="-4361.301" Z="96.96519" />
    <Hotspot X="798.7733" Y="-4387.876" Z="95.20299" />
    <Hotspot X="771.905" Y="-4449.104" Z="122.5691" />
    <Hotspot X="762.1133" Y="-4471.418" Z="123.4685" />
    <Hotspot X="716.6567" Y="-4491.992" Z="126.7" />
    <Hotspot X="680.3333" Y="-4508.431" Z="129.2823" />
    <Hotspot X="631.7902" Y="-4496.831" Z="126.2824" />
    <Hotspot X="583.2472" Y="-4485.23" Z="126.3875" />
    <Hotspot X="536.5133" Y="-4474.062" Z="120.3945" />
    <Hotspot X="495.884" Y="-4502.991" Z="127.6193" />
    <Hotspot X="455.2547" Y="-4531.92" Z="129.0067" />
    <Hotspot X="425.1233" Y="-4553.375" Z="130.0355" />
    <Hotspot X="466.7432" Y="-4580.648" Z="130.4819" />
    <Hotspot X="533.335" Y="-4624.286" Z="120.8654" />
    <Hotspot X="564.7133" Y="-4644.849" Z="113.6294" />
    <Hotspot X="604.5002" Y="-4615.008" Z="117.6903" />
    <Hotspot X="644.2872" Y="-4585.168" Z="104.3571" />
    <Hotspot X="649.3133" Y="-4581.398" Z="102.6728" />
    <Hotspot X="698.811" Y="-4588.028" Z="115.0905" />
    <Hotspot X="748.3087" Y="-4594.657" Z="111.537" />
    <Hotspot X="797.8063" Y="-4601.286" Z="107.9834" />
    <Hotspot X="847.304" Y="-4607.916" Z="96.38437" />
    <Hotspot X="866.4533" Y="-4610.48" Z="91.897" />
    <Hotspot X="915.5552" Y="-4602.226" Z="132.8671" />
    <Hotspot X="948.2333" Y="-4596.732" Z="99.50618" />
    <Hotspot X="997.9387" Y="-4591.355" Z="100.18" />
    <Hotspot X="1021.553" Y="-4588.801" Z="100.5001" />
    <Hotspot X="1074.346" Y="-4587.131" Z="135.157" />
    <Hotspot X="1122.34" Y="-4585.613" Z="135.1111" />
    <Hotspot X="1138.583" Y="-4585.1" Z="134.4917" />
    <Hotspot X="1183.215" Y="-4598.383" Z="116.2819" />
    <Hotspot X="1227.413" Y="-4611.537" Z="98.2486" />
    <Hotspot X="1260.116" Y="-4649.35" Z="99.09258" />
    <Hotspot X="1292.819" Y="-4687.163" Z="99.93655" />
    <Hotspot X="1295.093" Y="-4689.792" Z="99.99523" />
    <Hotspot X="1245.104" Y="-4690.631" Z="99.38362" />
    <Hotspot X="1195.115" Y="-4691.471" Z="130.9588" />
    <Hotspot X="1145.126" Y="-4692.31" Z="112.2608" />
    <Hotspot X="1106.153" Y="-4692.964" Z="97.68358" />
    <Hotspot X="1056.877" Y="-4685.485" Z="134.5369" />
    <Hotspot X="1007.601" Y="-4678.006" Z="138.5988" />
    <Hotspot X="987.7133" Y="-4674.987" Z="107.2691" />
    <Hotspot X="954.4102" Y="-4697.467" Z="141.6552" />
    <Hotspot X="921.1072" Y="-4719.946" Z="170.5234" />
    <Hotspot X="917.2133" Y="-4722.575" Z="170.266" />
    <Hotspot X="871.5057" Y="-4740.738" Z="145.651" />
    <Hotspot X="829.9533" Y="-4757.25" Z="123.2738" />
    <Hotspot X="822.7433" Y="-4760.116" Z="119.3909" />
    <Hotspot X="860.0452" Y="-4793.265" Z="140.4512" />
    <Hotspot X="901.0772" Y="-4829.728" Z="126.5326" />
    <Hotspot X="902.4733" Y="-4830.969" Z="126.059" />
    <Hotspot X="949.9714" Y="-4821.589" Z="113.5707" />
    <Hotspot X="997.4694" Y="-4812.209" Z="101.0825" />
    <Hotspot X="1022.963" Y="-4807.175" Z="94.37955" />
    <Hotspot X="1069.9" Y="-4795.743" Z="132.3319" />
    <Hotspot X="1116.838" Y="-4784.311" Z="133.4298" />
    <Hotspot X="1159.733" Y="-4773.863" Z="131.9466" />
    <Hotspot X="1168.93" Y="-4820.708" Z="117.0829" />
    <Hotspot X="1176.653" Y="-4860.05" Z="104.6002" />
    <Hotspot X="1225.507" Y="-4869.21" Z="99.17281" />
    <Hotspot X="1266.893" Y="-4876.97" Z="94.57491" />
    <Hotspot X="1245.42" Y="-4922.109" Z="93.40984" />
    <Hotspot X="1225.119" Y="-4964.783" Z="92.3084" />
    <Hotspot X="1209.971" Y="-5012.43" Z="92.92544" />
    <Hotspot X="1202.889" Y="-5034.709" Z="93.21397" />
    <Hotspot X="1128.691" Y="-5064.239" Z="141.6196" />
    <Hotspot X="1017.394" Y="-5108.534" Z="81.34602" />
    <Hotspot X="1017.323" Y="-5108.563" Z="81.30209" />
    <Hotspot X="1006.877" Y="-5060.273" Z="89.18365" />
    <Hotspot X="990.2954" Y="-4983.618" Z="101.1788" />
    <Hotspot X="946.3126" Y="-4960.922" Z="94.07973" />
    <Hotspot X="915.8033" Y="-4945.179" Z="89.15538" />
    <Hotspot X="867.7067" Y="-4958.764" Z="90.78246" />
    <Hotspot X="819.61" Y="-4972.349" Z="93.85571" />
    <Hotspot X="771.5134" Y="-4985.934" Z="94.93903" />
    <Hotspot X="736.0933" Y="-4995.938" Z="94.64485" />
    <Hotspot X="728.8232" Y="-4946.816" Z="100.4921" />
    <Hotspot X="722.6333" Y="-4904.994" Z="105.4705" />
    <Hotspot X="737.7891" Y="-4857.777" Z="111.8639" />
    <Hotspot X="752.9449" Y="-4810.56" Z="118.2573" />
    <Hotspot X="753.0133" Y="-4810.347" Z="118.2862" />
    <Hotspot X="703.4161" Y="-4815.02" Z="114.0105" />
    <Hotspot X="653.8188" Y="-4819.693" Z="109.7348" />
    <Hotspot X="623.9333" Y="-4822.508" Z="107.1584" />
    <Hotspot X="600.9655" Y="-4866.918" Z="107.6136" />
    <Hotspot X="578.8133" Y="-4909.752" Z="108.0526" />
    <Hotspot X="529.1077" Y="-4915.045" Z="106.8934" />
    <Hotspot X="479.4022" Y="-4920.338" Z="105.9642" />
    <Hotspot X="464.6034" Y="-4921.914" Z="105.389" />
    <Hotspot X="421.4849" Y="-4897.038" Z="101.861" />
    <Hotspot X="391.2833" Y="-4879.613" Z="97.41848" />
    <Hotspot X="356.7387" Y="-4934.669" Z="105.0081" />
    <Hotspot X="330.166" Y="-4977.019" Z="100.8963" />
    <Hotspot X="312.3233" Y="-5005.456" Z="95.70264" />
    <Hotspot X="343.8583" Y="-5044.236" Z="96.98454" />
    <Hotspot X="373.1383" Y="-5080.243" Z="98.17476" />
    <Hotspot X="323.2766" Y="-5079.011" Z="94.66808" />
    <Hotspot X="273.4149" Y="-5077.779" Z="91.16141" />
    <Hotspot X="223.5533" Y="-5076.548" Z="87.65474" />
    <Hotspot X="192.4733" Y="-5075.78" Z="85.46894" />
    <Hotspot X="192.4733" Y="-5025.92" Z="89.21094" />
    <Hotspot X="192.4733" Y="-4976.06" Z="92.95296" />
    <Hotspot X="192.4733" Y="-4968.972" Z="93.48491" />
    <Hotspot X="181.0932" Y="-4920.421" Z="97.12822" />
    <Hotspot X="166.299" Y="-4857.304" Z="101.8645" />
    <Hotspot X="166.2086" Y="-4856.918" Z="101.8935" />
    <Hotspot X="126.1571" Y="-4886.806" Z="103.1397" />
    <Hotspot X="86.10571" Y="-4916.694" Z="99.69871" />
    <Hotspot X="63.52332" Y="-4933.546" Z="97.7586" />
    <Hotspot X="16.60318" Y="-4950.807" Z="98.49687" />
    <Hotspot X="-30.31697" Y="-4968.069" Z="99.67198" />
    <Hotspot X="-51.45665" Y="-4975.846" Z="99.56777" />
    <Hotspot X="-92.74829" Y="-5004.022" Z="100.6077" />
    <Hotspot X="-134.0399" Y="-5032.199" Z="101.8356" />
    <Hotspot X="-137.4666" Y="-5034.537" Z="101.734" />
    <Hotspot X="-132.535" Y="-5089.286" Z="101.052" />
    <Hotspot X="-128.0518" Y="-5139.058" Z="98.70762" />
    <Hotspot X="-125.4167" Y="-5168.311" Z="97.32973" />
    <Hotspot X="-229.4652" Y="-5180.594" Z="90.42466" />
    <Hotspot X="-279.0122" Y="-5186.442" Z="90.28379" />
    <Hotspot X="-355.8318" Y="-5195.511" Z="81.98048" />
    <Hotspot X="-342.0919" Y="-5147.906" Z="93.29435" />
    <Hotspot X="-328.352" Y="-5100.302" Z="103.7307" />
    <Hotspot X="-314.6121" Y="-5052.698" Z="103.8876" />
    <Hotspot X="-310.8966" Y="-5039.825" Z="103.93" />
    <Hotspot X="-272.1117" Y="-5008.283" Z="103.0175" />
    <Hotspot X="-233.3267" Y="-4976.741" Z="102.105" />
    <Hotspot X="-194.5417" Y="-4945.199" Z="101.1924" />
    <Hotspot X="-193.8667" Y="-4944.65" Z="101.1766" />
    <Hotspot X="-226.792" Y="-4907.266" Z="107.6961" />
    <Hotspot X="-244.6268" Y="-4887.016" Z="107.7854" />
    <Hotspot X="-292.1906" Y="-4873.59" Z="115.363" />
    <Hotspot X="-327.0468" Y="-4863.751" Z="120.9161" />
    <Hotspot X="-381.7305" Y="-4869.546" Z="125.904" />
    <Hotspot X="-431.4431" Y="-4874.814" Z="124.684" />
    <Hotspot X="-471.7717" Y="-4879.088" Z="123.6944" />
    <Hotspot X="-519.3593" Y="-4894.412" Z="124.4693" />
    <Hotspot X="-540.7267" Y="-4901.292" Z="124.8172" />
    <Hotspot X="-587.9066" Y="-4884.834" Z="123.0327" />
    <Hotspot X="-644.5225" Y="-4865.084" Z="120.8913" />
    <Hotspot X="-661.9867" Y="-4858.992" Z="120.2307" />
    <Hotspot X="-664.8247" Y="-4907.947" Z="110.7647" />
    <Hotspot X="-666.2167" Y="-4931.96" Z="105.6758" />
    <Hotspot X="-671.0232" Y="-4981.707" Z="104.2122" />
    <Hotspot X="-673.2667" Y="-5004.927" Z="103.529" />
    <Hotspot X="-662.9688" Y="-5053.75" Z="100.3248" />
    <Hotspot X="-653.5267" Y="-5098.516" Z="97.38678" />
    <Hotspot X="-694.0104" Y="-5069.173" Z="97.60191" />
    <Hotspot X="-734.4941" Y="-5039.83" Z="97.81703" />
    <Hotspot X="-774.9779" Y="-5010.486" Z="98.03216" />
    <Hotspot X="-815.4616" Y="-4981.144" Z="98.24728" />
    <Hotspot X="-842.4666" Y="-4961.57" Z="98.39078" />
    <Hotspot X="-869.6234" Y="-4919.849" Z="96.75139" />
    <Hotspot X="-886.1767" Y="-4894.418" Z="90.86161" />
    <Hotspot X="-862.0308" Y="-4850.917" Z="100.0376" />
    <Hotspot X="-837.8849" Y="-4807.415" Z="102.4923" />
    <Hotspot X="-821.3167" Y="-4777.565" Z="104.1767" />
    <Hotspot X="-859.1714" Y="-4744.938" Z="108.4621" />
    <Hotspot X="-897.0261" Y="-4712.313" Z="108.8656" />
    <Hotspot X="-944.6267" Y="-4671.286" Z="109.3729" />
    <Hotspot X="-964.1802" Y="-4716.492" Z="100.7673" />
    <Hotspot X="-976.4167" Y="-4744.782" Z="95.38196" />
    <Hotspot X="-1002.068" Y="-4787.668" Z="93.71169" />
    <Hotspot X="-1010.257" Y="-4801.358" Z="93.1785" />
    <Hotspot X="-1040.477" Y="-4761.863" Z="98.35638" />
    <Hotspot X="-1070.698" Y="-4722.367" Z="103.5343" />
    <Hotspot X="-1109.316" Y="-4671.897" Z="110.1509" />
    <Hotspot X="-1081.044" Y="-4630.71" Z="149.0017" />
    <Hotspot X="-1052.773" Y="-4589.523" Z="109.9555" />
    <Hotspot X="-1049.737" Y="-4585.1" Z="105.7621" />
    <Hotspot X="-1033.011" Y="-4539.188" Z="149.0147" />
    <Hotspot X="-1016.285" Y="-4493.275" Z="130.1291" />
    <Hotspot X="-1014.487" Y="-4488.338" Z="128.0983" />
    <Hotspot X="-998.6076" Y="-4437.352" Z="130.1064" />
    <Hotspot X="-991.9266" Y="-4415.899" Z="109.4001" />
    <Hotspot X="-966.505" Y="-4458.952" Z="133.6865" />
    <Hotspot X="-948.2167" Y="-4489.925" Z="108.6559" />
    <Hotspot X="-909.8768" Y="-4521.217" Z="144.3802" />
    <Hotspot X="-840.8652" Y="-4577.542" Z="133.0106" />
    <Hotspot X="-828.3668" Y="-4587.743" Z="130.9515" />
    <Hotspot X="-780.0969" Y="-4599.741" Z="127.3733" />
    <Hotspot X="-731.8271" Y="-4611.738" Z="123.1395" />
    <Hotspot X="-707.1066" Y="-4617.882" Z="118.1208" />
    <Hotspot X="-700.3172" Y="-4667.4" Z="117.2883" />
    <Hotspot X="-697.1016" Y="-4690.853" Z="116.096" />
    <Hotspot X="-654.5525" Y="-4664.73" Z="118.7708" />
    <Hotspot X="-612.0034" Y="-4638.606" Z="121.4457" />
    <Hotspot X="-577.3867" Y="-4617.354" Z="123.6218" />
    <Hotspot X="-526.3445" Y="-4663.011" Z="138.1163" />
    <Hotspot X="-524.8469" Y="-4664.351" Z="138.5415" />
    <Hotspot X="-471.8441" Y="-4650.939" Z="132.5536" />
    <Hotspot X="-419.4668" Y="-4637.687" Z="126.6362" />
    <Hotspot X="-391.0942" Y="-4678.718" Z="123.8524" />
    <Hotspot X="-365.8867" Y="-4715.172" Z="120.2495" />
    <Hotspot X="-315.9864" Y="-4713.786" Z="117.4142" />
    <Hotspot X="-261.0961" Y="-4712.261" Z="114.2954" />
    <Hotspot X="-251.6767" Y="-4712" Z="113.7602" />
    <Hotspot X="-209.6873" Y="-4684.943" Z="115.9617" />
    <Hotspot X="-167.698" Y="-4657.887" Z="118.1633" />
    <Hotspot X="-151.5667" Y="-4647.492" Z="119.0091" />
    <Hotspot X="-101.6404" Y="-4649.924" Z="117.8042" />
    <Hotspot X="-51.71405" Y="-4652.355" Z="117.469" />
    <Hotspot X="-42.99672" Y="-4652.78" Z="116.389" />
    <Hotspot X="11.81783" Y="-4652.025" Z="127.2316" />
    <Hotspot X="27.86281" Y="-4651.804" Z="122.1406" />
    <Hotspot X="76.28345" Y="-4661.91" Z="116.7446" />
    <Hotspot X="124.7041" Y="-4672.016" Z="108.3949" />
    <Hotspot X="164.2733" Y="-4680.275" Z="101.5715" />
    <Hotspot X="155.8208" Y="-4633.767" Z="117.8681" />
    <Hotspot X="148.8984" Y="-4595.678" Z="131.2148" />
    <Hotspot X="118.0115" Y="-4556.452" Z="141.4433" />
    <Hotspot X="84.0359" Y="-4513.302" Z="133.8403" />
    <Hotspot X="53.14898" Y="-4474.075" Z="123.2868" />
    <Hotspot X="51.4733" Y="-4471.947" Z="122.7143" />
    <Hotspot X="70.84859" Y="-4426.052" Z="118.4453" />
    <Hotspot X="90.22387" Y="-4380.157" Z="114.1861" />
    <Hotspot X="90.31335" Y="-4379.945" Z="114.1565" />
    <Hotspot X="138.7212" Y="-4368.497" Z="109.0955" />
    <Hotspot X="187.1291" Y="-4357.048" Z="104.0344" />
    <Hotspot X="206.5733" Y="-4352.45" Z="102.0015" />
    <Hotspot X="218.546" Y="-4303.904" Z="102.005" />
    <Hotspot X="229.1333" Y="-4260.976" Z="102.0081" />
    <Hotspot X="199.6997" Y="-4220.561" Z="103.1568" />
    <Hotspot X="170.2661" Y="-4180.146" Z="103.3956" />
    <Hotspot X="138.7744" Y="-4136.905" Z="103.6511" />
    <Hotspot X="95.91494" Y="-4161.51" Z="111.2448" />
    <Hotspot X="53.05544" Y="-4186.115" Z="118.8385" />
    <Hotspot X="11.99337" Y="-4209.688" Z="126.1137" />
    <Hotspot X="22.74763" Y="-4161.56" Z="117.8651" />
    <Hotspot X="33.50189" Y="-4113.432" Z="109.6165" />
    <Hotspot X="36.14813" Y="-4101.589" Z="107.5868" />
    <Hotspot X="-18.01318" Y="-4075.9" Z="110.2621" />
    <Hotspot X="-63.14759" Y="-4054.493" Z="113.7841" />
    <Hotspot X="-83.75151" Y="-4044.72" Z="113.2926" />
    <Hotspot X="-116.299" Y="-4006.789" Z="111.9184" />
    <Hotspot X="-148.8465" Y="-3968.858" Z="110.5442" />
    <Hotspot X="-181.394" Y="-3930.927" Z="109.1701" />
    <Hotspot X="-193.0966" Y="-3917.289" Z="108.676" />
    <Hotspot X="-145.1018" Y="-3931.076" Z="106.1468" />
    <Hotspot X="-97.10692" Y="-3944.864" Z="103.8678" />
    <Hotspot X="-49.11208" Y="-3958.651" Z="101.5888" />
    <Hotspot X="-3.51668" Y="-3971.75" Z="98.68585" />
    <Hotspot X="45.33209" Y="-3961.085" Z="98.9287" />
    <Hotspot X="94.18088" Y="-3950.42" Z="99.33017" />
    <Hotspot X="143.0297" Y="-3939.755" Z="99.73164" />
    <Hotspot X="191.8784" Y="-3929.091" Z="99.7824" />
    <Hotspot X="202.3433" Y="-3926.806" Z="99.70929" />
    <Hotspot X="217.8784" Y="-3974.331" Z="99.63433" />
    <Hotspot X="229.1333" Y="-4008.762" Z="99.58002" />
    <Hotspot X="278.8805" Y="-4004.126" Z="101.5084" />
    <Hotspot X="328.6277" Y="-3999.49" Z="104.2624" />
    <Hotspot X="359.6233" Y="-3996.601" Z="104.6382" />
    <Hotspot X="391.3619" Y="-3928.714" Z="102.7433" />
    <Hotspot X="401.1533" Y="-3907.771" Z="100.7069" />
    <Hotspot X="411.9586" Y="-3956.579" Z="103.3452" />
    <Hotspot X="422.7639" Y="-4005.387" Z="104.8232" />
    <Hotspot X="432.1733" Y="-4047.89" Z="97.80772" />
  </Hotspots>
</HBProfile>
