<HBProfile>
  <Name></Name>
  <MinDurability>0.4</MinDurability>
  <MinFreeBagSlots>1</MinFreeBagSlots>
  
  <MinLevel>1</MinLevel>
  <MaxLevel>86</MaxLevel>
  <Factions>99999</Factions>
  
  <MailGrey>False</MailGrey>
  <MailWhite>True</MailWhite>
  <MailGreen>True</MailGreen>
  <MailBlue>True</MailBlue>
  <MailPurple>True</MailPurple>
 
  <SellGrey>True</SellGrey>
  <SellWhite>True</SellWhite>
  <SellGreen>False</SellGreen>
  <SellBlue>False</SellBlue>
  <SellPurple>False</SellPurple>

	<Vendors>

	</Vendors>
	
	<Mailboxes>

	</Mailboxes>
  <Blackspots>
	<Blackspot X="1918.384" Y="-4584.305" Z="38.08955" Radius="2.488826" />
	<Blackspot X="1904.622" Y="-4611.38" Z="38.08939" Radius="2.925328" />
	<Blackspot X="1945.513" Y="-4697.564" Z="36.01491" Radius="5.738221" />
	<Blackspot X="1955.528" Y="-4720.438" Z="37.65824" Radius="2.542814" />
	<Blackspot X="1909.309" Y="-4678.926" Z="35.30098" Radius="1.203703" />
	<Blackspot X="1904.355" Y="-4509.64" Z="26.82976" Radius="3.579645" />
	<Blackspot X="1736.511" Y="-4442.859" Z="39.60423" Radius="1.832101" />
  	<Blackspot X="1841.629" Y="-4485.789" Z="46.81457" Radius="0.8158129" />
  </Blackspots>
  
  <Hotspots>
    <Hotspot X="2751.042" Y="-1402.467" Z="261.4387" />
    <Hotspot X="2712.369" Y="-1433.625" Z="255.642" />
    <Hotspot X="2662.095" Y="-1474.131" Z="278.6359" />
    <Hotspot X="2623.423" Y="-1505.289" Z="262.8855" />
    <Hotspot X="2584.75" Y="-1536.448" Z="247.1351" />
    <Hotspot X="2546.078" Y="-1567.606" Z="231.3847" />
    <Hotspot X="2543.479" Y="-1569.7" Z="230.3262" />
    <Hotspot X="2517.139" Y="-1612.04" Z="226.6503" />
    <Hotspot X="2490.799" Y="-1654.38" Z="222.9745" />
    <Hotspot X="2489.667" Y="-1656.2" Z="222.8164" />
    <Hotspot X="2430.609" Y="-1656.918" Z="218.4299" />
    <Hotspot X="2381.395" Y="-1657.516" Z="222.9798" />
    <Hotspot X="2332.18" Y="-1658.114" Z="214.2427" />
    <Hotspot X="2282.966" Y="-1658.713" Z="205.5057" />
    <Hotspot X="2189.458" Y="-1659.849" Z="174.0957" />
    <Hotspot X="2157.567" Y="-1660.237" Z="163.3831" />
    <Hotspot X="2150.894" Y="-1638.808" Z="208.063" />
    <Hotspot X="2144.222" Y="-1617.38" Z="252.743" />
    <Hotspot X="2137.549" Y="-1595.951" Z="297.4229" />
    <Hotspot X="2132.967" Y="-1581.233" Z="328.1104" />
    <Hotspot X="2151.273" Y="-1571.915" Z="282.5251" />
    <Hotspot X="2169.58" Y="-1562.596" Z="236.9397" />
    <Hotspot X="2187.887" Y="-1553.278" Z="191.3547" />
    <Hotspot X="2197.542" Y="-1548.363" Z="167.3141" />
    <Hotspot X="2228.413" Y="-1480.026" Z="174.1161" />
    <Hotspot X="2248.993" Y="-1434.468" Z="169.6123" />
    <Hotspot X="2269.574" Y="-1388.91" Z="165.1084" />
    <Hotspot X="2275.954" Y="-1374.787" Z="163.7122" />
    <Hotspot X="2318.617" Y="-1349.627" Z="170.5572" />
    <Hotspot X="2361.281" Y="-1324.468" Z="182.1577" />
    <Hotspot X="2403.944" Y="-1299.309" Z="193.7581" />
    <Hotspot X="2446.607" Y="-1274.15" Z="205.3585" />
    <Hotspot X="2489.271" Y="-1248.99" Z="207.8656" />
    <Hotspot X="2531.934" Y="-1223.831" Z="210.3727" />
    <Hotspot X="2578.863" Y="-1196.156" Z="213.1305" />
    <Hotspot X="2586.917" Y="-1191.407" Z="213.6038" />
    <Hotspot X="2634.194" Y="-1177.963" Z="222.7749" />
    <Hotspot X="2681.471" Y="-1164.52" Z="234.835" />
    <Hotspot X="2728.749" Y="-1151.076" Z="246.8951" />
    <Hotspot X="2776.026" Y="-1137.632" Z="258.9552" />
    <Hotspot X="2823.304" Y="-1124.189" Z="270.7108" />
    <Hotspot X="2858.667" Y="-1114.133" Z="266.3191" />
    <Hotspot X="2860.18" Y="-1064.31" Z="275.4025" />
    <Hotspot X="2861.693" Y="-1014.486" Z="277.6797" />
    <Hotspot X="2863.206" Y="-964.6625" Z="279.957" />
    <Hotspot X="2864.719" Y="-914.8388" Z="282.2343" />
    <Hotspot X="2864.959" Y="-906.925" Z="282.5959" />
    <Hotspot X="2914.828" Y="-910.531" Z="282.946" />
    <Hotspot X="2963.217" Y="-914.03" Z="283.2856" />
    <Hotspot X="3004.853" Y="-886.4602" Z="293.059" />
    <Hotspot X="3046.489" Y="-858.8904" Z="284.3728" />
    <Hotspot X="3087.754" Y="-831.5667" Z="275.7642" />
    <Hotspot X="3101.121" Y="-783.4384" Z="288.9716" />
    <Hotspot X="3119.834" Y="-716.0588" Z="279.827" />
    <Hotspot X="3126.192" Y="-693.1666" Z="269.3338" />
    <Hotspot X="3204.767" Y="-683.4185" Z="327.1265" />
    <Hotspot X="3253.876" Y="-677.326" Z="315.5124" />
    <Hotspot X="3307.897" Y="-670.6242" Z="302.7368" />
    <Hotspot X="3326.067" Y="-668.37" Z="298.4398" />
    <Hotspot X="3338.222" Y="-711.2263" Z="321.1461" />
    <Hotspot X="3350.378" Y="-754.0826" Z="373.6081" />
    <Hotspot X="3356.816" Y="-776.7834" Z="355.88" />
    <Hotspot X="3378.776" Y="-746.5201" Z="381.1698" />
    <Hotspot X="3400.735" Y="-716.2567" Z="370.3652" />
    <Hotspot X="3422.694" Y="-685.9934" Z="257.1494" />
    <Hotspot X="3422.929" Y="-685.6701" Z="255.9399" />
    <Hotspot X="3418.566" Y="-635.9232" Z="350.5268" />
    <Hotspot X="3415.241" Y="-598.0167" Z="260.3306" />
    <Hotspot X="3373.802" Y="-531.6491" Z="258.2341" />
    <Hotspot X="3350.667" Y="-494.5966" Z="234.3436" />
    <Hotspot X="3307.709" Y="-469.1082" Z="233.0294" />
    <Hotspot X="3262.462" Y="-442.2611" Z="229.7544" />
    <Hotspot X="3212.774" Y="-444.3433" Z="260.5293" />
    <Hotspot X="3163.086" Y="-446.4254" Z="259.5682" />
    <Hotspot X="3113.397" Y="-448.5075" Z="258.6071" />
    <Hotspot X="3063.709" Y="-450.5896" Z="257.646" />
    <Hotspot X="2994.146" Y="-453.5045" Z="256.3005" />
    <Hotspot X="2919.614" Y="-456.6277" Z="195.8415" />
    <Hotspot X="2917.092" Y="-456.7334" Z="193.7951" />
    <Hotspot X="2958.336" Y="-428.4982" Z="208.7352" />
    <Hotspot X="2999.581" Y="-400.2629" Z="243.4213" />
    <Hotspot X="3040.826" Y="-372.0277" Z="247.743" />
    <Hotspot X="3082.07" Y="-343.7924" Z="233.6341" />
    <Hotspot X="3123.315" Y="-315.5572" Z="218.2264" />
    <Hotspot X="3167.847" Y="-285.0717" Z="201.5908" />
    <Hotspot X="3227.78" Y="-283.264" Z="212.8532" />
    <Hotspot X="3307.691" Y="-280.8538" Z="209.6113" />
    <Hotspot X="3346.054" Y="-279.6968" Z="208.055" />
    <Hotspot X="3371.682" Y="-319.4467" Z="224.2777" />
    <Hotspot X="3397.309" Y="-359.1965" Z="246.7625" />
    <Hotspot X="3422.937" Y="-398.9464" Z="269.2474" />
    <Hotspot X="3451.127" Y="-442.6713" Z="293.9808" />
    <Hotspot X="3476.755" Y="-482.4211" Z="298.505" />
    <Hotspot X="3493.654" Y="-508.6333" Z="301.4883" />
    <Hotspot X="3518.679" Y="-477.9149" Z="270.9906" />
    <Hotspot X="3543.705" Y="-447.1964" Z="253.5138" />
    <Hotspot X="3573.735" Y="-410.3343" Z="205.5865" />
    <Hotspot X="3578.217" Y="-404.8334" Z="198.4343" />
    <Hotspot X="3576.049" Y="-361.8827" Z="198.1884" />
    <Hotspot X="3573.882" Y="-318.932" Z="164.9251" />
    <Hotspot X="3570.63" Y="-254.506" Z="115.0301" />
    <Hotspot X="3568.991" Y="-222.03" Z="89.87904" />
    <Hotspot X="3616.663" Y="-207.0019" Z="88.63952" />
    <Hotspot X="3664.335" Y="-191.9737" Z="92.51599" />
    <Hotspot X="3712.007" Y="-176.9456" Z="86.95889" />
    <Hotspot X="3720.823" Y="-174.1666" Z="85.93128" />
    <Hotspot X="3768.267" Y="-189.9331" Z="85.81885" />
    <Hotspot X="3815.711" Y="-205.6996" Z="85.23605" />
    <Hotspot X="3838.823" Y="-213.3801" Z="84.19659" />
    <Hotspot X="3897.129" Y="-174.7987" Z="90.54689" />
    <Hotspot X="3951.271" Y="-138.9732" Z="134.2661" />
    <Hotspot X="3997.083" Y="-108.6592" Z="159.963" />
    <Hotspot X="4072.049" Y="-59.0546" Z="117.3177" />
    <Hotspot X="4102.885" Y="-38.64999" Z="99.77578" />
    <Hotspot X="4097.897" Y="11.02756" Z="97.26487" />
    <Hotspot X="4092.909" Y="60.70512" Z="108.866" />
    <Hotspot X="4086.924" Y="120.3182" Z="100.3941" />
    <Hotspot X="4081.936" Y="169.9958" Z="93.3342" />
    <Hotspot X="4076.948" Y="219.6734" Z="86.27428" />
    <Hotspot X="4076.366" Y="225.4633" Z="85.45144" />
    <Hotspot X="4011.977" Y="231.0798" Z="96.04914" />
    <Hotspot X="3962.446" Y="235.4001" Z="98.63561" />
    <Hotspot X="3944.142" Y="236.9967" Z="99.59146" />
    <Hotspot X="3935.11" Y="286.0551" Z="96.16915" />
    <Hotspot X="3926.079" Y="335.1134" Z="96.77858" />
    <Hotspot X="3917.048" Y="384.1718" Z="97.38802" />
    <Hotspot X="3914.921" Y="395.7219" Z="88.51879" />
    <Hotspot X="3924.476" Y="444.7865" Z="89.69537" />
    <Hotspot X="3934.03" Y="493.851" Z="90.87194" />
    <Hotspot X="3936.454" Y="506.2999" Z="91.17046" />
    <Hotspot X="3980.392" Y="527.2264" Z="116.645" />
    <Hotspot X="4024.329" Y="548.153" Z="116.4887" />
    <Hotspot X="4033.316" Y="552.4333" Z="116.4568" />
    <Hotspot X="4001.673" Y="619.3829" Z="112.3313" />
    <Hotspot X="3980.578" Y="664.0161" Z="98.61604" />
    <Hotspot X="3973.354" Y="679.2999" Z="93.91947" />
    <Hotspot X="4003.579" Y="718.9769" Z="90.42522" />
    <Hotspot X="4033.803" Y="758.6539" Z="87.09703" />
    <Hotspot X="4034.854" Y="760.0333" Z="86.80949" />
    <Hotspot X="3985.052" Y="755.6667" Z="87.64285" />
    <Hotspot X="3935.25" Y="751.3002" Z="91.9601" />
    <Hotspot X="3885.448" Y="746.9336" Z="96.27734" />
    <Hotspot X="3835.646" Y="742.5671" Z="100.5946" />
    <Hotspot X="3775.884" Y="737.3272" Z="105.7753" />
    <Hotspot X="3726.082" Y="732.9606" Z="103.422" />
    <Hotspot X="3676.28" Y="728.5941" Z="101.0688" />
    <Hotspot X="3626.478" Y="724.2275" Z="98.71548" />
    <Hotspot X="3620.498" Y="723.7032" Z="93.74306" />
    <Hotspot X="3570.677" Y="719.531" Z="94.42322" />
    <Hotspot X="3520.856" Y="715.3588" Z="97.84272" />
    <Hotspot X="3466.053" Y="710.7694" Z="101.6042" />
    <Hotspot X="3316.59" Y="698.2527" Z="111.8627" />
    <Hotspot X="3296.854" Y="696.6" Z="98.16145" />
    <Hotspot X="3259.657" Y="729.4266" Z="91.93201" />
    <Hotspot X="3238.045" Y="748.4999" Z="88.31251" />
    <Hotspot X="3205.191" Y="710.8139" Z="87.65733" />
    <Hotspot X="3172.338" Y="673.1279" Z="87.52654" />
    <Hotspot X="3139.485" Y="635.442" Z="87.39574" />
    <Hotspot X="3106.632" Y="597.7559" Z="87.26494" />
    <Hotspot X="3073.778" Y="560.0699" Z="87.13415" />
    <Hotspot X="3040.925" Y="522.384" Z="87.00335" />
    <Hotspot X="3033.942" Y="514.3733" Z="84.24216" />
    <Hotspot X="3000.886" Y="551.8425" Z="86.09056" />
    <Hotspot X="2967.831" Y="589.3116" Z="87.93896" />
    <Hotspot X="2964.754" Y="592.7999" Z="88.11105" />
    <Hotspot X="2918.395" Y="602.292" Z="104.2572" />
    <Hotspot X="2872.035" Y="611.784" Z="159.4506" />
    <Hotspot X="2825.675" Y="621.276" Z="181.6933" />
    <Hotspot X="2779.316" Y="630.7681" Z="186.6315" />
    <Hotspot X="2732.956" Y="640.2601" Z="191.5697" />
    <Hotspot X="2686.597" Y="649.7521" Z="196.5079" />
    <Hotspot X="2640.237" Y="659.2441" Z="201.4461" />
    <Hotspot X="2638.947" Y="659.5084" Z="201.5836" />
    <Hotspot X="2592.009" Y="642.4153" Z="203.7401" />
    <Hotspot X="2523.349" Y="617.4117" Z="206.8946" />
    <Hotspot X="2546.741" Y="578.0911" Z="186.7285" />
    <Hotspot X="2572.473" Y="534.8384" Z="174.4361" />
    <Hotspot X="2584.991" Y="513.7966" Z="153.7543" />
    <Hotspot X="2611.74" Y="471.554" Z="154.0075" />
    <Hotspot X="2641.164" Y="425.0872" Z="154.286" />
    <Hotspot X="2643.417" Y="421.53" Z="154.3073" />
    <Hotspot X="2691.556" Y="408.027" Z="153.8052" />
    <Hotspot X="2731.621" Y="396.7888" Z="153.3874" />
    <Hotspot X="2781.04" Y="390.8495" Z="171.8927" />
    <Hotspot X="2830.458" Y="384.9102" Z="173.1739" />
    <Hotspot X="2879.876" Y="378.9709" Z="172.4902" />
    <Hotspot X="2924.01" Y="373.6666" Z="171.8795" />
    <Hotspot X="2966.331" Y="394.1482" Z="173.8798" />
    <Hotspot X="3039.431" Y="429.5254" Z="95.53207" />
    <Hotspot X="3043.167" Y="431.3333" Z="91.52831" />
    <Hotspot X="3090.606" Y="415.5822" Z="90.33788" />
    <Hotspot X="3157.021" Y="393.5305" Z="91.14058" />
    <Hotspot X="3204.46" Y="377.7794" Z="89.14561" />
    <Hotspot X="3251.899" Y="362.0283" Z="87.15064" />
    <Hotspot X="3277.635" Y="353.4832" Z="85.64462" />
    <Hotspot X="3300.187" Y="398.0823" Z="87.1742" />
    <Hotspot X="3319.917" Y="437.0999" Z="88.51236" />
    <Hotspot X="3361.154" Y="465.3525" Z="97.71893" />
    <Hotspot X="3402.391" Y="493.6051" Z="90.82829" />
    <Hotspot X="3435.229" Y="516.1033" Z="85.34109" />
    <Hotspot X="3485.181" Y="513.9175" Z="85.22" />
    <Hotspot X="3527.479" Y="512.0666" Z="85.11747" />
    <Hotspot X="3596.519" Y="505.4222" Z="94.57241" />
    <Hotspot X="3629.342" Y="502.2633" Z="99.0675" />
    <Hotspot X="3626.714" Y="442.3715" Z="99.89369" />
    <Hotspot X="3624.524" Y="392.4617" Z="95.54573" />
    <Hotspot X="3623.573" Y="370.7833" Z="93.65718" />
    <Hotspot X="3581.46" Y="343.879" Z="92.00724" />
    <Hotspot X="3535.137" Y="314.2843" Z="94.38587" />
    <Hotspot X="3493.025" Y="287.38" Z="95.2702" />
    <Hotspot X="3462.904" Y="268.1366" Z="87.36223" />
    <Hotspot X="3486.276" Y="223.9403" Z="93.6694" />
    <Hotspot X="3509.648" Y="179.744" Z="95.25996" />
    <Hotspot X="3533.02" Y="135.5477" Z="96.85052" />
    <Hotspot X="3558.729" Y="86.9318" Z="90.77783" />
    <Hotspot X="3561.304" Y="82.06322" Z="90.14475" />
    <Hotspot X="3534.569" Y="39.82123" Z="89.23323" />
    <Hotspot X="3507.833" Y="-2.420761" Z="101.2794" />
    <Hotspot X="3481.098" Y="-44.66276" Z="90.66513" />
    <Hotspot X="3472.129" Y="-58.83341" Z="87.10442" />
    <Hotspot X="3436.168" Y="-24.10209" Z="87.83876" />
    <Hotspot X="3410.629" Y="0.5633142" Z="88.36028" />
    <Hotspot X="3335.519" Y="-25.74428" Z="165.7358" />
    <Hotspot X="3291.336" Y="-41.21933" Z="184.5132" />
    <Hotspot X="3203.203" Y="-72.08828" Z="170.809" />
    <Hotspot X="3154.397" Y="-81.60376" Z="176.0462" />
    <Hotspot X="3108.51" Y="-90.55001" Z="180.9701" />
    <Hotspot X="3077.034" Y="-52.97543" Z="174.5104" />
    <Hotspot X="3045.559" Y="-15.40086" Z="161.9568" />
    <Hotspot X="3037.017" Y="-5.20345" Z="158.5498" />
    <Hotspot X="3030.057" Y="-54.12184" Z="172.9561" />
    <Hotspot X="3023.098" Y="-103.0402" Z="188.7852" />
    <Hotspot X="3016.26" Y="-151.1001" Z="181.3721" />
    <Hotspot X="2968.46" Y="-136.5005" Z="186.9181" />
    <Hotspot X="2920.66" Y="-121.901" Z="185.086" />
    <Hotspot X="2872.86" Y="-107.3014" Z="183.254" />
    <Hotspot X="2825.061" Y="-92.70186" Z="181.4219" />
    <Hotspot X="2780.254" Y="-79.01665" Z="174.3585" />
    <Hotspot X="2763.898" Y="-31.79826" Z="176.0601" />
    <Hotspot X="2754.885" Y="-5.78004" Z="176.9978" />
    <Hotspot X="2695.627" Y="-14.9368" Z="190.6349" />
    <Hotspot X="2646.244" Y="-22.56744" Z="193.2018" />
    <Hotspot X="2596.862" Y="-30.19808" Z="181.1346" />
    <Hotspot X="2549.629" Y="-37.49664" Z="169.5924" />
    <Hotspot X="2559.34" Y="11.48581" Z="172.1255" />
    <Hotspot X="2569.051" Y="60.46825" Z="174.6585" />
    <Hotspot X="2578.762" Y="109.4507" Z="177.1916" />
    <Hotspot X="2588.473" Y="158.4332" Z="179.7246" />
    <Hotspot X="2594.217" Y="187.4032" Z="181.2228" />
    <Hotspot X="2506.22" Y="268.4228" Z="256.3005" />
    <Hotspot X="2425.557" Y="342.6907" Z="237.6985" />
    <Hotspot X="2388.892" Y="376.4488" Z="229.243" />
    <Hotspot X="2337.56" Y="423.7102" Z="217.4052" />
    <Hotspot X="2313.623" Y="445.7499" Z="211.8849" />
    <Hotspot X="2268.7" Y="414.2322" Z="216.0677" />
    <Hotspot X="2260.198" Y="408.2666" Z="216.2736" />
    <Hotspot X="2275.109" Y="360.9103" Z="222.1936" />
    <Hotspot X="2301.948" Y="275.6689" Z="270.7368" />
    <Hotspot X="2312.854" Y="241.0333" Z="237.1792" />
    <Hotspot X="2299.665" Y="161.3662" Z="227.9992" />
    <Hotspot X="2291.907" Y="114.5031" Z="215.7487" />
    <Hotspot X="2284.149" Y="67.64008" Z="180.6951" />
    <Hotspot X="2283.642" Y="64.57328" Z="178.4011" />
    <Hotspot X="2234.769" Y="68.78907" Z="188.0824" />
    <Hotspot X="2196.637" Y="72.07841" Z="195.6362" />
    <Hotspot X="2152.579" Y="17.83771" Z="250.6725" />
    <Hotspot X="2117.962" Y="-24.77998" Z="249.201" />
    <Hotspot X="2073.904" Y="-79.02069" Z="226.3858" />
    <Hotspot X="2042.433" Y="-117.7641" Z="210.0893" />
    <Hotspot X="2010.963" Y="-156.5074" Z="193.7927" />
    <Hotspot X="1979.493" Y="-195.2508" Z="177.4962" />
    <Hotspot X="1974.604" Y="-201.27" Z="174.9643" />
    <Hotspot X="2023.622" Y="-211.0753" Z="180.3419" />
    <Hotspot X="2072.64" Y="-220.8807" Z="177.5161" />
    <Hotspot X="2078.385" Y="-222.03" Z="177.1849" />
    <Hotspot X="2110.125" Y="-183.7368" Z="182.3048" />
    <Hotspot X="2141.865" Y="-145.4437" Z="187.4248" />
    <Hotspot X="2170.635" Y="-110.7334" Z="192.0657" />
    <Hotspot X="2222.501" Y="-92.75694" Z="221.9028" />
    <Hotspot X="2321.517" Y="-58.43817" Z="242.4712" />
    <Hotspot X="2368.668" Y="-42.0959" Z="204.6414" />
    <Hotspot X="2403.567" Y="-30.0001" Z="176.6417" />
    <Hotspot X="2418.756" Y="-77.14273" Z="183.4875" />
    <Hotspot X="2436.982" Y="-133.7139" Z="191.7025" />
    <Hotspot X="2437.01" Y="-133.8" Z="191.715" />
    <Hotspot X="2435.102" Y="-268.5862" Z="191.7976" />
    <Hotspot X="2434.396" Y="-318.507" Z="182.3907" />
    <Hotspot X="2434.316" Y="-324.1001" Z="181.3367" />
    <Hotspot X="2396.487" Y="-370.6655" Z="182.1004" />
    <Hotspot X="2386.646" Y="-382.778" Z="182.299" />
    <Hotspot X="2349.737" Y="-416.5067" Z="182.1007" />
    <Hotspot X="2312.827" Y="-450.2355" Z="181.9024" />
    <Hotspot X="2275.917" Y="-483.9642" Z="181.704" />
    <Hotspot X="2239.007" Y="-517.6929" Z="181.5057" />
    <Hotspot X="2223.679" Y="-531.7" Z="181.4234" />
    <Hotspot X="2233.19" Y="-580.6832" Z="184.6135" />
    <Hotspot X="2242.265" Y="-627.4183" Z="187.6572" />
    <Hotspot X="2238.923" Y="-682.3054" Z="206.1664" />
    <Hotspot X="2235.979" Y="-730.65" Z="189.7412" />
    <Hotspot X="2246.024" Y="-779.6302" Z="189.5891" />
    <Hotspot X="2251.354" Y="-805.6167" Z="189.5084" />
    <Hotspot X="2205.647" Y="-785.4072" Z="187.9432" />
    <Hotspot X="2159.94" Y="-765.1977" Z="201.0207" />
    <Hotspot X="2114.233" Y="-744.9882" Z="214.0982" />
    <Hotspot X="2063.956" Y="-722.7577" Z="184.0563" />
    <Hotspot X="2062.242" Y="-721.9999" Z="183.0322" />
    <Hotspot X="2017.079" Y="-700.7098" Z="185.6951" />
    <Hotspot X="1971.917" Y="-679.4196" Z="192.5345" />
    <Hotspot X="1926.755" Y="-658.1294" Z="192.7562" />
    <Hotspot X="1894.654" Y="-642.9967" Z="192.9137" />
    <Hotspot X="1905.93" Y="-691.6443" Z="205.5095" />
    <Hotspot X="1917.205" Y="-740.2918" Z="199.3589" />
    <Hotspot X="1929.609" Y="-793.8041" Z="192.5932" />
    <Hotspot X="1947.317" Y="-870.2032" Z="181.2155" />
    <Hotspot X="1953.806" Y="-919.7568" Z="179.6879" />
    <Hotspot X="1960.294" Y="-969.3105" Z="178.1603" />
    <Hotspot X="1966.783" Y="-1018.864" Z="176.6327" />
    <Hotspot X="1973.067" Y="-1066.847" Z="175.1535" />
    <Hotspot X="1944.247" Y="-1106.936" Z="183.0451" />
    <Hotspot X="1915.427" Y="-1147.025" Z="211.4492" />
    <Hotspot X="1886.607" Y="-1187.114" Z="239.8532" />
    <Hotspot X="1857.787" Y="-1227.203" Z="268.2573" />
    <Hotspot X="1817.44" Y="-1283.328" Z="221.6753" />
    <Hotspot X="1814.704" Y="-1287.133" Z="218.5171" />
    <Hotspot X="1891.539" Y="-1356.218" Z="199.8438" />
    <Hotspot X="1928.127" Y="-1389.116" Z="190.9518" />
    <Hotspot X="1964.715" Y="-1422.013" Z="182.0597" />
    <Hotspot X="2001.303" Y="-1454.911" Z="173.1677" />
    <Hotspot X="2037.891" Y="-1487.808" Z="164.2756" />
    <Hotspot X="2039.179" Y="-1488.966" Z="163.9626" />
    <Hotspot X="1991.748" Y="-1504.215" Z="159.7477" />
    <Hotspot X="1944.317" Y="-1519.463" Z="156.4011" />
    <Hotspot X="1896.886" Y="-1534.712" Z="153.0545" />
    <Hotspot X="1877.742" Y="-1540.866" Z="149.6167" />
    <Hotspot X="1829.262" Y="-1552.231" Z="160.686" />
    <Hotspot X="1780.783" Y="-1563.595" Z="160.136" />
    <Hotspot X="1767.042" Y="-1566.817" Z="159.9802" />
    <Hotspot X="1803.769" Y="-1619.862" Z="173.8629" />
    <Hotspot X="1837.672" Y="-1668.827" Z="182.1074" />
    <Hotspot X="1865.924" Y="-1709.632" Z="143.4979" />
    <Hotspot X="1870.054" Y="-1715.597" Z="137.8539" />
    <Hotspot X="1830.917" Y="-1751.052" Z="153.2238" />
    <Hotspot X="1788.223" Y="-1789.73" Z="178.1068" />
    <Hotspot X="1770.116" Y="-1806.133" Z="177.1017" />
    <Hotspot X="1732.996" Y="-1772.719" Z="179.9683" />
    <Hotspot X="1695.875" Y="-1739.304" Z="182.7561" />
    <Hotspot X="1693.242" Y="-1736.933" Z="181.9736" />
    <Hotspot X="1655.889" Y="-1770.172" Z="182.0685" />
    <Hotspot X="1618.536" Y="-1803.41" Z="202.4814" />
    <Hotspot X="1581.184" Y="-1836.648" Z="199.5323" />
    <Hotspot X="1543.831" Y="-1869.886" Z="196.5832" />
    <Hotspot X="1502.743" Y="-1906.448" Z="193.3392" />
    <Hotspot X="1465.391" Y="-1939.686" Z="190.3901" />
    <Hotspot X="1428.038" Y="-1972.924" Z="187.441" />
    <Hotspot X="1390.686" Y="-2006.162" Z="184.4919" />
    <Hotspot X="1369.217" Y="-2025.267" Z="182.7968" />
    <Hotspot X="1386.751" Y="-2072.089" Z="183.2838" />
    <Hotspot X="1404.285" Y="-2118.911" Z="183.9232" />
    <Hotspot X="1421.819" Y="-2165.733" Z="184.5626" />
    <Hotspot X="1439.354" Y="-2212.555" Z="185.202" />
    <Hotspot X="1456.888" Y="-2259.377" Z="185.8414" />
    <Hotspot X="1474.422" Y="-2306.199" Z="186.4808" />
    <Hotspot X="1491.956" Y="-2353.022" Z="187.1201" />
    <Hotspot X="1509.491" Y="-2399.844" Z="187.7595" />
    <Hotspot X="1528.778" Y="-2451.348" Z="188.4629" />
    <Hotspot X="1533.342" Y="-2463.533" Z="187.3555" />
    <Hotspot X="1574.132" Y="-2434.673" Z="185.5501" />
    <Hotspot X="1600.992" Y="-2415.67" Z="184.3613" />
    <Hotspot X="1710.442" Y="-2366.486" Z="203.0992" />
    <Hotspot X="1756.047" Y="-2345.992" Z="191.5787" />
    <Hotspot X="1763.967" Y="-2342.433" Z="186.133" />
    <Hotspot X="1790.316" Y="-2383.986" Z="179.0968" />
    <Hotspot X="1816.665" Y="-2425.539" Z="169.0192" />
    <Hotspot X="1831.617" Y="-2449.117" Z="163.3008" />
    <Hotspot X="1881.59" Y="-2449.924" Z="164.7038" />
    <Hotspot X="1926.942" Y="-2450.657" Z="165.9771" />
    <Hotspot X="1939.433" Y="-2499.021" Z="168.1707" />
    <Hotspot X="1951.925" Y="-2547.386" Z="170.3644" />
    <Hotspot X="1964.417" Y="-2595.751" Z="172.5581" />
    <Hotspot X="1976.141" Y="-2641.146" Z="174.6171" />
    <Hotspot X="1928.575" Y="-2654.964" Z="181.4358" />
    <Hotspot X="1881.008" Y="-2668.782" Z="188.2545" />
    <Hotspot X="1828.685" Y="-2683.982" Z="195.755" />
    <Hotspot X="1819.317" Y="-2686.703" Z="197.098" />
    <Hotspot X="1844.851" Y="-2729.117" Z="190.0943" />
    <Hotspot X="1870.386" Y="-2771.531" Z="183.9459" />
    <Hotspot X="1895.921" Y="-2813.944" Z="177.7975" />
    <Hotspot X="1905.417" Y="-2829.717" Z="173.4825" />
    <Hotspot X="1877.789" Y="-2871.391" Z="173.5533" />
    <Hotspot X="1850.162" Y="-2913.065" Z="173.49" />
    <Hotspot X="1834.692" Y="-2936.4" Z="173.4545" />
    <Hotspot X="1754.85" Y="-2903.626" Z="210.2894" />
    <Hotspot X="1710.494" Y="-2885.418" Z="269.1245" />
    <Hotspot X="1652.831" Y="-2861.748" Z="345.6104" />
    <Hotspot X="1608.475" Y="-2843.54" Z="346.5739" />
    <Hotspot X="1564.118" Y="-2825.332" Z="272.2594" />
    <Hotspot X="1557.942" Y="-2822.797" Z="261.9106" />
    <Hotspot X="1569.369" Y="-2868.335" Z="263.0522" />
    <Hotspot X="1580.796" Y="-2913.873" Z="262.9904" />
    <Hotspot X="1592.223" Y="-2959.411" Z="262.9286" />
    <Hotspot X="1605.935" Y="-3014.056" Z="215.7908" />
    <Hotspot X="1617.363" Y="-3059.594" Z="176.5091" />
    <Hotspot X="1619.442" Y="-3067.88" Z="169.362" />
    <Hotspot X="1629.86" Y="-3144.512" Z="232.7569" />
    <Hotspot X="1637.674" Y="-3201.987" Z="287.1814" />
    <Hotspot X="1643.404" Y="-3244.135" Z="327.0928" />
    <Hotspot X="1647.117" Y="-3271.443" Z="337.7616" />
    <Hotspot X="1633.854" Y="-3297.145" Z="296.9752" />
    <Hotspot X="1620.591" Y="-3322.846" Z="256.1889" />
    <Hotspot X="1610.217" Y="-3342.95" Z="224.2855" />
    <Hotspot X="1642.42" Y="-3381.198" Z="224.8612" />
    <Hotspot X="1677.843" Y="-3423.271" Z="225.4957" />
    <Hotspot X="1702.466" Y="-3452.516" Z="224.7752" />
    <Hotspot X="1721.24" Y="-3396.672" Z="233.5383" />
    <Hotspot X="1738.449" Y="-3345.481" Z="320.0422" />
    <Hotspot X="1754.093" Y="-3298.944" Z="379.2878" />
    <Hotspot X="1780.689" Y="-3219.83" Z="231.6421" />
    <Hotspot X="1791.642" Y="-3187.25" Z="170.8388" />
    <Hotspot X="1867.654" Y="-3123.148" Z="207.5057" />
    <Hotspot X="1913.262" Y="-3084.687" Z="192.6031" />
    <Hotspot X="1921.567" Y="-3077.683" Z="189.0071" />
    <Hotspot X="1942.851" Y="-3122.894" Z="187.2915" />
    <Hotspot X="1964.136" Y="-3168.104" Z="185.5758" />
    <Hotspot X="1985.367" Y="-3213.2" Z="183.8646" />
    <Hotspot X="2035.276" Y="-3216.085" Z="184.7431" />
    <Hotspot X="2085.185" Y="-3218.97" Z="185.9883" />
    <Hotspot X="2135.094" Y="-3221.856" Z="187.2334" />
    <Hotspot X="2185.002" Y="-3224.741" Z="188.4786" />
    <Hotspot X="2234.911" Y="-3227.626" Z="189.7237" />
    <Hotspot X="2284.82" Y="-3230.512" Z="190.9689" />
    <Hotspot X="2334.729" Y="-3233.397" Z="191.0121" />
    <Hotspot X="2384.638" Y="-3236.282" Z="191.0554" />
    <Hotspot X="2394.342" Y="-3236.843" Z="191.0638" />
    <Hotspot X="2441.67" Y="-3252.376" Z="195.3928" />
    <Hotspot X="2480.442" Y="-3265.1" Z="198.9391" />
    <Hotspot X="2508.244" Y="-3306.603" Z="204.2074" />
    <Hotspot X="2536.046" Y="-3348.105" Z="204.5468" />
    <Hotspot X="2563.849" Y="-3389.608" Z="204.8861" />
    <Hotspot X="2591.651" Y="-3431.11" Z="205.2255" />
    <Hotspot X="2622.234" Y="-3476.763" Z="205.5988" />
    <Hotspot X="2658.377" Y="-3530.717" Z="206.0399" />
    <Hotspot X="2686.18" Y="-3572.219" Z="192.9493" />
    <Hotspot X="2711.067" Y="-3609.37" Z="181.2314" />
    <Hotspot X="2699.163" Y="-3561.119" Z="188.7898" />
    <Hotspot X="2687.26" Y="-3512.867" Z="212.2855" />
    <Hotspot X="2675.357" Y="-3464.616" Z="213.5192" />
    <Hotspot X="2658.692" Y="-3397.065" Z="215.2464" />
    <Hotspot X="2646.789" Y="-3348.813" Z="216.4802" />
    <Hotspot X="2634.886" Y="-3300.563" Z="217.7139" />
    <Hotspot X="2631.117" Y="-3285.283" Z="218.1046" />
    <Hotspot X="2651.382" Y="-3207.91" Z="246.8558" />
    <Hotspot X="2665.314" Y="-3154.716" Z="260.1507" />
    <Hotspot X="2677.98" Y="-3106.358" Z="253.731" />
    <Hotspot X="2690.646" Y="-3058" Z="247.3113" />
    <Hotspot X="2703.767" Y="-3007.906" Z="224.0417" />
    <Hotspot X="2753.297" Y="-3005.204" Z="230.3225" />
    <Hotspot X="2802.827" Y="-3002.502" Z="236.8157" />
    <Hotspot X="2809.467" Y="-3002.14" Z="237.4452" />
    <Hotspot X="2822.646" Y="-2950.855" Z="252.3166" />
    <Hotspot X="2834.627" Y="-2904.232" Z="265.836" />
    <Hotspot X="2846.366" Y="-2858.55" Z="279.0827" />
    <Hotspot X="2893.74" Y="-2831.359" Z="289.3134" />
    <Hotspot X="2941.113" Y="-2804.168" Z="293.6428" />
    <Hotspot X="2947.842" Y="-2800.306" Z="292.8754" />
    <Hotspot X="2996.936" Y="-2795.852" Z="297.8756" />
    <Hotspot X="3043.167" Y="-2791.657" Z="276.6419" />
    <Hotspot X="2996.105" Y="-2746.93" Z="309.1711" />
    <Hotspot X="2956.284" Y="-2709.085" Z="303.9859" />
    <Hotspot X="2920.083" Y="-2674.68" Z="298.1299" />
    <Hotspot X="2883.882" Y="-2640.275" Z="292.274" />
    <Hotspot X="2861.742" Y="-2619.233" Z="288.6927" />
    <Hotspot X="2831.963" Y="-2658.931" Z="288.7937" />
    <Hotspot X="2802.185" Y="-2698.629" Z="287.993" />
    <Hotspot X="2772.407" Y="-2738.327" Z="278.1282" />
    <Hotspot X="2742.628" Y="-2778.025" Z="267.5833" />
    <Hotspot X="2720.292" Y="-2807.803" Z="259.6734" />
    <Hotspot X="2685.805" Y="-2738.63" Z="270.567" />
    <Hotspot X="2664.25" Y="-2695.397" Z="238.9197" />
    <Hotspot X="2649.566" Y="-2665.943" Z="217.3593" />
    <Hotspot X="2645.048" Y="-2591.875" Z="256.9652" />
    <Hotspot X="2642.035" Y="-2542.497" Z="258.3781" />
    <Hotspot X="2639.022" Y="-2493.118" Z="256.8517" />
    <Hotspot X="2636.01" Y="-2443.74" Z="255.3254" />
    <Hotspot X="2634.192" Y="-2413.94" Z="254.4042" />
    <Hotspot X="2592.875" Y="-2387.446" Z="244.8683" />
    <Hotspot X="2551.557" Y="-2360.951" Z="235.3325" />
    <Hotspot X="2538.867" Y="-2352.813" Z="232.4035" />
    <Hotspot X="2488.858" Y="-2332.32" Z="222.1966" />
    <Hotspot X="2455.842" Y="-2318.79" Z="215.4578" />
    <Hotspot X="2406.287" Y="-2314.988" Z="209.9934" />
    <Hotspot X="2356.732" Y="-2311.187" Z="204.5291" />
    <Hotspot X="2307.177" Y="-2307.385" Z="199.0647" />
    <Hotspot X="2257.622" Y="-2303.583" Z="193.6003" />
    <Hotspot X="2208.067" Y="-2299.781" Z="188.1359" />
    <Hotspot X="2158.512" Y="-2295.979" Z="182.6715" />
    <Hotspot X="2117.592" Y="-2292.84" Z="178.1592" />
    <Hotspot X="2093.762" Y="-2249.06" Z="195.6321" />
    <Hotspot X="2069.932" Y="-2205.28" Z="228.7509" />
    <Hotspot X="2046.102" Y="-2161.499" Z="209.0259" />
    <Hotspot X="2026.879" Y="-2126.183" Z="193.1146" />
    <Hotspot X="2063.101" Y="-2084.897" Z="202.2994" />
    <Hotspot X="2105.908" Y="-2036.105" Z="192.5552" />
    <Hotspot X="2138.836" Y="-1998.573" Z="185.0595" />
    <Hotspot X="2145.267" Y="-1991.243" Z="183.5958" />
    <Hotspot X="2166.593" Y="-1948.099" Z="202.8922" />
    <Hotspot X="2187.918" Y="-1904.955" Z="165.5129" />
    <Hotspot X="2196.004" Y="-1888.597" Z="151.3402" />
    <Hotspot X="2245.81" Y="-1892.992" Z="153.5769" />
    <Hotspot X="2295.615" Y="-1897.388" Z="151.7154" />
    <Hotspot X="2326.691" Y="-1900.13" Z="150.554" />
    <Hotspot X="2370.014" Y="-1967.951" Z="251.8207" />
    <Hotspot X="2396.489" Y="-2009.397" Z="217.5349" />
    <Hotspot X="2397.417" Y="-2010.85" Z="216.3331" />
    <Hotspot X="2372.977" Y="-2054.154" Z="213.4356" />
    <Hotspot X="2352.829" Y="-2089.853" Z="206.7749" />
    <Hotspot X="2442.113" Y="-2097.24" Z="301.9116" />
    <Hotspot X="2531.396" Y="-2104.627" Z="286.1738" />
    <Hotspot X="2561.929" Y="-2107.153" Z="280.7919" />
    <Hotspot X="2586.771" Y="-2150.542" Z="281.3646" />
    <Hotspot X="2611.613" Y="-2193.93" Z="282.4338" />
    <Hotspot X="2641.423" Y="-2245.996" Z="282.8436" />
    <Hotspot X="2664.941" Y="-2287.073" Z="283.1669" />
    <Hotspot X="2707.955" Y="-2261.591" Z="283.8881" />
    <Hotspot X="2750.968" Y="-2236.108" Z="290.8788" />
    <Hotspot X="2798.282" Y="-2208.078" Z="298.5686" />
    <Hotspot X="2858.5" Y="-2172.402" Z="286.8544" />
    <Hotspot X="2860.592" Y="-2171.163" Z="286.4476" />
    <Hotspot X="2892.962" Y="-2133.122" Z="284.2083" />
    <Hotspot X="2925.333" Y="-2095.081" Z="287.097" />
    <Hotspot X="2957.704" Y="-2057.04" Z="289.9858" />
    <Hotspot X="2984.741" Y="-2025.267" Z="277.8594" />
    <Hotspot X="2965.905" Y="-1978.953" Z="277.4148" />
    <Hotspot X="2947.069" Y="-1932.638" Z="276.9702" />
    <Hotspot X="2928.233" Y="-1886.324" Z="276.5255" />
    <Hotspot X="2909.397" Y="-1840.01" Z="276.0809" />
    <Hotspot X="2890.56" Y="-1793.696" Z="275.6362" />
    <Hotspot X="2887.879" Y="-1787.103" Z="275.5729" />
    <Hotspot X="2930.664" Y="-1812.468" Z="270.4612" />
    <Hotspot X="2973.448" Y="-1837.833" Z="265.3495" />
    <Hotspot X="3016.232" Y="-1863.197" Z="260.2377" />
    <Hotspot X="3030.867" Y="-1871.873" Z="258.4893" />
    <Hotspot X="3085.668" Y="-1836.918" Z="258.5808" />
    <Hotspot X="3127.822" Y="-1810.03" Z="261.5208" />
    <Hotspot X="3169.977" Y="-1783.141" Z="260.7537" />
    <Hotspot X="3212.131" Y="-1756.253" Z="259.9867" />
    <Hotspot X="3254.286" Y="-1729.365" Z="259.2197" />
    <Hotspot X="3272.254" Y="-1717.903" Z="258.8927" />
    <Hotspot X="3320.522" Y="-1704.886" Z="263.7738" />
    <Hotspot X="3368.791" Y="-1691.87" Z="260.9038" />
    <Hotspot X="3417.059" Y="-1678.853" Z="258.0337" />
    <Hotspot X="3458.292" Y="-1667.733" Z="255.582" />
    <Hotspot X="3499.727" Y="-1639.759" Z="259.8383" />
    <Hotspot X="3535.167" Y="-1615.833" Z="254.201" />
    <Hotspot X="3510.344" Y="-1572.431" Z="254.0405" />
    <Hotspot X="3485.521" Y="-1529.028" Z="253.8801" />
    <Hotspot X="3460.697" Y="-1485.625" Z="253.7197" />
    <Hotspot X="3435.874" Y="-1442.223" Z="253.5593" />
    <Hotspot X="3430.617" Y="-1433.03" Z="253.5253" />
    <Hotspot X="3388.379" Y="-1410.48" Z="267.9301" />
    <Hotspot X="3346.142" Y="-1387.93" Z="282.3348" />
    <Hotspot X="3287.009" Y="-1356.361" Z="302.5014" />
    <Hotspot X="3259.954" Y="-1341.917" Z="311.7283" />
    <Hotspot X="3241.525" Y="-1440.993" Z="267.6357" />
    <Hotspot X="3241.504" Y="-1441.103" Z="267.5867" />
    <Hotspot X="3188.14" Y="-1478.04" Z="290.261" />
    <Hotspot X="3147.091" Y="-1506.453" Z="287.4608" />
    <Hotspot X="3077.308" Y="-1554.755" Z="282.7005" />
    <Hotspot X="3072.379" Y="-1558.167" Z="279.0016" />
    <Hotspot X="3033.743" Y="-1526.439" Z="289.1047" />
    <Hotspot X="2995.107" Y="-1494.711" Z="330.4247" />
    <Hotspot X="2956.471" Y="-1462.983" Z="371.7445" />
    <Hotspot X="2879.198" Y="-1399.528" Z="297.9775" />
    <Hotspot X="2863.682" Y="-1386.786" Z="283.1649" />
  </Hotspots>
</HBProfile>
