<HBProfile>
  <Name></Name>
  <MinDurability>0.4</MinDurability>
  <MinFreeBagSlots>1</MinFreeBagSlots>
  
  <MinLevel>1</MinLevel>
  <MaxLevel>86</MaxLevel>
  <Factions>99999</Factions>
  
  <MailGrey>False</MailGrey>
  <MailWhite>True</MailWhite>
  <MailGreen>True</MailGreen>
  <MailBlue>True</MailBlue>
  <MailPurple>True</MailPurple>
 
  <SellGrey>True</SellGrey>
  <SellWhite>True</SellWhite>
  <SellGreen>False</SellGreen>
  <SellBlue>False</SellBlue>
  <SellPurple>False</SellPurple>

	<Vendors>

	</Vendors>
	
	<Mailboxes>

	</Mailboxes>
  <Blackspots>
	<Blackspot X="1918.384" Y="-4584.305" Z="38.08955" Radius="2.488826" />
	<Blackspot X="1904.622" Y="-4611.38" Z="38.08939" Radius="2.925328" />
	<Blackspot X="1945.513" Y="-4697.564" Z="36.01491" Radius="5.738221" />
	<Blackspot X="1955.528" Y="-4720.438" Z="37.65824" Radius="2.542814" />
	<Blackspot X="1909.309" Y="-4678.926" Z="35.30098" Radius="1.203703" />
	<Blackspot X="1904.355" Y="-4509.64" Z="26.82976" Radius="3.579645" />
	<Blackspot X="1736.511" Y="-4442.859" Z="39.60423" Radius="1.832101" />
	<Blackspot X="1841.629" Y="-4485.789" Z="46.81457" Radius="0.8158129" />
  </Blackspots>

  <Hotspots>
    <Hotspot X="5106.733" Y="-802.8956" Z="421.7416" />
    <Hotspot X="5122.257" Y="-755.795" Z="428.1087" />
    <Hotspot X="5137.781" Y="-708.6944" Z="435.0335" />
    <Hotspot X="5142.3" Y="-694.9832" Z="436.3293" />
    <Hotspot X="5168.51" Y="-737.0094" Z="429.4857" />
    <Hotspot X="5189.183" Y="-770.1581" Z="424.0878" />
    <Hotspot X="5205.278" Y="-800.4728" Z="460.4469" />
    <Hotspot X="5221.373" Y="-830.7875" Z="496.806" />
    <Hotspot X="5237.467" Y="-861.1022" Z="533.165" />
    <Hotspot X="5255.171" Y="-894.4484" Z="573.16" />
    <Hotspot X="5260.316" Y="-904.1394" Z="584.7832" />
    <Hotspot X="5293.494" Y="-916.9127" Z="549.625" />
    <Hotspot X="5326.671" Y="-929.686" Z="514.4668" />
    <Hotspot X="5363.167" Y="-943.7366" Z="475.7927" />
    <Hotspot X="5381.566" Y="-950.8206" Z="456.2941" />
    <Hotspot X="5423.619" Y="-924.4365" Z="450.341" />
    <Hotspot X="5465.633" Y="-898.077" Z="444.3935" />
    <Hotspot X="5479.185" Y="-945.8921" Z="449.8771" />
    <Hotspot X="5494.091" Y="-998.4887" Z="458.1075" />
    <Hotspot X="5501.2" Y="-1023.571" Z="458.7857" />
    <Hotspot X="5533.056" Y="-985.0441" Z="457.8577" />
    <Hotspot X="5564.913" Y="-946.5175" Z="456.9297" />
    <Hotspot X="5565.866" Y="-945.3644" Z="456.9019" />
    <Hotspot X="5615.838" Y="-945.3644" Z="458.5849" />
    <Hotspot X="5665.81" Y="-945.3644" Z="460.2678" />
    <Hotspot X="5679.033" Y="-945.3644" Z="460.7132" />
    <Hotspot X="5662.231" Y="-898.274" Z="460.2865" />
    <Hotspot X="5648.316" Y="-859.277" Z="459.9332" />
    <Hotspot X="5606.739" Y="-833.6204" Z="456.9287" />
    <Hotspot X="5565.163" Y="-807.9637" Z="442.6112" />
    <Hotspot X="5523.585" Y="-782.3071" Z="428.2936" />
    <Hotspot X="5520.6" Y="-780.4645" Z="427.2654" />
    <Hotspot X="5497.248" Y="-736.3555" Z="424.2505" />
    <Hotspot X="5476.95" Y="-698.0145" Z="421.6298" />
    <Hotspot X="5526.941" Y="-697.5933" Z="422.4598" />
    <Hotspot X="5576.933" Y="-697.1719" Z="423.2898" />
    <Hotspot X="5620.833" Y="-696.802" Z="424.0186" />
    <Hotspot X="5643.729" Y="-692.2548" Z="468.235" />
    <Hotspot X="5668.915" Y="-687.2527" Z="517.7837" />
    <Hotspot X="5698.68" Y="-681.3413" Z="576.34" />
    <Hotspot X="5700.2" Y="-681.0394" Z="577.2897" />
    <Hotspot X="5727" Y="-701.9821" Z="540.6403" />
    <Hotspot X="5753.799" Y="-722.9247" Z="503.9911" />
    <Hotspot X="5780.599" Y="-743.8674" Z="467.3415" />
    <Hotspot X="5780.883" Y="-744.0894" Z="466.9529" />
    <Hotspot X="5810.44" Y="-783.1909" Z="476.8249" />
    <Hotspot X="5839.083" Y="-821.0833" Z="486.3917" />
    <Hotspot X="5798.283" Y="-864.7979" Z="491.3295" />
    <Hotspot X="5771.183" Y="-893.8333" Z="494.6092" />
    <Hotspot X="5805.257" Y="-930.4128" Z="493.6612" />
    <Hotspot X="5839.331" Y="-966.9924" Z="493.0722" />
    <Hotspot X="5853.633" Y="-982.3458" Z="492.3154" />
    <Hotspot X="5867.052" Y="-1030.51" Z="496.5135" />
    <Hotspot X="5876.266" Y="-1063.583" Z="492.8536" />
    <Hotspot X="5704.18" Y="-1044.175" Z="479.9602" />
    <Hotspot X="5661.25" Y="-1039.333" Z="461.3755" />
    <Hotspot X="5614.045" Y="-1055.599" Z="458.6941" />
    <Hotspot X="5601.433" Y="-1059.946" Z="457.9777" />
    <Hotspot X="5612.324" Y="-1107.497" Z="468.9457" />
    <Hotspot X="5623.215" Y="-1155.047" Z="479.9138" />
    <Hotspot X="5624.066" Y="-1158.764" Z="480.7711" />
    <Hotspot X="5690.154" Y="-1180.282" Z="489.1027" />
    <Hotspot X="5724.005" Y="-1191.303" Z="493.3702" />
    <Hotspot X="5770.051" Y="-1209.828" Z="487.3192" />
    <Hotspot X="5793.816" Y="-1219.39" Z="484.1962" />
    <Hotspot X="5837.869" Y="-1195.744" Z="485.3156" />
    <Hotspot X="5876.266" Y="-1175.133" Z="483.2341" />
    <Hotspot X="5880.635" Y="-1224.755" Z="487.5476" />
    <Hotspot X="5885.005" Y="-1274.376" Z="491.8611" />
    <Hotspot X="5887.583" Y="-1303.658" Z="494.4065" />
    <Hotspot X="5925.352" Y="-1336.077" Z="499.1572" />
    <Hotspot X="5960.333" Y="-1366.102" Z="503.5572" />
    <Hotspot X="5963.923" Y="-1318.215" Z="494.1653" />
    <Hotspot X="5967.513" Y="-1270.327" Z="478.1338" />
    <Hotspot X="5971.103" Y="-1222.44" Z="462.1023" />
    <Hotspot X="5971.649" Y="-1215.146" Z="459.6605" />
    <Hotspot X="6015.341" Y="-1191.169" Z="455.6464" />
    <Hotspot X="6037.933" Y="-1178.771" Z="453.5709" />
    <Hotspot X="6067.188" Y="-1138.929" Z="462.9185" />
    <Hotspot X="6096.444" Y="-1099.088" Z="469.8872" />
    <Hotspot X="6125.7" Y="-1059.246" Z="476.8559" />
    <Hotspot X="6154.955" Y="-1019.405" Z="483.8246" />
    <Hotspot X="6160.8" Y="-1011.446" Z="485.2167" />
    <Hotspot X="6194.175" Y="-955.6937" Z="486.8949" />
    <Hotspot X="6214.149" Y="-922.327" Z="487.8993" />
    <Hotspot X="6227.411" Y="-969.132" Z="479.0569" />
    <Hotspot X="6240.672" Y="-1015.937" Z="464.9794" />
    <Hotspot X="6241.633" Y="-1019.327" Z="463.9597" />
    <Hotspot X="6257.519" Y="-1066.389" Z="458.2276" />
    <Hotspot X="6273.404" Y="-1113.45" Z="452.4955" />
    <Hotspot X="6273.966" Y="-1115.115" Z="452.2928" />
    <Hotspot X="6323.141" Y="-1149.361" Z="455.2976" />
    <Hotspot X="6341.866" Y="-1162.402" Z="456.4419" />
    <Hotspot X="6389.424" Y="-1174.852" Z="465.7016" />
    <Hotspot X="6427.55" Y="-1184.833" Z="472.8764" />
    <Hotspot X="6389.588" Y="-1216.864" Z="467.135" />
    <Hotspot X="6351.626" Y="-1248.894" Z="461.3937" />
    <Hotspot X="6313.664" Y="-1280.924" Z="455.6523" />
    <Hotspot X="6298.216" Y="-1293.958" Z="453.316" />
    <Hotspot X="6347.252" Y="-1303.449" Z="455.6422" />
    <Hotspot X="6396.288" Y="-1312.94" Z="457.9684" />
    <Hotspot X="6398.45" Y="-1313.358" Z="458.071" />
    <Hotspot X="6448.481" Y="-1320.043" Z="479.9142" />
    <Hotspot X="6493.965" Y="-1326.121" Z="517.5654" />
    <Hotspot X="6539.1" Y="-1332.152" Z="519.4771" />
    <Hotspot X="6568.749" Y="-1371.461" Z="528.1773" />
    <Hotspot X="6592.6" Y="-1403.083" Z="535.176" />
    <Hotspot X="6542.051" Y="-1434.428" Z="527.2816" />
    <Hotspot X="6499.927" Y="-1460.549" Z="520.7028" />
    <Hotspot X="6489.794" Y="-1466.832" Z="519.1204" />
    <Hotspot X="6442.384" Y="-1482.687" Z="535.1218" />
    <Hotspot X="6394.974" Y="-1498.542" Z="522.3279" />
    <Hotspot X="6390.366" Y="-1500.083" Z="521.0844" />
    <Hotspot X="6381.344" Y="-1442.991" Z="473.2921" />
    <Hotspot X="6377.433" Y="-1418.239" Z="452.5721" />
    <Hotspot X="6329.043" Y="-1430.825" Z="452.7917" />
    <Hotspot X="6280.654" Y="-1443.41" Z="453.0112" />
    <Hotspot X="6277.2" Y="-1444.308" Z="453.0269" />
    <Hotspot X="6255.327" Y="-1478.44" Z="482.2943" />
    <Hotspot X="6231.267" Y="-1515.986" Z="518.5153" />
    <Hotspot X="6227.083" Y="-1522.514" Z="520.0866" />
    <Hotspot X="6179.927" Y="-1505.892" Z="519.8928" />
    <Hotspot X="6146.25" Y="-1494.021" Z="519.7544" />
    <Hotspot X="6162.831" Y="-1452.93" Z="514.2508" />
    <Hotspot X="6181.966" Y="-1405.508" Z="469.8528" />
    <Hotspot X="6187.996" Y="-1356.263" Z="463.6401" />
    <Hotspot X="6194.025" Y="-1307.019" Z="457.4274" />
    <Hotspot X="6196.366" Y="-1287.896" Z="455.0148" />
    <Hotspot X="6156.482" Y="-1317.149" Z="462.3316" />
    <Hotspot X="6116.599" Y="-1346.402" Z="469.6483" />
    <Hotspot X="6086.433" Y="-1368.527" Z="475.1823" />
    <Hotspot X="6056.536" Y="-1404.264" Z="493.3212" />
    <Hotspot X="6034.7" Y="-1430.365" Z="506.5692" />
    <Hotspot X="6051.637" Y="-1476.016" Z="517.9285" />
    <Hotspot X="6060.566" Y="-1500.083" Z="523.9169" />
    <Hotspot X="6064.862" Y="-1547.333" Z="678.7805" />
    <Hotspot X="6069.157" Y="-1594.583" Z="584.0198" />
    <Hotspot X="6070.266" Y="-1606.783" Z="559.5515" />
    <Hotspot X="6119.103" Y="-1598.297" Z="553.274" />
    <Hotspot X="6136.55" Y="-1595.265" Z="550.6518" />
    <Hotspot X="6152.504" Y="-1649.555" Z="570.6007" />
    <Hotspot X="6165.8" Y="-1694.798" Z="587.2248" />
    <Hotspot X="6179.096" Y="-1740.04" Z="603.8489" />
    <Hotspot X="6180.2" Y="-1743.796" Z="605.2289" />
    <Hotspot X="6262.574" Y="-1688.492" Z="529.1957" />
    <Hotspot X="6280.433" Y="-1676.502" Z="512.7108" />
    <Hotspot X="6321.828" Y="-1656.954" Z="559.3248" />
    <Hotspot X="6363.223" Y="-1637.406" Z="555.531" />
    <Hotspot X="6367.733" Y="-1635.277" Z="555.1177" />
    <Hotspot X="6358.131" Y="-1584.866" Z="535.3301" />
    <Hotspot X="6353.183" Y="-1558.889" Z="525.1335" />
    <Hotspot X="6376.474" Y="-1573.963" Z="566.7307" />
    <Hotspot X="6399.765" Y="-1589.036" Z="608.3278" />
    <Hotspot X="6423.056" Y="-1604.11" Z="649.9249" />
    <Hotspot X="6446.347" Y="-1619.183" Z="691.522" />
    <Hotspot X="6453.416" Y="-1623.758" Z="704.1469" />
    <Hotspot X="6455.068" Y="-1653.907" Z="664.2932" />
    <Hotspot X="6456.72" Y="-1684.056" Z="624.4395" />
    <Hotspot X="6458.266" Y="-1712.271" Z="587.1427" />
    <Hotspot X="6418.472" Y="-1722.058" Z="585.5661" />
    <Hotspot X="6378.678" Y="-1731.845" Z="588.4148" />
    <Hotspot X="6339.95" Y="-1741.371" Z="501.9705" />
    <Hotspot X="6345.828" Y="-1759.584" Z="548.1628" />
    <Hotspot X="6357.583" Y="-1796.01" Z="723.3257" />
    <Hotspot X="6363.461" Y="-1814.223" Z="726.1111" />
    <Hotspot X="6367.733" Y="-1827.458" Z="720.3076" />
    <Hotspot X="6404.577" Y="-1876.391" Z="677.028" />
    <Hotspot X="6429.139" Y="-1909.013" Z="648.175" />
    <Hotspot X="6445.333" Y="-1930.521" Z="629.152" />
    <Hotspot X="6439.391" Y="-1979.263" Z="638.5805" />
    <Hotspot X="6433.449" Y="-2028.005" Z="649.6732" />
    <Hotspot X="6432.399" Y="-2036.614" Z="649.6744" />
    <Hotspot X="6482.024" Y="-2042.683" Z="650.73" />
    <Hotspot X="6506.766" Y="-2045.708" Z="650.7939" />
    <Hotspot X="6543.679" Y="-2012.78" Z="643.5001" />
    <Hotspot X="6580.592" Y="-1979.852" Z="636.2062" />
    <Hotspot X="6613.466" Y="-1950.527" Z="629.7103" />
    <Hotspot X="6635.561" Y="-1995.345" Z="633.0129" />
    <Hotspot X="6649.033" Y="-2022.671" Z="632.5721" />
    <Hotspot X="6691.644" Y="-1997.19" Z="640.7916" />
    <Hotspot X="6708.85" Y="-1986.902" Z="640.8812" />
    <Hotspot X="6756.057" Y="-2002.869" Z="644.9514" />
    <Hotspot X="6791.3" Y="-2014.789" Z="647.9901" />
    <Hotspot X="6840.257" Y="-2022.488" Z="654.6144" />
    <Hotspot X="6889.215" Y="-2030.187" Z="661.2388" />
    <Hotspot X="6891.533" Y="-2030.552" Z="661.5524" />
    <Hotspot X="6933.378" Y="-2010.003" Z="679.6264" />
    <Hotspot X="6959.433" Y="-1997.208" Z="690.8799" />
    <Hotspot X="6924.441" Y="-1967.936" Z="670.4164" />
    <Hotspot X="6896.383" Y="-1944.464" Z="654.0072" />
    <Hotspot X="6899.14" Y="-1894.585" Z="651.8843" />
    <Hotspot X="6901.896" Y="-1844.707" Z="649.7614" />
    <Hotspot X="6902.85" Y="-1827.458" Z="649.0272" />
    <Hotspot X="6864.452" Y="-1802.673" Z="669.3076" />
    <Hotspot X="6806.855" Y="-1765.495" Z="700.1514" />
    <Hotspot X="6804.233" Y="-1763.802" Z="701.1132" />
    <Hotspot X="6791.903" Y="-1812.352" Z="668.0858" />
    <Hotspot X="6781.627" Y="-1852.811" Z="640.5629" />
    <Hotspot X="6778.366" Y="-1865.652" Z="631.8276" />
    <Hotspot X="6729.465" Y="-1876.071" Z="631.4377" />
    <Hotspot X="6707.233" Y="-1880.808" Z="631.2605" />
    <Hotspot X="6657.339" Y="-1881.422" Z="631.0792" />
    <Hotspot X="6608.616" Y="-1882.021" Z="624.938" />
    <Hotspot X="6571.578" Y="-1849.707" Z="625.1459" />
    <Hotspot X="6534.54" Y="-1817.393" Z="607.7538" />
    <Hotspot X="6529.399" Y="-1812.908" Z="605.3401" />
    <Hotspot X="6538.384" Y="-1764.055" Z="600.6053" />
    <Hotspot X="6542.333" Y="-1742.583" Z="597.1144" />
    <Hotspot X="6609.393" Y="-1710.343" Z="587.7059" />
    <Hotspot X="6654.1" Y="-1688.849" Z="581.4335" />
    <Hotspot X="6668.433" Y="-1681.958" Z="579.4225" />
    <Hotspot X="6715.996" Y="-1666.565" Z="582.8208" />
    <Hotspot X="6806.364" Y="-1637.319" Z="583.8163" />
    <Hotspot X="6863.439" Y="-1618.848" Z="583.9559" />
    <Hotspot X="6904.466" Y="-1605.571" Z="584.0563" />
    <Hotspot X="6862.068" Y="-1580.586" Z="576.634" />
    <Hotspot X="6825.25" Y="-1558.889" Z="567.5396" />
    <Hotspot X="6776.088" Y="-1551.793" Z="563.3301" />
    <Hotspot X="6717.095" Y="-1543.279" Z="554.9758" />
    <Hotspot X="6715.388" Y="-1543.032" Z="554.734" />
    <Hotspot X="6699.833" Y="-1495.514" Z="554.6954" />
    <Hotspot X="6687.833" Y="-1458.858" Z="554.6656" />
    <Hotspot X="6695.92" Y="-1390.443" Z="567.0748" />
    <Hotspot X="6699.3" Y="-1361.858" Z="572.2596" />
    <Hotspot X="6694.029" Y="-1313.349" Z="561.3454" />
    <Hotspot X="6691.066" Y="-1286.077" Z="555.2092" />
    <Hotspot X="6663.07" Y="-1239.014" Z="550.0867" />
    <Hotspot X="6644.183" Y="-1207.264" Z="546.631" />
    <Hotspot X="6616.089" Y="-1166.204" Z="667.3676" />
    <Hotspot X="6587.995" Y="-1125.144" Z="561.3563" />
    <Hotspot X="6581.133" Y="-1115.115" Z="535.4622" />
    <Hotspot X="6594.651" Y="-1067.596" Z="667.6884" />
    <Hotspot X="6611.755" Y="-1007.476" Z="552.9016" />
    <Hotspot X="6606.749" Y="-957.7308" Z="579.9857" />
    <Hotspot X="6602.149" Y="-912.0207" Z="554.1127" />
    <Hotspot X="6586.991" Y="-864.3804" Z="554.9071" />
    <Hotspot X="6571.833" Y="-816.7401" Z="556.1382" />
    <Hotspot X="6568.2" Y="-805.3207" Z="555.892" />
    <Hotspot X="6532.769" Y="-840.6003" Z="555.7443" />
    <Hotspot X="6508.533" Y="-864.7333" Z="555.6432" />
    <Hotspot X="6463.696" Y="-842.7597" Z="553.705" />
    <Hotspot X="6419.466" Y="-821.0833" Z="550.4384" />
    <Hotspot X="6446.702" Y="-779.3796" Z="554.8007" />
    <Hotspot X="6463.116" Y="-754.2457" Z="557.4298" />
    <Hotspot X="6419.688" Y="-729.4718" Z="556.8993" />
    <Hotspot X="6376.261" Y="-704.6979" Z="556.5148" />
    <Hotspot X="6367.733" Y="-699.8333" Z="556.2645" />
    <Hotspot X="6312.869" Y="-616.3622" Z="551.5782" />
    <Hotspot X="6311.149" Y="-613.7457" Z="551.3666" />
    <Hotspot X="6280.874" Y="-695.0499" Z="527.4287" />
    <Hotspot X="6264.054" Y="-740.2189" Z="514.4014" />
    <Hotspot X="6261.033" Y="-748.3331" Z="511.7408" />
    <Hotspot X="6265.716" Y="-797.5098" Z="507.1265" />
    <Hotspot X="6269.116" Y="-833.2081" Z="498.4026" />
    <Hotspot X="6243.893" Y="-790.0818" Z="496.668" />
    <Hotspot X="6218.668" Y="-746.9554" Z="494.6163" />
    <Hotspot X="6193.445" Y="-703.829" Z="492.5646" />
    <Hotspot X="6173.733" Y="-670.127" Z="490.9612" />
    <Hotspot X="6103.982" Y="-669.8625" Z="549.0685" />
    <Hotspot X="6054.16" Y="-669.6736" Z="509.4873" />
    <Hotspot X="6013.833" Y="-669.5208" Z="477.4491" />
    <Hotspot X="5976.754" Y="-635.9814" Z="477.9982" />
    <Hotspot X="5963.566" Y="-624.0521" Z="478.1935" />
    <Hotspot X="5915.485" Y="-610.8148" Z="481.8006" />
    <Hotspot X="5887.488" Y="-603.1068" Z="483.9009" />
    <Hotspot X="5775.579" Y="-560.4213" Z="602.4808" />
    <Hotspot X="5728.95" Y="-542.6357" Z="506.782" />
    <Hotspot X="5712.178" Y="-536.2382" Z="472.359" />
    <Hotspot X="5665.294" Y="-522.4874" Z="461.7351" />
    <Hotspot X="5635.383" Y="-513.7145" Z="454.957" />
    <Hotspot X="5586.187" Y="-521.5651" Z="587.8731" />
    <Hotspot X="5559.4" Y="-525.8395" Z="448.3894" />
    <Hotspot X="5494.881" Y="-518.1412" Z="450.1562" />
    <Hotspot X="5452.7" Y="-513.1082" Z="451.3112" />
    <Hotspot X="5434.278" Y="-558.5659" Z="441.6043" />
    <Hotspot X="5425.145" Y="-581.103" Z="436.7917" />
    <Hotspot X="5378.746" Y="-596.7373" Z="432.9378" />
    <Hotspot X="5332.347" Y="-612.3716" Z="419.2873" />
    <Hotspot X="5295.883" Y="-624.6582" Z="408.5597" />
    <Hotspot X="5293.613" Y="-574.7158" Z="409.3339" />
    <Hotspot X="5291.343" Y="-524.7733" Z="411.1692" />
    <Hotspot X="5291.033" Y="-517.9583" Z="410.2137" />
    <Hotspot X="5277.389" Y="-469.9894" Z="406.6331" />
    <Hotspot X="5265.167" Y="-427.0208" Z="403.4258" />
    <Hotspot X="5226.641" Y="-457.3802" Z="408.8876" />
    <Hotspot X="5188.116" Y="-487.7397" Z="391.1872" />
    <Hotspot X="5153.616" Y="-514.927" Z="375.336" />
    <Hotspot X="5106.992" Y="-523.347" Z="414.8007" />
    <Hotspot X="5060.368" Y="-531.767" Z="417.2486" />
    <Hotspot X="5026.05" Y="-537.9645" Z="419.0504" />
    <Hotspot X="5024.49" Y="-588.2865" Z="396.9085" />
    <Hotspot X="5022.93" Y="-638.6085" Z="374.7666" />
    <Hotspot X="5022.667" Y="-647.0894" Z="371.035" />
    <Hotspot X="4989.225" Y="-612.988" Z="385.826" />
    <Hotspot X="4955.784" Y="-578.8867" Z="403.9245" />
    <Hotspot X="4930.517" Y="-553.1208" Z="411.7926" />
    <Hotspot X="4894.778" Y="-518.6412" Z="449.3386" />
    <Hotspot X="4859.04" Y="-484.1617" Z="511.124" />
    <Hotspot X="4823.301" Y="-449.6822" Z="572.9094" />
    <Hotspot X="4787.563" Y="-415.2026" Z="506.0373" />
    <Hotspot X="4752.683" Y="-381.5519" Z="440.7725" />
    <Hotspot X="4772.622" Y="-425.6413" Z="428.1802" />
    <Hotspot X="4792.561" Y="-469.7306" Z="415.6198" />
    <Hotspot X="4799.566" Y="-485.2207" Z="411.1637" />
    <Hotspot X="4826.168" Y="-525.8915" Z="401.6238" />
    <Hotspot X="4841.6" Y="-549.4832" Z="392.5877" />
    <Hotspot X="4848.928" Y="-598.6736" Z="409.0914" />
    <Hotspot X="4856.256" Y="-647.8641" Z="386.7906" />
    <Hotspot X="4857.767" Y="-658.0019" Z="381.2104" />
    <Hotspot X="4705.637" Y="-732.1625" Z="397.8859" />
    <Hotspot X="4704.988" Y="-732.4785" Z="397.2989" />
    <Hotspot X="4660.802" Y="-753.2381" Z="386.4991" />
    <Hotspot X="4616.616" Y="-773.9978" Z="375.6993" />
    <Hotspot X="4568.012" Y="-796.8334" Z="363.8195" />
    <Hotspot X="4547.366" Y="-806.5332" Z="358.7734" />
    <Hotspot X="4551.453" Y="-757.7439" Z="348.6294" />
    <Hotspot X="4555.541" Y="-708.9547" Z="338.4854" />
    <Hotspot X="4557.066" Y="-690.7394" Z="334.6981" />
    <Hotspot X="4595.983" Y="-664.3681" Z="351.7281" />
    <Hotspot X="4634.9" Y="-637.9967" Z="368.7581" />
    <Hotspot X="4649.216" Y="-628.2958" Z="375.0227" />
    <Hotspot X="4611.911" Y="-587.8815" Z="374.9932" />
    <Hotspot X="4591.017" Y="-565.2458" Z="374.9767" />
    <Hotspot X="4542.96" Y="-577.8267" Z="369.2967" />
    <Hotspot X="4505.333" Y="-587.677" Z="364.8495" />
    <Hotspot X="4494.327" Y="-540.0554" Z="375.3878" />
    <Hotspot X="4484.316" Y="-496.7396" Z="384.9732" />
    <Hotspot X="4450.783" Y="-530.9347" Z="374.6798" />
    <Hotspot X="4410.543" Y="-571.9689" Z="354.656" />
    <Hotspot X="4392.167" Y="-590.7082" Z="345.5117" />
    <Hotspot X="4367.276" Y="-551.8162" Z="370.2507" />
    <Hotspot X="4353.367" Y="-530.0833" Z="375.4091" />
    <Hotspot X="4304.629" Y="-540.7971" Z="378.5508" />
    <Hotspot X="4259.6" Y="-550.6957" Z="381.4534" />
    <Hotspot X="4274.763" Y="-597.702" Z="381.6089" />
    <Hotspot X="4289.926" Y="-644.7083" Z="371.3173" />
    <Hotspot X="4305.089" Y="-691.7145" Z="361.0256" />
    <Hotspot X="4308.1" Y="-701.0458" Z="356.578" />
    <Hotspot X="4279.897" Y="-741.6965" Z="350.2651" />
    <Hotspot X="4256.366" Y="-775.6144" Z="343.331" />
    <Hotspot X="4216.836" Y="-806.1342" Z="340.8999" />
    <Hotspot X="4177.306" Y="-836.6539" Z="338.8015" />
    <Hotspot X="4173.917" Y="-839.2708" Z="338.2604" />
    <Hotspot X="4124.41" Y="-835.7761" Z="344.33" />
    <Hotspot X="4074.902" Y="-832.2815" Z="350.3997" />
    <Hotspot X="4036.5" Y="-829.5707" Z="355.1079" />
    <Hotspot X="3991.843" Y="-820.5774" Z="375.7216" />
    <Hotspot X="3949.2" Y="-811.9894" Z="395.4062" />
    <Hotspot X="3940.878" Y="-757.6552" Z="397.2843" />
    <Hotspot X="3932.221" Y="-701.1381" Z="399.2379" />
    <Hotspot X="4001.197" Y="-719.2839" Z="376.0411" />
    <Hotspot X="4033.266" Y="-727.7206" Z="365.256" />
    <Hotspot X="4083.031" Y="-722.8959" Z="364.7999" />
    <Hotspot X="4132.795" Y="-718.0711" Z="364.3438" />
    <Hotspot X="4170.833" Y="-714.3833" Z="363.9951" />
    <Hotspot X="4135.665" Y="-679.4199" Z="370.3816" />
    <Hotspot X="4101.316" Y="-645.2707" Z="376.6194" />
    <Hotspot X="4056.162" Y="-634.3819" Z="395.1273" />
    <Hotspot X="4011.008" Y="-623.4932" Z="413.6352" />
    <Hotspot X="4005.783" Y="-622.2332" Z="415.7768" />
    <Hotspot X="3956.634" Y="-613.4071" Z="418.3192" />
    <Hotspot X="3907.485" Y="-604.5811" Z="421.3864" />
    <Hotspot X="3891" Y="-601.6207" Z="421.7143" />
    <Hotspot X="3858.388" Y="-639.5025" Z="420.5251" />
    <Hotspot X="3825.775" Y="-677.3843" Z="419.3359" />
    <Hotspot X="3824.717" Y="-678.6144" Z="419.2973" />
    <Hotspot X="3834.901" Y="-725.4864" Z="405.1803" />
    <Hotspot X="3842.5" Y="-760.4582" Z="394.6473" />
    <Hotspot X="3802.933" Y="-738.9437" Z="416.363" />
    <Hotspot X="3777.833" Y="-725.2958" Z="430.1385" />
    <Hotspot X="3746.053" Y="-763.7663" Z="426.9655" />
    <Hotspot X="3726.25" Y="-787.7394" Z="424.9882" />
    <Hotspot X="3741.715" Y="-832.3319" Z="408.4857" />
    <Hotspot X="3753.583" Y="-866.552" Z="395.8217" />
    <Hotspot X="3795.655" Y="-890.7057" Z="384.8991" />
    <Hotspot X="3850.347" Y="-922.1055" Z="368.076" />
    <Hotspot X="3850.733" Y="-922.327" Z="367.8621" />
    <Hotspot X="3899.325" Y="-916.6852" Z="357.5191" />
    <Hotspot X="3939.5" Y="-912.0207" Z="348.9678" />
    <Hotspot X="3987.862" Y="-922.2863" Z="341.5042" />
    <Hotspot X="4025.183" Y="-930.2081" Z="335.7445" />
    <Hotspot X="3984.376" Y="-958.9522" Z="333.1357" />
    <Hotspot X="3939.489" Y="-990.5707" Z="329.7359" />
    <Hotspot X="3905.55" Y="-1014.477" Z="327.1653" />
    <Hotspot X="3857.337" Y="-1026.111" Z="321.9169" />
    <Hotspot X="3809.124" Y="-1037.745" Z="315.1959" />
    <Hotspot X="3756.09" Y="-1050.542" Z="307.8029" />
    <Hotspot X="3719.633" Y="-1059.339" Z="302.7208" />
    <Hotspot X="3711.027" Y="-1012.18" Z="316.9318" />
    <Hotspot X="3705.012" Y="-979.2198" Z="326.8643" />
    <Hotspot X="3677.077" Y="-945.8156" Z="371.3252" />
    <Hotspot X="3649.142" Y="-912.4113" Z="378.4319" />
    <Hotspot X="3645.266" Y="-907.777" Z="379.4178" />
    <Hotspot X="3633.017" Y="-952.2612" Z="367.3828" />
    <Hotspot X="3620.768" Y="-996.7454" Z="325.5745" />
    <Hotspot X="3614.55" Y="-1019.327" Z="304.3513" />
    <Hotspot X="3573.675" Y="-1056.123" Z="305.2051" />
    <Hotspot X="3553.267" Y="-1074.496" Z="305.1601" />
    <Hotspot X="3519.66" Y="-1117.909" Z="308.4587" />
    <Hotspot X="3499.767" Y="-1143.608" Z="310.4113" />
    <Hotspot X="3553.564" Y="-1134.679" Z="303.2649" />
    <Hotspot X="3598.383" Y="-1127.239" Z="297.3111" />
    <Hotspot X="3620.057" Y="-1172.28" Z="298.5766" />
    <Hotspot X="3637.183" Y="-1207.871" Z="299.5765" />
    <Hotspot X="3685.65" Y="-1196.406" Z="295.1589" />
    <Hotspot X="3734.117" Y="-1184.942" Z="290.7412" />
    <Hotspot X="3742.267" Y="-1183.014" Z="289.9984" />
    <Hotspot X="3759.463" Y="-1235.249" Z="289.075" />
    <Hotspot X="3774.6" Y="-1281.227" Z="288.2622" />
    <Hotspot X="3770.223" Y="-1331.01" Z="291.0046" />
    <Hotspot X="3765.847" Y="-1380.793" Z="285.8601" />
    <Hotspot X="3764.9" Y="-1391.564" Z="284.7469" />
    <Hotspot X="3716.467" Y="-1381.949" Z="292.6056" />
    <Hotspot X="3682.45" Y="-1375.196" Z="298.1251" />
    <Hotspot X="3650.581" Y="-1409.994" Z="281.5883" />
    <Hotspot X="3627.483" Y="-1435.214" Z="269.6028" />
    <Hotspot X="3661.64" Y="-1471.381" Z="274.6311" />
    <Hotspot X="3695.798" Y="-1507.547" Z="279.6593" />
    <Hotspot X="3729.955" Y="-1543.714" Z="284.6876" />
    <Hotspot X="3737.417" Y="-1551.615" Z="285.786" />
    <Hotspot X="3695.597" Y="-1578.996" Z="284.6004" />
    <Hotspot X="3653.778" Y="-1606.378" Z="284.7593" />
    <Hotspot X="3635.566" Y="-1618.302" Z="282.8985" />
    <Hotspot X="3678.052" Y="-1647.481" Z="338.8751" />
    <Hotspot X="3728.263" Y="-1681.966" Z="343.3481" />
    <Hotspot X="3766.887" Y="-1708.493" Z="346.7888" />
    <Hotspot X="3779.45" Y="-1717.121" Z="347.9079" />
    <Hotspot X="3787.417" Y="-1672.059" Z="328.0126" />
    <Hotspot X="3795.383" Y="-1626.997" Z="307.6881" />
    <Hotspot X="3798.85" Y="-1607.389" Z="298.8444" />
    <Hotspot X="3844.779" Y="-1615.695" Z="316.8414" />
    <Hotspot X="3890.708" Y="-1624.001" Z="335.2292" />
    <Hotspot X="3936.636" Y="-1632.307" Z="352.6725" />
    <Hotspot X="3939.65" Y="-1632.852" Z="353.817" />
    <Hotspot X="3953.777" Y="-1584.911" Z="353.1609" />
    <Hotspot X="3966.983" Y="-1540.096" Z="351.0428" />
    <Hotspot X="3954.084" Y="-1495.074" Z="333.5313" />
    <Hotspot X="3945.967" Y="-1466.74" Z="322.5106" />
    <Hotspot X="3897.38" Y="-1471.978" Z="311.9309" />
    <Hotspot X="3848.794" Y="-1477.216" Z="301.3512" />
    <Hotspot X="3816.633" Y="-1480.683" Z="294.3482" />
    <Hotspot X="3848.238" Y="-1441.968" Z="292.8406" />
    <Hotspot X="3865.133" Y="-1421.271" Z="292.0347" />
    <Hotspot X="3897.221" Y="-1383.272" Z="298.9118" />
    <Hotspot X="3926.567" Y="-1348.521" Z="301.8816" />
    <Hotspot X="3963.645" Y="-1305.069" Z="320.8166" />
    <Hotspot X="3994.544" Y="-1268.859" Z="335.8499" />
    <Hotspot X="4025.443" Y="-1232.649" Z="350.8833" />
    <Hotspot X="4030.033" Y="-1227.271" Z="353.1164" />
    <Hotspot X="4034.378" Y="-1178.004" Z="360.4605" />
    <Hotspot X="4038.266" Y="-1133.908" Z="367.0338" />
    <Hotspot X="4078.925" Y="-1162.308" Z="373.3807" />
    <Hotspot X="4119.584" Y="-1190.709" Z="379.7277" />
    <Hotspot X="4130.267" Y="-1198.171" Z="381.3952" />
    <Hotspot X="4176.743" Y="-1183.883" Z="398.3998" />
    <Hotspot X="4223.219" Y="-1169.596" Z="410.5008" />
    <Hotspot X="4238.733" Y="-1164.827" Z="408.597" />
    <Hotspot X="4210.321" Y="-1137.602" Z="439.4444" />
    <Hotspot X="4181.91" Y="-1110.376" Z="470.2918" />
    <Hotspot X="4153.498" Y="-1083.151" Z="501.1393" />
    <Hotspot X="4143.2" Y="-1073.283" Z="512.3199" />
    <Hotspot X="4170.192" Y="-1059.974" Z="472.3914" />
    <Hotspot X="4197.185" Y="-1046.666" Z="432.4628" />
    <Hotspot X="4224.177" Y="-1033.357" Z="392.5342" />
    <Hotspot X="4230.5" Y="-1030.24" Z="383.1811" />
    <Hotspot X="4276.034" Y="-1047.884" Z="397.6693" />
    <Hotspot X="4321.568" Y="-1065.529" Z="405.6308" />
    <Hotspot X="4327.5" Y="-1067.827" Z="406.054" />
    <Hotspot X="4321.933" Y="-1019.027" Z="397.478" />
    <Hotspot X="4316.365" Y="-970.2266" Z="387.531" />
    <Hotspot X="4314.566" Y="-954.4582" Z="384.3169" />
    <Hotspot X="4367.52" Y="-978.609" Z="398.9021" />
    <Hotspot X="4411.646" Y="-998.7347" Z="411.0564" />
    <Hotspot X="4434.2" Y="-1009.021" Z="417.2683" />
    <Hotspot X="4475.823" Y="-982.3674" Z="409.9331" />
    <Hotspot X="4507.1" Y="-962.3395" Z="404.0332" />
    <Hotspot X="4550.643" Y="-937.998" Z="402.3558" />
    <Hotspot X="4570" Y="-927.1769" Z="399.1301" />
    <Hotspot X="4597.605" Y="-924.1037" Z="440.7054" />
    <Hotspot X="4625.21" Y="-921.0305" Z="482.2807" />
    <Hotspot X="4652.815" Y="-917.9573" Z="523.8562" />
    <Hotspot X="4673.466" Y="-915.6583" Z="554.9576" />
    <Hotspot X="4667.457" Y="-893.4987" Z="504.9792" />
    <Hotspot X="4660.901" Y="-869.3246" Z="450.4574" />
    <Hotspot X="4655.438" Y="-849.1795" Z="405.0226" />
    <Hotspot X="4654.066" Y="-844.1206" Z="393.6127" />
    <Hotspot X="4684.922" Y="-835.081" Z="431.9042" />
    <Hotspot X="4715.777" Y="-826.0414" Z="470.1957" />
    <Hotspot X="4746.632" Y="-817.0018" Z="508.4874" />
    <Hotspot X="4757.533" Y="-813.8082" Z="522.0154" />
    <Hotspot X="4788.342" Y="-811.0073" Z="482.735" />
    <Hotspot X="4864.233" Y="-804.1082" Z="385.9776" />
    <Hotspot X="4913.797" Y="-810.542" Z="387.3806" />
    <Hotspot X="4948.3" Y="-815.0207" Z="388.3572" />
  </Hotspots>
</HBProfile>
