<HBProfile>
  <Name></Name>
  <MinDurability>0.4</MinDurability>
  <MinFreeBagSlots>1</MinFreeBagSlots>
  
  <MinLevel>1</MinLevel>
  <MaxLevel>86</MaxLevel>
  <Factions>99999</Factions>
  
  <MailGrey>False</MailGrey>
  <MailWhite>True</MailWhite>
  <MailGreen>True</MailGreen>
  <MailBlue>True</MailBlue>
  <MailPurple>True</MailPurple>
 
  <SellGrey>True</SellGrey>
  <SellWhite>True</SellWhite>
  <SellGreen>False</SellGreen>
  <SellBlue>False</SellBlue>
  <SellPurple>False</SellPurple>

	<Vendors>

	</Vendors>
	
	<Mailboxes>

	</Mailboxes>
	
  <Blackspots>
	<Blackspot X="1918.384" Y="-4584.305" Z="38.08955" Radius="2.488826" />
	<Blackspot X="1904.622" Y="-4611.38" Z="38.08939" Radius="2.925328" />
	<Blackspot X="1945.513" Y="-4697.564" Z="36.01491" Radius="5.738221" />
	<Blackspot X="1955.528" Y="-4720.438" Z="37.65824" Radius="2.542814" />
	<Blackspot X="1909.309" Y="-4678.926" Z="35.30098" Radius="1.203703" />
	<Blackspot X="1904.355" Y="-4509.64" Z="26.82976" Radius="3.579645" />
	<Blackspot X="1736.511" Y="-4442.859" Z="39.60423" Radius="1.832101" />
	<Blackspot X="1841.629" Y="-4485.789" Z="46.81457" Radius="0.8158129" />
  </Blackspots>

  <Hotspots>
    <Hotspot X="6460.11" Y="-4676.747" Z="852.0502" />
    <Hotspot X="6502.182" Y="-4677.226" Z="816.6287" />
    <Hotspot X="6514.15" Y="-4677.362" Z="806.5529" />
    <Hotspot X="6528.525" Y="-4630.072" Z="799.0001" />
    <Hotspot X="6542.899" Y="-4582.782" Z="791.4473" />
    <Hotspot X="6550.23" Y="-4558.667" Z="787.5958" />
    <Hotspot X="6567.508" Y="-4511.749" Z="787.195" />
    <Hotspot X="6584.786" Y="-4464.83" Z="786.9331" />
    <Hotspot X="6597.79" Y="-4429.517" Z="786.4926" />
    <Hotspot X="6618.03" Y="-4384.36" Z="786.6279" />
    <Hotspot X="6638.27" Y="-4339.204" Z="790.3663" />
    <Hotspot X="6658.47" Y="-4294.137" Z="765.0279" />
    <Hotspot X="6677.29" Y="-4248.061" Z="772.7506" />
    <Hotspot X="6687.895" Y="-4222.097" Z="772.4968" />
    <Hotspot X="6676.866" Y="-4174.46" Z="762.0538" />
    <Hotspot X="6665.837" Y="-4126.823" Z="751.6109" />
    <Hotspot X="6651.91" Y="-4066.667" Z="738.4236" />
    <Hotspot X="6637.854" Y="-4018.787" Z="741.5779" />
    <Hotspot X="6620.986" Y="-3961.331" Z="752.3047" />
    <Hotspot X="6612.55" Y="-3932.596" Z="747.2559" />
    <Hotspot X="6611.449" Y="-3882.656" Z="745.082" />
    <Hotspot X="6610.349" Y="-3832.715" Z="742.9081" />
    <Hotspot X="6609.27" Y="-3783.767" Z="740.7775" />
    <Hotspot X="6638.343" Y="-3824.323" Z="737.6232" />
    <Hotspot X="6650.27" Y="-3840.961" Z="736.3291" />
    <Hotspot X="6679.351" Y="-3876.404" Z="756.2823" />
    <Hotspot X="6708.432" Y="-3911.846" Z="776.2355" />
    <Hotspot X="6709.31" Y="-3912.917" Z="776.8379" />
    <Hotspot X="6735.552" Y="-3955.471" Z="780.3427" />
    <Hotspot X="6761.793" Y="-3998.025" Z="778.9362" />
    <Hotspot X="6769.99" Y="-4011.317" Z="778.4968" />
    <Hotspot X="6790.385" Y="-4056.324" Z="797.7177" />
    <Hotspot X="6810.781" Y="-4101.332" Z="795.9061" />
    <Hotspot X="6812.63" Y="-4105.412" Z="794.4668" />
    <Hotspot X="6800.417" Y="-4153.879" Z="798.0486" />
    <Hotspot X="6792.95" Y="-4183.517" Z="796.5796" />
    <Hotspot X="6830.215" Y="-4213.765" Z="810.5913" />
    <Hotspot X="6867.481" Y="-4244.014" Z="824.6031" />
    <Hotspot X="6904.746" Y="-4274.262" Z="838.6147" />
    <Hotspot X="6922.51" Y="-4288.681" Z="845.2938" />
    <Hotspot X="6914.473" Y="-4335.826" Z="830.7058" />
    <Hotspot X="6906.436" Y="-4382.97" Z="816.1178" />
    <Hotspot X="6899.55" Y="-4423.367" Z="803.6177" />
    <Hotspot X="6944.497" Y="-4405.5" Z="822.2997" />
    <Hotspot X="6981.55" Y="-4390.771" Z="826.7356" />
    <Hotspot X="6993.112" Y="-4343.47" Z="847.7686" />
    <Hotspot X="6999.59" Y="-4316.972" Z="844.4444" />
    <Hotspot X="7026.515" Y="-4265.791" Z="805.0033" />
    <Hotspot X="7045.747" Y="-4229.233" Z="776.8311" />
    <Hotspot X="7047.15" Y="-4226.567" Z="774.7761" />
    <Hotspot X="7091.239" Y="-4247.985" Z="769.0587" />
    <Hotspot X="7119.31" Y="-4261.622" Z="758.621" />
    <Hotspot X="7138.537" Y="-4306.483" Z="747.7695" />
    <Hotspot X="7157.763" Y="-4351.345" Z="736.9181" />
    <Hotspot X="7163.59" Y="-4364.941" Z="733.6294" />
    <Hotspot X="7172.232" Y="-4412.204" Z="727.7875" />
    <Hotspot X="7180.875" Y="-4459.467" Z="707.6843" />
    <Hotspot X="7183.27" Y="-4472.566" Z="702.1123" />
    <Hotspot X="7224.632" Y="-4496.453" Z="693.6418" />
    <Hotspot X="7265.27" Y="-4519.921" Z="672.8032" />
    <Hotspot X="7225.507" Y="-4546.249" Z="687.8304" />
    <Hotspot X="7177.792" Y="-4577.841" Z="715.5048" />
    <Hotspot X="7160.31" Y="-4589.417" Z="712.47" />
    <Hotspot X="7084.87" Y="-4564.816" Z="709.4249" />
    <Hotspot X="7070.533" Y="-4518.641" Z="730.9394" />
    <Hotspot X="7058.71" Y="-4480.562" Z="732.6664" />
    <Hotspot X="7014.362" Y="-4495.105" Z="788.6232" />
    <Hotspot X="6970.014" Y="-4509.649" Z="791.566" />
    <Hotspot X="6925.666" Y="-4524.192" Z="792.1429" />
    <Hotspot X="6914.31" Y="-4527.917" Z="791.0693" />
    <Hotspot X="6965.247" Y="-4548.577" Z="796.2488" />
    <Hotspot X="6994.67" Y="-4560.511" Z="794.051" />
    <Hotspot X="6997.113" Y="-4607.235" Z="820.0636" />
    <Hotspot X="6999.556" Y="-4653.959" Z="829.803" />
    <Hotspot X="6999.59" Y="-4654.606" Z="829.5601" />
    <Hotspot X="6947.658" Y="-4709.784" Z="803.8993" />
    <Hotspot X="6915.201" Y="-4744.271" Z="787.8613" />
    <Hotspot X="6891.35" Y="-4769.612" Z="776.0762" />
    <Hotspot X="6922.551" Y="-4808.683" Z="776.0708" />
    <Hotspot X="6953.751" Y="-4847.753" Z="779.51" />
    <Hotspot X="6983.19" Y="-4884.617" Z="776.0604" />
    <Hotspot X="6963.792" Y="-4930.687" Z="774.9152" />
    <Hotspot X="6944.395" Y="-4976.756" Z="773.77" />
    <Hotspot X="6933.99" Y="-5001.467" Z="773.1558" />
    <Hotspot X="6959.565" Y="-5044.091" Z="780.7556" />
    <Hotspot X="6985.14" Y="-5086.716" Z="788.4949" />
    <Hotspot X="6993.03" Y="-5099.866" Z="785.605" />
    <Hotspot X="7033.049" Y="-5126.372" Z="812.4551" />
    <Hotspot X="7069.429" Y="-5150.468" Z="853.7335" />
    <Hotspot X="7105.81" Y="-5174.565" Z="895.0126" />
    <Hotspot X="7164.019" Y="-5213.119" Z="961.0582" />
    <Hotspot X="7200.4" Y="-5237.215" Z="945.5367" />
    <Hotspot X="7219.35" Y="-5249.767" Z="937.4519" />
    <Hotspot X="7252.882" Y="-5226.192" Z="908.8186" />
    <Hotspot X="7309.885" Y="-5186.115" Z="860.142" />
    <Hotspot X="7314.47" Y="-5182.892" Z="856.2269" />
    <Hotspot X="7275.767" Y="-5150.31" Z="834.6514" />
    <Hotspot X="7240.583" Y="-5120.69" Z="815.0372" />
    <Hotspot X="7234.11" Y="-5115.241" Z="811.4289" />
    <Hotspot X="7223.688" Y="-5066.392" Z="836.5452" />
    <Hotspot X="7213.267" Y="-5017.542" Z="819.804" />
    <Hotspot X="7211.15" Y="-5007.617" Z="816.4026" />
    <Hotspot X="7260.946" Y="-5008.55" Z="811.9847" />
    <Hotspot X="7310.741" Y="-5009.484" Z="811.0037" />
    <Hotspot X="7360.537" Y="-5010.417" Z="810.0228" />
    <Hotspot X="7410.333" Y="-5011.351" Z="809.0417" />
    <Hotspot X="7460.128" Y="-5012.285" Z="808.0608" />
    <Hotspot X="7509.924" Y="-5013.219" Z="794.9796" />
    <Hotspot X="7539.15" Y="-5013.767" Z="787.3019" />
    <Hotspot X="7578.289" Y="-4984.083" Z="796.6282" />
    <Hotspot X="7617.428" Y="-4954.398" Z="805.9545" />
    <Hotspot X="7656.567" Y="-4924.714" Z="815.2809" />
    <Hotspot X="7685.11" Y="-4903.066" Z="822.0822" />
    <Hotspot X="7641.492" Y="-4882.285" Z="834.7225" />
    <Hotspot X="7597.874" Y="-4861.504" Z="814.7421" />
    <Hotspot X="7549.894" Y="-4838.645" Z="792.7633" />
    <Hotspot X="7506.276" Y="-4817.864" Z="772.7827" />
    <Hotspot X="7485.03" Y="-4807.742" Z="763.0502" />
    <Hotspot X="7440.9" Y="-4787.056" Z="751.8834" />
    <Hotspot X="7412.87" Y="-4773.917" Z="744.7904" />
    <Hotspot X="7369.244" Y="-4751.447" Z="754.3767" />
    <Hotspot X="7325.619" Y="-4728.977" Z="763.963" />
    <Hotspot X="7281.993" Y="-4706.507" Z="773.5493" />
    <Hotspot X="7276.75" Y="-4703.807" Z="774.7013" />
    <Hotspot X="7303.095" Y="-4671.074" Z="756.4095" />
    <Hotspot X="7329.439" Y="-4638.341" Z="709.7958" />
    <Hotspot X="7343.825" Y="-4620.467" Z="684.3421" />
    <Hotspot X="7368.728" Y="-4660.183" Z="701.7344" />
    <Hotspot X="7389.91" Y="-4693.966" Z="716.5287" />
    <Hotspot X="7439.199" Y="-4690.514" Z="724.1868" />
    <Hotspot X="7488.489" Y="-4687.061" Z="731.9109" />
    <Hotspot X="7537.778" Y="-4683.608" Z="739.6349" />
    <Hotspot X="7539.15" Y="-4683.512" Z="739.7161" />
    <Hotspot X="7586.394" Y="-4658.441" Z="752.5396" />
    <Hotspot X="7626.07" Y="-4637.387" Z="763.3088" />
    <Hotspot X="7586.214" Y="-4617.378" Z="740.6985" />
    <Hotspot X="7546.359" Y="-4597.371" Z="718.0883" />
    <Hotspot X="7524.39" Y="-4586.342" Z="705.6252" />
    <Hotspot X="7478.782" Y="-4569.239" Z="694.3406" />
    <Hotspot X="7433.173" Y="-4552.135" Z="683.056" />
    <Hotspot X="7417.79" Y="-4546.367" Z="679.2498" />
    <Hotspot X="7388.876" Y="-4504.2" Z="699.522" />
    <Hotspot X="7362.59" Y="-4465.867" Z="719.242" />
    <Hotspot X="7358.75" Y="-4460.267" Z="720.6438" />
    <Hotspot X="7367.78" Y="-4414.09" Z="737.5595" />
    <Hotspot X="7376.79" Y="-4368.017" Z="754.4372" />
    <Hotspot X="7331.917" Y="-4386.421" Z="742.2858" />
    <Hotspot X="7287.043" Y="-4404.827" Z="730.1344" />
    <Hotspot X="7271.83" Y="-4411.066" Z="726.0146" />
    <Hotspot X="7281.646" Y="-4361.876" Z="749.4189" />
    <Hotspot X="7289.87" Y="-4320.662" Z="767.4779" />
    <Hotspot X="7286.988" Y="-4271.42" Z="827.4255" />
    <Hotspot X="7284.367" Y="-4226.656" Z="832.0861" />
    <Hotspot X="7283.39" Y="-4209.961" Z="822.1777" />
    <Hotspot X="7329.702" Y="-4207.368" Z="803.5098" />
    <Hotspot X="7376.014" Y="-4204.773" Z="788.4572" />
    <Hotspot X="7393.19" Y="-4203.812" Z="777.9181" />
    <Hotspot X="7430.832" Y="-4231.273" Z="759.7816" />
    <Hotspot X="7468.474" Y="-4258.735" Z="742.8186" />
    <Hotspot X="7483.39" Y="-4269.617" Z="734.4582" />
    <Hotspot X="7511.807" Y="-4232.176" Z="751.5078" />
    <Hotspot X="7540.223" Y="-4194.735" Z="768.9558" />
    <Hotspot X="7568.64" Y="-4157.294" Z="786.404" />
    <Hotspot X="7602.74" Y="-4112.366" Z="807.3417" />
    <Hotspot X="7604.75" Y="-4109.717" Z="807.2728" />
    <Hotspot X="7609.934" Y="-4153.756" Z="784.1707" />
    <Hotspot X="7615.636" Y="-4202.198" Z="758.7585" />
    <Hotspot X="7619.59" Y="-4235.792" Z="741.1359" />
    <Hotspot X="7601.805" Y="-4280.456" Z="727.3968" />
    <Hotspot X="7584.021" Y="-4325.121" Z="713.6577" />
    <Hotspot X="7566.236" Y="-4369.786" Z="699.9186" />
    <Hotspot X="7548.451" Y="-4414.451" Z="686.1794" />
    <Hotspot X="7547.35" Y="-4417.216" Z="685.3287" />
    <Hotspot X="7573.045" Y="-4459.372" Z="693.245" />
    <Hotspot X="7598.74" Y="-4501.528" Z="701.1612" />
    <Hotspot X="7612.95" Y="-4524.842" Z="705.5392" />
    <Hotspot X="7654.84" Y="-4498.028" Z="710.6636" />
    <Hotspot X="7696.73" Y="-4471.215" Z="715.788" />
    <Hotspot X="7708.07" Y="-4463.957" Z="717.1752" />
    <Hotspot X="7730.037" Y="-4516.79" Z="735.2342" />
    <Hotspot X="7748.342" Y="-4560.817" Z="750.9949" />
    <Hotspot X="7755.63" Y="-4578.346" Z="756.2749" />
    <Hotspot X="7735.429" Y="-4615.701" Z="782.6676" />
    <Hotspot X="7713.208" Y="-4656.791" Z="812.3224" />
    <Hotspot X="7708.07" Y="-4666.292" Z="818.4126" />
    <Hotspot X="7767.376" Y="-4668.351" Z="809.5503" />
    <Hotspot X="7796.63" Y="-4669.367" Z="805.1788" />
    <Hotspot X="7842.349" Y="-4682.673" Z="820.4341" />
    <Hotspot X="7888.068" Y="-4695.979" Z="835.6895" />
    <Hotspot X="7906.51" Y="-4701.347" Z="841.8433" />
    <Hotspot X="7892.273" Y="-4661.483" Z="816.0804" />
    <Hotspot X="7881.91" Y="-4632.467" Z="795.8616" />
    <Hotspot X="7880.288" Y="-4583.801" Z="784.5018" />
    <Hotspot X="7878.666" Y="-4535.136" Z="773.142" />
    <Hotspot X="7878.63" Y="-4534.066" Z="772.8923" />
    <Hotspot X="7921.767" Y="-4552.109" Z="790.6022" />
    <Hotspot X="7964.904" Y="-4570.152" Z="808.3121" />
    <Hotspot X="8006.55" Y="-4587.571" Z="825.4096" />
    <Hotspot X="8015.333" Y="-4538.531" Z="844.0391" />
    <Hotspot X="8021.31" Y="-4505.162" Z="818.301" />
    <Hotspot X="7987.229" Y="-4462.145" Z="819.3342" />
    <Hotspot X="7956.246" Y="-4423.039" Z="811.7126" />
    <Hotspot X="7954.07" Y="-4420.292" Z="811.1772" />
    <Hotspot X="7952.233" Y="-4370.343" Z="814.3789" />
    <Hotspot X="7950.79" Y="-4331.116" Z="813.5858" />
    <Hotspot X="7908.795" Y="-4352.039" Z="796.3049" />
    <Hotspot X="7866.799" Y="-4372.962" Z="779.024" />
    <Hotspot X="7835.99" Y="-4388.312" Z="766.346" />
    <Hotspot X="7771.154" Y="-4392.364" Z="764.124" />
    <Hotspot X="7747.43" Y="-4393.847" Z="763.3109" />
    <Hotspot X="7768.183" Y="-4348.398" Z="798.598" />
    <Hotspot X="7788.935" Y="-4302.951" Z="784.0305" />
    <Hotspot X="7809.688" Y="-4257.502" Z="769.4628" />
    <Hotspot X="7829.43" Y="-4214.267" Z="755.6044" />
    <Hotspot X="7823.713" Y="-4164.762" Z="761.3901" />
    <Hotspot X="7817.996" Y="-4115.257" Z="767.3074" />
    <Hotspot X="7812.279" Y="-4065.752" Z="768.3045" />
    <Hotspot X="7811.39" Y="-4058.057" Z="768.4595" />
    <Hotspot X="7846.33" Y="-4093.815" Z="769.8625" />
    <Hotspot X="7881.269" Y="-4129.574" Z="768.16" />
    <Hotspot X="7890.11" Y="-4138.622" Z="766.787" />
    <Hotspot X="7921.917" Y="-4188.951" Z="774.2228" />
    <Hotspot X="7948.423" Y="-4230.892" Z="780.4194" />
    <Hotspot X="7957.35" Y="-4245.017" Z="782.5063" />
    <Hotspot X="7997.894" Y="-4215.778" Z="788.2508" />
    <Hotspot X="8038.438" Y="-4186.54" Z="780.8428" />
    <Hotspot X="8042.63" Y="-4183.517" Z="780.0768" />
    <Hotspot X="8040.435" Y="-4134.129" Z="787.5634" />
    <Hotspot X="8038.24" Y="-4084.741" Z="795.5254" />
    <Hotspot X="8037.71" Y="-4072.816" Z="796.8576" />
    <Hotspot X="8078.639" Y="-4046.346" Z="785.7133" />
    <Hotspot X="8119.567" Y="-4019.876" Z="778.6996" />
    <Hotspot X="8150.87" Y="-3999.632" Z="766.0454" />
    <Hotspot X="8105.473" Y="-3978.863" Z="768.8358" />
    <Hotspot X="8068.87" Y="-3962.117" Z="771.0856" />
    <Hotspot X="8019.541" Y="-3969.667" Z="774.1859" />
    <Hotspot X="7988.51" Y="-3974.417" Z="776.1362" />
    <Hotspot X="7963.587" Y="-3931.075" Z="776.7333" />
    <Hotspot X="7938.665" Y="-3887.733" Z="777.3304" />
    <Hotspot X="7916.186" Y="-3848.641" Z="777.869" />
    <Hotspot X="7966.167" Y="-3847.853" Z="776.7697" />
    <Hotspot X="8013.11" Y="-3847.112" Z="775.7372" />
    <Hotspot X="8063.016" Y="-3850.106" Z="839.6183" />
    <Hotspot X="8112.922" Y="-3853.1" Z="797.1043" />
    <Hotspot X="8136.11" Y="-3854.491" Z="777.351" />
    <Hotspot X="8178.156" Y="-3877.489" Z="791.6074" />
    <Hotspot X="8218.19" Y="-3899.386" Z="805.1818" />
    <Hotspot X="8236.766" Y="-3853.44" Z="811.8098" />
    <Hotspot X="8249.27" Y="-3822.511" Z="816.2715" />
    <Hotspot X="8226.405" Y="-3756.92" Z="812.915" />
    <Hotspot X="8216.47" Y="-3728.417" Z="803.849" />
    <Hotspot X="8178.687" Y="-3755.84" Z="785.9499" />
    <Hotspot X="8165.63" Y="-3765.317" Z="779.7645" />
    <Hotspot X="8122.291" Y="-3732.21" Z="804.7776" />
    <Hotspot X="8121.35" Y="-3731.491" Z="805.3204" />
    <Hotspot X="8073.975" Y="-3740.642" Z="806.1086" />
    <Hotspot X="8026.6" Y="-3749.793" Z="782.7204" />
    <Hotspot X="8009.91" Y="-3753.017" Z="774.4808" />
    <Hotspot X="7961.408" Y="-3746.958" Z="794.7192" />
    <Hotspot X="7912.905" Y="-3740.899" Z="799.4935" />
    <Hotspot X="7891.75" Y="-3738.257" Z="800.1237" />
    <Hotspot X="7842.209" Y="-3731.501" Z="800.5085" />
    <Hotspot X="7819.59" Y="-3728.417" Z="800.4974" />
    <Hotspot X="7770.45" Y="-3753.109" Z="801.2209" />
    <Hotspot X="7737.59" Y="-3769.622" Z="801.7047" />
    <Hotspot X="7764.083" Y="-3810.355" Z="794.0517" />
    <Hotspot X="7786.79" Y="-3845.267" Z="779.8243" />
    <Hotspot X="7742.445" Y="-3867.652" Z="774.713" />
    <Hotspot X="7701.51" Y="-3888.316" Z="768.8772" />
    <Hotspot X="7675.042" Y="-3846.669" Z="776.9352" />
    <Hotspot X="7648.575" Y="-3805.021" Z="784.9933" />
    <Hotspot X="7622.107" Y="-3763.373" Z="793.0514" />
    <Hotspot X="7617.87" Y="-3756.707" Z="794.3412" />
    <Hotspot X="7584.427" Y="-3810.33" Z="783.1598" />
    <Hotspot X="7570.31" Y="-3832.967" Z="772.7237" />
    <Hotspot X="7595.4" Y="-3876.188" Z="771.1789" />
    <Hotspot X="7620.49" Y="-3919.41" Z="769.6341" />
    <Hotspot X="7622.79" Y="-3923.372" Z="769.4925" />
    <Hotspot X="7575.159" Y="-3929.503" Z="783.4099" />
    <Hotspot X="7527.528" Y="-3935.635" Z="797.3273" />
    <Hotspot X="7512.91" Y="-3937.517" Z="801.5984" />
    <Hotspot X="7464.345" Y="-3926.893" Z="801.9924" />
    <Hotspot X="7415.781" Y="-3916.27" Z="791.0479" />
    <Hotspot X="7414.51" Y="-3915.991" Z="790.7615" />
    <Hotspot X="7332.685" Y="-3938.227" Z="784.8199" />
    <Hotspot X="7301.35" Y="-3946.742" Z="782.5446" />
    <Hotspot X="7214.07" Y="-3967.822" Z="875.6409" />
    <Hotspot X="7165.581" Y="-3979.533" Z="861.3641" />
    <Hotspot X="7117.092" Y="-3991.245" Z="847.0873" />
    <Hotspot X="7054.057" Y="-4006.469" Z="824.8531" />
    <Hotspot X="7011.07" Y="-4016.852" Z="802.9961" />
    <Hotspot X="6975.074" Y="-4051.408" Z="799.8126" />
    <Hotspot X="6970.07" Y="-4056.211" Z="799.3701" />
    <Hotspot X="6972.298" Y="-4003.579" Z="815.1776" />
    <Hotspot X="6974.323" Y="-3955.732" Z="829.548" />
    <Hotspot X="6974.99" Y="-3939.977" Z="834.2798" />
    <Hotspot X="6923.633" Y="-3911.302" Z="822.4403" />
    <Hotspot X="6901.19" Y="-3898.771" Z="817.2665" />
    <Hotspot X="6891.299" Y="-3849.856" Z="814.1894" />
    <Hotspot X="6878.44" Y="-3786.267" Z="810.1891" />
    <Hotspot X="6874.95" Y="-3769.007" Z="809.1033" />
    <Hotspot X="6855.099" Y="-3723.564" Z="815.5005" />
    <Hotspot X="6838.95" Y="-3686.596" Z="820.7047" />
    <Hotspot X="6870.446" Y="-3607.7" Z="828.0723" />
    <Hotspot X="6879.95" Y="-3583.892" Z="824.4781" />
    <Hotspot X="6833.531" Y="-3597.017" Z="848.7329" />
    <Hotspot X="6792.95" Y="-3608.492" Z="799.8265" />
    <Hotspot X="6754.272" Y="-3579.733" Z="788.9902" />
    <Hotspot X="6715.594" Y="-3550.974" Z="774.3361" />
    <Hotspot X="6697.83" Y="-3537.767" Z="767.1141" />
    <Hotspot X="6734.077" Y="-3503.446" Z="764.2352" />
    <Hotspot X="6763.43" Y="-3475.652" Z="761.9037" />
    <Hotspot X="6733.769" Y="-3436.067" Z="757.1311" />
    <Hotspot X="6707.67" Y="-3401.237" Z="748.1855" />
    <Hotspot X="6711.901" Y="-3351.416" Z="765.0529" />
    <Hotspot X="6715.87" Y="-3304.682" Z="748.247" />
    <Hotspot X="6694.65" Y="-3263.531" Z="734.2687" />
    <Hotspot X="6673.431" Y="-3222.38" Z="714.9427" />
    <Hotspot X="6658.47" Y="-3193.367" Z="697.1832" />
    <Hotspot X="6679.823" Y="-3155.236" Z="673.0721" />
    <Hotspot X="6692.91" Y="-3131.866" Z="658.0032" />
    <Hotspot X="6729.607" Y="-3172.272" Z="664.7645" />
    <Hotspot X="6762.968" Y="-3209.005" Z="670.9111" />
    <Hotspot X="6769.99" Y="-3216.737" Z="672.2049" />
    <Hotspot X="6788.134" Y="-3261.09" Z="724.2768" />
    <Hotspot X="6803.255" Y="-3298.05" Z="750.6414" />
    <Hotspot X="6814.27" Y="-3324.977" Z="760.3169" />
    <Hotspot X="6854.769" Y="-3340.366" Z="789.6495" />
    <Hotspot X="6895.268" Y="-3355.756" Z="816.4487" />
    <Hotspot X="6935.767" Y="-3371.146" Z="835.5927" />
    <Hotspot X="6937.27" Y="-3371.717" Z="836.1225" />
    <Hotspot X="6919.679" Y="-3332.566" Z="816.8386" />
    <Hotspot X="6902.088" Y="-3293.416" Z="791.0518" />
    <Hotspot X="6884.625" Y="-3254.552" Z="759.3668" />
    <Hotspot X="6863.846" Y="-3217.861" Z="732.4965" />
    <Hotspot X="6843.065" Y="-3181.171" Z="705.6262" />
    <Hotspot X="6833.95" Y="-3165.076" Z="693.8394" />
    <Hotspot X="6822.428" Y="-3120.14" Z="675.3284" />
    <Hotspot X="6817.55" Y="-3101.116" Z="667.291" />
    <Hotspot X="6831.17" Y="-3053.87" Z="676.3614" />
    <Hotspot X="6843.79" Y="-3010.097" Z="684.7651" />
    <Hotspot X="6842.929" Y="-2960.372" Z="679.593" />
    <Hotspot X="6842.15" Y="-2915.386" Z="674.9138" />
    <Hotspot X="6807.554" Y="-2881.005" Z="663.9108" />
    <Hotspot X="6788.93" Y="-2862.497" Z="657.9875" />
    <Hotspot X="6745.636" Y="-2884.501" Z="669.8774" />
    <Hotspot X="6698.012" Y="-2908.707" Z="682.9563" />
    <Hotspot X="6694.55" Y="-2910.467" Z="683.907" />
    <Hotspot X="6701.217" Y="-2959.012" Z="673.964" />
    <Hotspot X="6707.884" Y="-3007.558" Z="664.0209" />
    <Hotspot X="6714.23" Y="-3053.761" Z="654.5576" />
    <Hotspot X="6667.102" Y="-3037.329" Z="657.5388" />
    <Hotspot X="6620.75" Y="-3021.167" Z="660.4708" />
    <Hotspot X="6608.625" Y="-2973.248" Z="668.0063" />
    <Hotspot X="6599.43" Y="-2936.912" Z="673.7206" />
    <Hotspot X="6592.917" Y="-2872.43" Z="683.9863" />
    <Hotspot X="6591.23" Y="-2855.731" Z="679.9773" />
    <Hotspot X="6614.229" Y="-2814.334" Z="663.9351" />
    <Hotspot X="6637.227" Y="-2772.937" Z="647.8929" />
    <Hotspot X="6648.63" Y="-2752.412" Z="639.9388" />
    <Hotspot X="6672.214" Y="-2710.403" Z="628.7759" />
    <Hotspot X="6694.55" Y="-2670.617" Z="613.8824" />
    <Hotspot X="6662.379" Y="-2632.754" Z="608.2744" />
    <Hotspot X="6641.25" Y="-2607.887" Z="604.5912" />
    <Hotspot X="6685.178" Y="-2584.605" Z="609.9106" />
    <Hotspot X="6702.75" Y="-2575.292" Z="612.0385" />
    <Hotspot X="6739.248" Y="-2608.505" Z="626.5191" />
    <Hotspot X="6775.746" Y="-2641.718" Z="631.8542" />
    <Hotspot X="6812.244" Y="-2674.931" Z="637.1893" />
    <Hotspot X="6825.75" Y="-2687.222" Z="639.1636" />
    <Hotspot X="6824.44" Y="-2619.952" Z="661.0961" />
    <Hotspot X="6824.11" Y="-2602.967" Z="663.3561" />
    <Hotspot X="6812.621" Y="-2556.806" Z="647.9536" />
    <Hotspot X="6801.15" Y="-2510.717" Z="632.5745" />
    <Hotspot X="6848.261" Y="-2514.29" Z="648.9376" />
    <Hotspot X="6874.13" Y="-2516.251" Z="657.9225" />
    <Hotspot X="6890.325" Y="-2469.119" Z="661.9572" />
    <Hotspot X="6908.139" Y="-2417.274" Z="668.2318" />
    <Hotspot X="6911.11" Y="-2408.626" Z="667.1355" />
    <Hotspot X="6863.751" Y="-2419.315" Z="655.1802" />
    <Hotspot X="6816.393" Y="-2430.003" Z="643.2249" />
    <Hotspot X="6769.034" Y="-2440.691" Z="631.2696" />
    <Hotspot X="6758.51" Y="-2443.067" Z="628.6128" />
    <Hotspot X="6716.926" Y="-2470.17" Z="622.5997" />
    <Hotspot X="6689.63" Y="-2487.962" Z="618.6528" />
    <Hotspot X="6640.249" Y="-2488.55" Z="626.4746" />
    <Hotspot X="6590.868" Y="-2489.137" Z="634.2964" />
    <Hotspot X="6586.31" Y="-2489.192" Z="635.0184" />
    <Hotspot X="6536.448" Y="-2492.85" Z="648.33" />
    <Hotspot X="6486.586" Y="-2496.508" Z="648.9128" />
    <Hotspot X="6436.724" Y="-2500.167" Z="637.4547" />
    <Hotspot X="6435.43" Y="-2500.261" Z="636.8994" />
    <Hotspot X="6424.084" Y="-2451.96" Z="643.0884" />
    <Hotspot X="6412.739" Y="-2403.66" Z="649.2775" />
    <Hotspot X="6407.55" Y="-2381.567" Z="652.1084" />
    <Hotspot X="6348.037" Y="-2374.001" Z="653.1252" />
    <Hotspot X="6310.79" Y="-2369.267" Z="653.7617" />
    <Hotspot X="6262.23" Y="-2361.485" Z="662.7851" />
    <Hotspot X="6214.85" Y="-2353.892" Z="671.5894" />
    <Hotspot X="6258.048" Y="-2400.318" Z="657.3215" />
    <Hotspot X="6294.39" Y="-2439.377" Z="645.3178" />
    <Hotspot X="6278.431" Y="-2507.513" Z="643.6599" />
    <Hotspot X="6273.07" Y="-2530.397" Z="643.103" />
    <Hotspot X="6365.361" Y="-2578.995" Z="655.1745" />
    <Hotspot X="6402.71" Y="-2598.662" Z="660.0598" />
    <Hotspot X="6392.309" Y="-2672.478" Z="651.8123" />
    <Hotspot X="6386.135" Y="-2716.291" Z="646.9171" />
    <Hotspot X="6433.845" Y="-2701.576" Z="644.2389" />
    <Hotspot X="6481.556" Y="-2686.86" Z="641.5607" />
    <Hotspot X="6504.31" Y="-2679.842" Z="640.2834" />
    <Hotspot X="6484.022" Y="-2725.49" Z="642.4368" />
    <Hotspot X="6463.31" Y="-2772.092" Z="644.6351" />
    <Hotspot X="6454.075" Y="-2824.037" Z="664.0726" />
    <Hotspot X="6450.19" Y="-2845.892" Z="666.7097" />
    <Hotspot X="6395.291" Y="-2830.228" Z="685.1683" />
    <Hotspot X="6374.75" Y="-2824.367" Z="692.0746" />
    <Hotspot X="6393.792" Y="-2869.383" Z="685.1484" />
    <Hotspot X="6412.47" Y="-2913.542" Z="671.2119" />
    <Hotspot X="6461.259" Y="-2924.304" Z="673.155" />
    <Hotspot X="6510.049" Y="-2935.066" Z="675.0986" />
    <Hotspot X="6510.05" Y="-2935.067" Z="675.098" />
    <Hotspot X="6471.888" Y="-2966.898" Z="669.5878" />
    <Hotspot X="6433.725" Y="-2998.73" Z="664.0776" />
    <Hotspot X="6422.31" Y="-3008.251" Z="662.4294" />
    <Hotspot X="6437.2" Y="-3055.714" Z="657.3749" />
    <Hotspot X="6452.091" Y="-3103.177" Z="652.8226" />
    <Hotspot X="6461.67" Y="-3133.712" Z="649.0688" />
    <Hotspot X="6416.488" Y="-3129.306" Z="670.0248" />
    <Hotspot X="6379.67" Y="-3125.717" Z="687.1012" />
    <Hotspot X="6385.994" Y="-3185.004" Z="695.5778" />
    <Hotspot X="6391.15" Y="-3233.342" Z="699.2805" />
    <Hotspot X="6441.64" Y="-3242.142" Z="679.3239" />
    <Hotspot X="6487.541" Y="-3250.142" Z="661.1814" />
    <Hotspot X="6507.59" Y="-3253.636" Z="653.2569" />
    <Hotspot X="6476.113" Y="-3290.844" Z="664.4313" />
    <Hotspot X="6444.637" Y="-3328.051" Z="675.6058" />
    <Hotspot X="6432.15" Y="-3342.812" Z="680.0389" />
    <Hotspot X="6424.336" Y="-3401.778" Z="709.3389" />
    <Hotspot X="6419.03" Y="-3441.827" Z="724.0504" />
    <Hotspot X="6456.266" Y="-3416.912" Z="701.8527" />
    <Hotspot X="6493.501" Y="-3391.997" Z="679.655" />
    <Hotspot X="6502.67" Y="-3385.862" Z="674.189" />
    <Hotspot X="6520.691" Y="-3427.66" Z="694.8796" />
    <Hotspot X="6538.712" Y="-3469.459" Z="715.883" />
    <Hotspot X="6546.95" Y="-3488.566" Z="725.0283" />
    <Hotspot X="6512.079" Y="-3521.832" Z="738.345" />
    <Hotspot X="6477.207" Y="-3555.098" Z="751.6618" />
    <Hotspot X="6453.47" Y="-3577.742" Z="760.7261" />
    <Hotspot X="6502.107" Y="-3576.992" Z="772.2988" />
    <Hotspot X="6555.607" Y="-3576.167" Z="787.777" />
    <Hotspot X="6573.19" Y="-3575.896" Z="789.2123" />
    <Hotspot X="6601.835" Y="-3644.87" Z="799.5919" />
    <Hotspot X="6604.35" Y="-3650.927" Z="796.6745" />
    <Hotspot X="6545.608" Y="-3688.689" Z="791.8382" />
    <Hotspot X="6503.65" Y="-3715.662" Z="788.3837" />
    <Hotspot X="6501.03" Y="-3717.346" Z="788.168" />
    <Hotspot X="6447.309" Y="-3710.115" Z="797.4802" />
    <Hotspot X="6437.07" Y="-3708.737" Z="799.2551" />
    <Hotspot X="6437.07" Y="-3762.039" Z="785.6944" />
    <Hotspot X="6437.07" Y="-3777.001" Z="781.8877" />
    <Hotspot X="6388.411" Y="-3787.674" Z="790.4872" />
    <Hotspot X="6350.15" Y="-3796.067" Z="774.2208" />
    <Hotspot X="6333.598" Y="-3843.138" Z="778.0482" />
    <Hotspot X="6330.47" Y="-3852.031" Z="778.0303" />
    <Hotspot X="6368.994" Y="-3881.39" Z="765.6223" />
    <Hotspot X="6407.518" Y="-3910.75" Z="758.0771" />
    <Hotspot X="6432.15" Y="-3929.521" Z="745.2805" />
    <Hotspot X="6429.886" Y="-3979.422" Z="747.4803" />
    <Hotspot X="6427.622" Y="-4029.322" Z="749.6802" />
    <Hotspot X="6425.357" Y="-4079.222" Z="751.8799" />
    <Hotspot X="6424.03" Y="-4108.486" Z="753.17" />
    <Hotspot X="6357.071" Y="-4050.493" Z="771.3659" />
    <Hotspot X="6323.91" Y="-4021.772" Z="776.9708" />
    <Hotspot X="6304.603" Y="-3975.697" Z="788.0374" />
    <Hotspot X="6287.83" Y="-3935.672" Z="780.8691" />
    <Hotspot X="6235.131" Y="-3925.791" Z="793.1238" />
    <Hotspot X="6199.27" Y="-3919.067" Z="801.463" />
    <Hotspot X="6104.012" Y="-3972.401" Z="1025.833" />
    <Hotspot X="6064.321" Y="-3994.624" Z="1025.978" />
    <Hotspot X="5965.095" Y="-4050.18" Z="684.7914" />
    <Hotspot X="5963.11" Y="-4051.292" Z="677.9666" />
    <Hotspot X="5957.288" Y="-4100.693" Z="683.0211" />
    <Hotspot X="5951.465" Y="-4150.095" Z="688.5852" />
    <Hotspot X="5949.99" Y="-4162.607" Z="689.3557" />
    <Hotspot X="5902.124" Y="-4149.552" Z="1055.476" />
    <Hotspot X="5830.325" Y="-4129.971" Z="705.2698" />
    <Hotspot X="5823.71" Y="-4128.167" Z="673.0057" />
    <Hotspot X="5834.395" Y="-4171.365" Z="1063.369" />
    <Hotspot X="5875.353" Y="-4336.958" Z="874.5368" />
    <Hotspot X="5876.19" Y="-4340.341" Z="870.6792" />
    <Hotspot X="5830.321" Y="-4360.241" Z="880.9802" />
    <Hotspot X="5792.55" Y="-4376.626" Z="870.9956" />
    <Hotspot X="5744.558" Y="-4390.57" Z="874.0811" />
    <Hotspot X="5696.566" Y="-4404.515" Z="874.2349" />
    <Hotspot X="5690.95" Y="-4406.146" Z="874.2529" />
    <Hotspot X="5646.527" Y="-4427.465" Z="876.9174" />
    <Hotspot X="5593.219" Y="-4453.047" Z="860.127" />
    <Hotspot X="5556.39" Y="-4470.722" Z="848.5268" />
    <Hotspot X="5532.358" Y="-4512.214" Z="862.699" />
    <Hotspot X="5508.327" Y="-4553.707" Z="884.6064" />
    <Hotspot X="5484.294" Y="-4595.199" Z="902.4461" />
    <Hotspot X="5477.67" Y="-4606.637" Z="894.9502" />
    <Hotspot X="5467.172" Y="-4567.398" Z="900.0441" />
    <Hotspot X="5452.905" Y="-4514.072" Z="826.1701" />
    <Hotspot X="5391.184" Y="-4521.319" Z="807.1188" />
    <Hotspot X="5343.706" Y="-4526.893" Z="792.4641" />
    <Hotspot X="5334.99" Y="-4527.917" Z="789.7738" />
    <Hotspot X="5337.016" Y="-4576.544" Z="778.318" />
    <Hotspot X="5338.27" Y="-4606.637" Z="771.2288" />
    <Hotspot X="5316.073" Y="-4651.438" Z="772.2505" />
    <Hotspot X="5293.876" Y="-4696.241" Z="772.4108" />
    <Hotspot X="5282.51" Y="-4719.182" Z="770.5087" />
    <Hotspot X="5235.035" Y="-4755.815" Z="773.8403" />
    <Hotspot X="5197.23" Y="-4784.987" Z="774.1292" />
    <Hotspot X="5227.339" Y="-4859.104" Z="774.1544" />
    <Hotspot X="5227.515" Y="-4859.538" Z="773.9073" />
    <Hotspot X="5271.179" Y="-4835.576" Z="778.2968" />
    <Hotspot X="5319.21" Y="-4809.218" Z="783.1252" />
    <Hotspot X="5327.449" Y="-4804.697" Z="783.9536" />
    <Hotspot X="5359.497" Y="-4841.409" Z="892.814" />
    <Hotspot X="5380.862" Y="-4865.884" Z="913.0716" />
    <Hotspot X="5402.227" Y="-4890.358" Z="933.3292" />
    <Hotspot X="5421.91" Y="-4912.907" Z="951.9922" />
    <Hotspot X="5477.279" Y="-4970.581" Z="949.1692" />
    <Hotspot X="5502.365" Y="-4996.711" Z="947.8901" />
    <Hotspot X="5566.714" Y="-4982.12" Z="927.7508" />
    <Hotspot X="5608.87" Y="-4972.562" Z="909.2053" />
    <Hotspot X="5581.531" Y="-4931.553" Z="917.6225" />
    <Hotspot X="5554.191" Y="-4890.544" Z="926.0397" />
    <Hotspot X="5553.11" Y="-4888.921" Z="926.3727" />
    <Hotspot X="5514.097" Y="-4857.664" Z="928.6885" />
    <Hotspot X="5479.215" Y="-4829.717" Z="924.4985" />
    <Hotspot X="5501.473" Y="-4795.037" Z="896.1815" />
    <Hotspot X="5523.731" Y="-4760.356" Z="867.8645" />
    <Hotspot X="5526.87" Y="-4755.466" Z="863.8716" />
    <Hotspot X="5572.14" Y="-4776.687" Z="863.2404" />
    <Hotspot X="5605.59" Y="-4792.366" Z="862.774" />
    <Hotspot X="5618.863" Y="-4739.121" Z="859.0637" />
    <Hotspot X="5630.93" Y="-4690.716" Z="859.2075" />
    <Hotspot X="5642.998" Y="-4642.312" Z="855.8409" />
    <Hotspot X="5655.064" Y="-4593.907" Z="849.9506" />
    <Hotspot X="5659.71" Y="-4575.271" Z="847.6462" />
    <Hotspot X="5709.604" Y="-4578.39" Z="847.2366" />
    <Hotspot X="5758.11" Y="-4581.421" Z="845.8716" />
    <Hotspot X="5799.546" Y="-4608.862" Z="840.3886" />
    <Hotspot X="5835.19" Y="-4632.467" Z="835.6721" />
    <Hotspot X="5864.352" Y="-4672.67" Z="841.4404" />
    <Hotspot X="5890.95" Y="-4709.341" Z="846.7019" />
    <Hotspot X="5841.231" Y="-4714.426" Z="845.2188" />
    <Hotspot X="5800.75" Y="-4718.566" Z="844.0112" />
    <Hotspot X="5788.03" Y="-4764.256" Z="859.8431" />
    <Hotspot X="5775.311" Y="-4809.946" Z="875.6749" />
    <Hotspot X="5769.59" Y="-4830.497" Z="882.7957" />
    <Hotspot X="5728.733" Y="-4887.186" Z="878.6682" />
    <Hotspot X="5720.39" Y="-4898.761" Z="877.8254" />
    <Hotspot X="5709.107" Y="-4947.277" Z="884.5839" />
    <Hotspot X="5697.825" Y="-4995.792" Z="887.6884" />
    <Hotspot X="5695.79" Y="-5004.542" Z="887.3117" />
    <Hotspot X="5743.764" Y="-5009.276" Z="917.53" />
    <Hotspot X="5787.376" Y="-5013.58" Z="938.2317" />
    <Hotspot X="5789.27" Y="-5013.767" Z="938.9064" />
    <Hotspot X="5828.406" Y="-4985.501" Z="931.7269" />
    <Hotspot X="5867.542" Y="-4957.237" Z="891.5658" />
    <Hotspot X="5877.83" Y="-4949.807" Z="879.2745" />
    <Hotspot X="5854.143" Y="-4906.847" Z="869.6091" />
    <Hotspot X="5840.19" Y="-4881.542" Z="863.9156" />
    <Hotspot X="5877.18" Y="-4850.684" Z="850.516" />
    <Hotspot X="5913.91" Y="-4820.042" Z="837.2102" />
    <Hotspot X="5944" Y="-4859.948" Z="838.3303" />
    <Hotspot X="5974.09" Y="-4899.854" Z="835.6864" />
    <Hotspot X="5981.15" Y="-4909.217" Z="833.9841" />
    <Hotspot X="6001.412" Y="-4953.539" Z="845.1645" />
    <Hotspot X="6020.51" Y="-4995.317" Z="855.7031" />
    <Hotspot X="5978.96" Y="-5015.175" Z="875.1785" />
    <Hotspot X="5937.411" Y="-5035.033" Z="894.6539" />
    <Hotspot X="5936.87" Y="-5035.292" Z="894.9072" />
    <Hotspot X="5974.859" Y="-5067.633" Z="891.6134" />
    <Hotspot X="6009.11" Y="-5096.792" Z="888.6437" />
    <Hotspot X="6048.224" Y="-5066.828" Z="884.6682" />
    <Hotspot X="6087.337" Y="-5036.864" Z="871.8658" />
    <Hotspot X="6089.39" Y="-5035.292" Z="871.1939" />
    <Hotspot X="6119.691" Y="-5074.421" Z="887.7158" />
    <Hotspot X="6150.752" Y="-5114.531" Z="885.6132" />
    <Hotspot X="6215.607" Y="-5112.63" Z="881.7236" />
    <Hotspot X="6265.497" Y="-5111.168" Z="881.8851" />
    <Hotspot X="6294.39" Y="-5110.322" Z="876.9989" />
    <Hotspot X="6341.887" Y="-5111.276" Z="861.4053" />
    <Hotspot X="6386.23" Y="-5112.167" Z="846.8469" />
    <Hotspot X="6469.571" Y="-5096.54" Z="843.7638" />
    <Hotspot X="6484.63" Y="-5093.716" Z="839.861" />
    <Hotspot X="6515.138" Y="-5124.487" Z="864.809" />
    <Hotspot X="6551.748" Y="-5161.413" Z="894.7466" />
    <Hotspot X="6579.75" Y="-5189.657" Z="917.6457" />
    <Hotspot X="6590.873" Y="-5251.703" Z="998.0352" />
    <Hotspot X="6599.43" Y="-5299.431" Z="973.7119" />
    <Hotspot X="6605.99" Y="-5336.026" Z="955.0618" />
    <Hotspot X="6661.861" Y="-5393.368" Z="939.7888" />
    <Hotspot X="6668.31" Y="-5399.986" Z="840.8179" />
    <Hotspot X="6685.362" Y="-5386.363" Z="885.8027" />
    <Hotspot X="6702.414" Y="-5372.74" Z="958.895" />
    <Hotspot X="6721.172" Y="-5357.755" Z="1039.299" />
    <Hotspot X="6738.224" Y="-5344.132" Z="1043.099" />
    <Hotspot X="6743.75" Y="-5339.717" Z="1039.834" />
    <Hotspot X="6705.669" Y="-5326.385" Z="1010.303" />
    <Hotspot X="6659.152" Y="-5310.101" Z="974.2304" />
    <Hotspot X="6653.127" Y="-5289.859" Z="975.3796" />
    <Hotspot X="6647.103" Y="-5269.617" Z="975.8807" />
    <Hotspot X="6641.078" Y="-5249.375" Z="846.2209" />
    <Hotspot X="6640.51" Y="-5247.466" Z="833.9944" />
    <Hotspot X="6649.38" Y="-5198.407" Z="915.139" />
    <Hotspot X="6662.687" Y="-5124.818" Z="866.4866" />
    <Hotspot X="6668.31" Y="-5093.716" Z="845.9242" />
    <Hotspot X="6692.466" Y="-5049.959" Z="862.9225" />
    <Hotspot X="6716.622" Y="-5006.202" Z="859.0593" />
    <Hotspot X="6740.778" Y="-4962.445" Z="855.196" />
    <Hotspot X="6764.934" Y="-4918.688" Z="851.3328" />
    <Hotspot X="6765.07" Y="-4918.441" Z="851.311" />
    <Hotspot X="6741.969" Y="-4877.752" Z="851.996" />
    <Hotspot X="6714.247" Y="-4828.924" Z="814.4789" />
    <Hotspot X="6710.95" Y="-4823.117" Z="810.0166" />
    <Hotspot X="6668.689" Y="-4847.655" Z="800.8184" />
    <Hotspot X="6626.428" Y="-4872.194" Z="791.2194" />
    <Hotspot X="6609.27" Y="-4882.157" Z="784.5673" />
    <Hotspot X="6598.304" Y="-4930.874" Z="787.1005" />
    <Hotspot X="6587.95" Y="-4976.867" Z="789.4921" />
    <Hotspot X="6539.724" Y="-4985.186" Z="799.7379" />
    <Hotspot X="6505.95" Y="-4991.012" Z="806.9131" />
    <Hotspot X="6459.308" Y="-5006.717" Z="815.7366" />
    <Hotspot X="6425.59" Y="-5018.071" Z="822.1153" />
    <Hotspot X="6379.476" Y="-5003.21" Z="834.4711" />
    <Hotspot X="6333.362" Y="-4988.35" Z="848.0463" />
    <Hotspot X="6320.63" Y="-4984.247" Z="850.2383" />
    <Hotspot X="6236.381" Y="-4991.961" Z="858.4609" />
    <Hotspot X="6186.823" Y="-4996.5" Z="863.2977" />
    <Hotspot X="6179.59" Y="-4997.162" Z="864.0037" />
    <Hotspot X="6200.405" Y="-4952.534" Z="855.3378" />
    <Hotspot X="6221.22" Y="-4907.906" Z="846.6719" />
    <Hotspot X="6242.035" Y="-4863.278" Z="838.006" />
    <Hotspot X="6255.03" Y="-4835.417" Z="832.5957" />
    <Hotspot X="6271.981" Y="-4788.433" Z="837.1602" />
    <Hotspot X="6288.932" Y="-4741.45" Z="837.5892" />
    <Hotspot X="6292.75" Y="-4730.866" Z="837.6859" />
    <Hotspot X="6245.67" Y="-4727.118" Z="828.614" />
    <Hotspot X="6222.23" Y="-4725.251" Z="813.1003" />
    <Hotspot X="6241.446" Y="-4674.017" Z="807.5515" />
    <Hotspot X="6250.11" Y="-4650.917" Z="805.0497" />
    <Hotspot X="6211.479" Y="-4605.436" Z="800.2128" />
    <Hotspot X="6179.59" Y="-4567.892" Z="793.6224" />
    <Hotspot X="6153.547" Y="-4608.458" Z="806.8918" />
    <Hotspot X="6127.504" Y="-4649.026" Z="820.1612" />
    <Hotspot X="6101.46" Y="-4689.593" Z="833.4305" />
    <Hotspot X="6072.99" Y="-4733.941" Z="847.9368" />
    <Hotspot X="6027.479" Y="-4721.227" Z="877.4013" />
    <Hotspot X="6002.55" Y="-4714.262" Z="873.2341" />
    <Hotspot X="6023.673" Y="-4655.985" Z="815.0729" />
    <Hotspot X="6027.07" Y="-4646.611" Z="805.7173" />
    <Hotspot X="5984.49" Y="-4620.559" Z="802.8505" />
    <Hotspot X="5941.91" Y="-4594.507" Z="799.9836" />
    <Hotspot X="5933.59" Y="-4589.417" Z="799.4235" />
    <Hotspot X="5948.338" Y="-4541.919" Z="795.9582" />
    <Hotspot X="5961.47" Y="-4499.626" Z="789.6939" />
    <Hotspot X="5954.941" Y="-4452.02" Z="803.5127" />
    <Hotspot X="5947.106" Y="-4394.891" Z="820.0953" />
    <Hotspot X="5946.71" Y="-4392.001" Z="820.9341" />
    <Hotspot X="5990.927" Y="-4371.347" Z="810.061" />
    <Hotspot X="6035.145" Y="-4350.693" Z="799.188" />
    <Hotspot X="6040.19" Y="-4348.336" Z="797.9474" />
    <Hotspot X="6043.012" Y="-4286.429" Z="857.5209" />
    <Hotspot X="6044.894" Y="-4245.157" Z="843.092" />
    <Hotspot X="6045.875" Y="-4223.628" Z="712.8527" />
    <Hotspot X="6058.666" Y="-4215.769" Z="760.5457" />
    <Hotspot X="6076.574" Y="-4204.765" Z="829.9404" />
    <Hotspot X="6089.365" Y="-4196.906" Z="879.5071" />
    <Hotspot X="6102.156" Y="-4189.046" Z="929.0738" />
    <Hotspot X="6104.15" Y="-4187.821" Z="930.1365" />
    <Hotspot X="6133.938" Y="-4247.947" Z="870.157" />
    <Hotspot X="6150.488" Y="-4281.35" Z="836.835" />
    <Hotspot X="6159.91" Y="-4300.367" Z="817.8644" />
    <Hotspot X="6171.64" Y="-4252.608" Z="826.892" />
    <Hotspot X="6182.87" Y="-4206.887" Z="835.5344" />
    <Hotspot X="6223.06" Y="-4178.414" Z="826.929" />
    <Hotspot X="6263.25" Y="-4149.94" Z="818.3237" />
    <Hotspot X="6269.79" Y="-4145.307" Z="816.9232" />
    <Hotspot X="6273.284" Y="-4195.143" Z="814.8762" />
    <Hotspot X="6276.35" Y="-4238.867" Z="813.0803" />
    <Hotspot X="6323.217" Y="-4226.545" Z="803.7429" />
    <Hotspot X="6370.084" Y="-4214.223" Z="790.2756" />
    <Hotspot X="6399.186" Y="-4206.572" Z="780.807" />
    <Hotspot X="6367.849" Y="-4298.843" Z="803.256" />
    <Hotspot X="6358.35" Y="-4326.812" Z="810.0604" />
    <Hotspot X="6407.259" Y="-4383.668" Z="809.574" />
    <Hotspot X="6439.865" Y="-4421.573" Z="809.2785" />
    <Hotspot X="6472.471" Y="-4459.477" Z="808.983" />
    <Hotspot X="6473.15" Y="-4460.267" Z="808.9187" />
    <Hotspot X="6455.214" Y="-4506.789" Z="812.6628" />
    <Hotspot X="6440.43" Y="-4545.136" Z="815.7491" />
    <Hotspot X="6405.208" Y="-4510.242" Z="826.2606" />
    <Hotspot X="6369.987" Y="-4475.349" Z="838.3204" />
    <Hotspot X="6343.59" Y="-4449.197" Z="833.542" />
    <Hotspot X="6305.135" Y="-4473.631" Z="821.0588" />
    <Hotspot X="6279.71" Y="-4489.787" Z="799.3282" />
    <Hotspot X="6297.916" Y="-4538.035" Z="829.9988" />
    <Hotspot X="6319.156" Y="-4594.324" Z="865.7812" />
    <Hotspot X="6334.328" Y="-4634.53" Z="891.34" />
    <Hotspot X="6337.03" Y="-4641.692" Z="895.8925" />
    <Hotspot X="6363.677" Y="-4680.695" Z="892.897" />
    <Hotspot X="6387.87" Y="-4716.106" Z="864.6165" />
  </Hotspots>
</HBProfile>
