<HBProfile>
<!-- Created by HighVoltz using RoutesBuddy -->
  <Name></Name>
  <MinDurability>0.4</MinDurability>
  <MinFreeBagSlots>1</MinFreeBagSlots>
  
  <MinLevel>1</MinLevel>
  <MaxLevel>86</MaxLevel>
  <Factions>99999</Factions>
  
  <MailGrey>False</MailGrey>
  <MailWhite>True</MailWhite>
  <MailGreen>True</MailGreen>
  <MailBlue>True</MailBlue>
  <MailPurple>True</MailPurple>
 
  <SellGrey>True</SellGrey>
  <SellWhite>True</SellWhite>
  <SellGreen>False</SellGreen>
  <SellBlue>False</SellBlue>
  <SellPurple>False</SellPurple>

   <Blackspots>
		<Blackspot X="-4063.43" Y="-3928.65" Z="182.765" Radius="200" />
		<Blackspot X="-3857.25" Y="-4085.16" Z="178.191" Radius="200"/>
  </Blackspots>
	<Vendors>
		<Vendor Name="Brundall Chiselgut" Entry="50382" Type="Repair" X="-4847.408" Y="-6610.934" Z="9.416821" />
	</Vendors>
	
	<Mailboxes>
		<Mailbox X="-3204.769" Y="-5045.529" Z="120.2406" />
	</Mailboxes>

  <Hotspots>
    <Hotspot X="-3111.938" Y="-5569.406" Z="119.7352" />
    <Hotspot X="-3067.936" Y="-5623.801" Z="187.0402" />
    <Hotspot X="-3020.79" Y="-5682.081" Z="267.3394" />
    <Hotspot X="-2989.359" Y="-5720.935" Z="247.2685" />
    <Hotspot X="-2957.929" Y="-5759.788" Z="227.1976" />
    <Hotspot X="-2895.068" Y="-5837.496" Z="187.0556" />
    <Hotspot X="-2854.208" Y="-5888.005" Z="133.4948" />
    <Hotspot X="-2853.671" Y="-5888.669" Z="132.7901" />
    <Hotspot X="-2842.78" Y="-5937.468" Z="133.051" />
    <Hotspot X="-2838.461" Y="-5956.823" Z="133.1545" />
    <Hotspot X="-2809.235" Y="-5917.125" Z="141.5153" />
    <Hotspot X="-2774.164" Y="-5869.487" Z="212.8329" />
    <Hotspot X="-2736.17" Y="-5817.879" Z="290.0935" />
    <Hotspot X="-2683.564" Y="-5746.422" Z="397.0705" />
    <Hotspot X="-2639.725" Y="-5686.875" Z="321.9908" />
    <Hotspot X="-2584.196" Y="-5611.449" Z="213.4752" />
    <Hotspot X="-2580.812" Y="-5606.852" Z="206.8621" />
    <Hotspot X="-2629.105" Y="-5555.651" Z="232.7702" />
    <Hotspot X="-2674.179" Y="-5507.864" Z="258.8871" />
    <Hotspot X="-2684.22" Y="-5497.219" Z="262.3379" />
    <Hotspot X="-2731.457" Y="-5489.901" Z="276.2219" />
    <Hotspot X="-2778.695" Y="-5482.583" Z="239.6758" />
    <Hotspot X="-2793.093" Y="-5480.352" Z="228.5365" />
    <Hotspot X="-2840.907" Y="-5492.097" Z="219.8302" />
    <Hotspot X="-2888.722" Y="-5503.842" Z="211.1239" />
    <Hotspot X="-2915.4" Y="-5510.396" Z="206.2662" />
    <Hotspot X="-2951.736" Y="-5483.819" Z="231.615" />
    <Hotspot X="-3034.723" Y="-5423.123" Z="134.8162" />
    <Hotspot X="-3002.136" Y="-5371.524" Z="157.1903" />
    <Hotspot X="-2969.549" Y="-5319.924" Z="179.5645" />
    <Hotspot X="-2966.01" Y="-5314.32" Z="181.9945" />
    <Hotspot X="-2917.906" Y="-5300.135" Z="214.4116" />
    <Hotspot X="-2865.43" Y="-5284.661" Z="236.7012" />
    <Hotspot X="-2856.978" Y="-5282.168" Z="233.1731" />
    <Hotspot X="-2869.126" Y="-5236.371" Z="217.2029" />
    <Hotspot X="-2882.283" Y="-5186.767" Z="199.905" />
    <Hotspot X="-2913.38" Y="-5152.666" Z="180.6664" />
    <Hotspot X="-2932.27" Y="-5131.95" Z="168.9795" />
    <Hotspot X="-2878.341" Y="-5122.14" Z="239.7662" />
    <Hotspot X="-2792.953" Y="-5106.608" Z="233.4235" />
    <Hotspot X="-2790.281" Y="-5106.123" Z="233.225" />
    <Hotspot X="-2830.123" Y="-5065.646" Z="226.202" />
    <Hotspot X="-2863.324" Y="-5031.916" Z="220.1609" />
    <Hotspot X="-2877.442" Y="-5017.573" Z="190.9023" />
    <Hotspot X="-2892.623" Y="-4965.15" Z="184.9708" />
    <Hotspot X="-2904.153" Y="-4925.333" Z="178.9129" />
    <Hotspot X="-2889.43" Y="-4878.413" Z="187.9548" />
    <Hotspot X="-2876.037" Y="-4835.729" Z="196.1805" />
    <Hotspot X="-2879.834" Y="-4786.291" Z="201.1656" />
    <Hotspot X="-2883.632" Y="-4736.852" Z="190.5672" />
    <Hotspot X="-2884.644" Y="-4723.684" Z="181.5962" />
    <Hotspot X="-2880.464" Y="-4673.919" Z="184.0487" />
    <Hotspot X="-2876.284" Y="-4624.155" Z="186.5012" />
    <Hotspot X="-2876.037" Y="-4621.206" Z="186.6466" />
    <Hotspot X="-2898.691" Y="-4576.779" Z="190.2537" />
    <Hotspot X="-2921.346" Y="-4532.352" Z="193.8609" />
    <Hotspot X="-2935.705" Y="-4504.194" Z="196.1471" />
    <Hotspot X="-3002.562" Y="-4556.375" Z="194.2892" />
    <Hotspot X="-3045.119" Y="-4582.119" Z="193.649" />
    <Hotspot X="-3155.768" Y="-4649.053" Z="177.296" />
    <Hotspot X="-3169.856" Y="-4657.575" Z="174.1943" />
    <Hotspot X="-3194.258" Y="-4614.443" Z="185.1302" />
    <Hotspot X="-3225.981" Y="-4558.373" Z="204.9869" />
    <Hotspot X="-3250.383" Y="-4515.242" Z="210.7883" />
    <Hotspot X="-3274.786" Y="-4472.11" Z="216.5897" />
    <Hotspot X="-3297.787" Y="-4431.456" Z="209.0568" />
    <Hotspot X="-3334.131" Y="-4397.281" Z="214.6736" />
    <Hotspot X="-3377.744" Y="-4356.271" Z="216.5768" />
    <Hotspot X="-3381.269" Y="-4352.957" Z="216.7306" />
    <Hotspot X="-3335.112" Y="-4372.179" Z="216.4606" />
    <Hotspot X="-3247.414" Y="-4408.7" Z="262.6833" />
    <Hotspot X="-3196.641" Y="-4429.844" Z="215.7193" />
    <Hotspot X="-3196.567" Y="-4429.875" Z="215.6501" />
    <Hotspot X="-3149.642" Y="-4412.633" Z="284.3188" />
    <Hotspot X="-3102.717" Y="-4395.392" Z="248.6011" />
    <Hotspot X="-3055.983" Y="-4378.221" Z="213.0294" />
    <Hotspot X="-3009.465" Y="-4349.681" Z="235.6843" />
    <Hotspot X="-2967.175" Y="-4323.735" Z="242.9704" />
    <Hotspot X="-2932.27" Y="-4302.321" Z="231.1588" />
    <Hotspot X="-2885.141" Y="-4302.66" Z="247.8555" />
    <Hotspot X="-2848.995" Y="-4302.92" Z="260.6614" />
    <Hotspot X="-2816.03" Y="-4340.513" Z="260.5756" />
    <Hotspot X="-2783.064" Y="-4378.106" Z="262.9272" />
    <Hotspot X="-2762.164" Y="-4401.939" Z="260.4354" />
    <Hotspot X="-2748.802" Y="-4012.704" Z="240.0005" />
    <Hotspot X="-2747.089" Y="-3962.802" Z="241.8468" />
    <Hotspot X="-2744.691" Y="-3892.94" Z="244.4317" />
    <Hotspot X="-2742.635" Y="-3833.058" Z="230.6366" />
    <Hotspot X="-2742.622" Y="-3832.678" Z="230.5491" />
    <Hotspot X="-2701.647" Y="-3736.003" Z="230.1555" />
    <Hotspot X="-2673.597" Y="-3669.821" Z="229.886" />
    <Hotspot X="-2661.05" Y="-3606.252" Z="224.7259" />
    <Hotspot X="-2650.434" Y="-3552.464" Z="220.3596" />
    <Hotspot X="-2647.589" Y="-3538.05" Z="219.1896" />
    <Hotspot X="-2679.098" Y="-3499.25" Z="217.8884" />
    <Hotspot X="-2710.607" Y="-3460.449" Z="216.5872" />
    <Hotspot X="-2724.207" Y="-3443.702" Z="216.0256" />
    <Hotspot X="-2768.944" Y="-3466.005" Z="232.3698" />
    <Hotspot X="-2844.997" Y="-3503.919" Z="220.2761" />
    <Hotspot X="-2852.137" Y="-3507.479" Z="219.1406" />
    <Hotspot X="-2916.328" Y="-3613.078" Z="246.3774" />
    <Hotspot X="-2921.023" Y="-3620.802" Z="239.3166" />
    <Hotspot X="-2949.121" Y="-3662.134" Z="246.3169" />
    <Hotspot X="-2977.218" Y="-3703.466" Z="259.5178" />
    <Hotspot X="-3005.315" Y="-3744.798" Z="272.7188" />
    <Hotspot X="-3033.413" Y="-3786.13" Z="285.9198" />
    <Hotspot X="-3061.51" Y="-3827.462" Z="297.4535" />
    <Hotspot X="-3089.607" Y="-3868.793" Z="302.012" />
    <Hotspot X="-3117.705" Y="-3910.125" Z="298.7793" />
    <Hotspot X="-3145.802" Y="-3951.458" Z="290.9775" />
    <Hotspot X="-3173.899" Y="-3992.789" Z="283.1758" />
    <Hotspot X="-3204.806" Y="-4038.254" Z="274.5938" />
    <Hotspot X="-3232.904" Y="-4079.586" Z="266.7921" />
    <Hotspot X="-3261.001" Y="-4120.918" Z="258.9902" />
    <Hotspot X="-3266.076" Y="-4128.383" Z="257.5806" />
    <Hotspot X="-3352.152" Y="-4103" Z="264.4083" />
    <Hotspot X="-3375.107" Y="-4096.231" Z="266.2292" />
    <Hotspot X="-3423.627" Y="-4108.258" Z="267.3361" />
    <Hotspot X="-3460.16" Y="-4117.314" Z="268.1695" />
    <Hotspot X="-3425.335" Y="-4063.207" Z="270.8911" />
    <Hotspot X="-3398.547" Y="-4021.586" Z="259.4146" />
    <Hotspot X="-3372.296" Y="-3980.8" Z="244.9589" />
    <Hotspot X="-3389.614" Y="-3943.945" Z="259.5788" />
    <Hotspot X="-3422.518" Y="-3873.921" Z="179.0361" />
    <Hotspot X="-3443.299" Y="-3829.695" Z="128.1673" />
    <Hotspot X="-3446.102" Y="-3823.729" Z="121.3057" />
    <Hotspot X="-3490.245" Y="-3800.283" Z="120.0206" />
    <Hotspot X="-3530.452" Y="-3778.927" Z="118.8501" />
    <Hotspot X="-3526.121" Y="-3828.718" Z="120.3149" />
    <Hotspot X="-3521.791" Y="-3878.508" Z="121.7797" />
    <Hotspot X="-3519.908" Y="-3900.156" Z="122.4165" />
    <Hotspot X="-3553.182" Y="-3936.669" Z="130.6628" />
    <Hotspot X="-3577.547" Y="-3963.406" Z="135.8048" />
    <Hotspot X="-3624.13" Y="-3971.974" Z="151.8246" />
    <Hotspot X="-3684.518" Y="-3983.08" Z="172.5916" />
    <Hotspot X="-3660.127" Y="-4053.994" Z="175.0556" />
    <Hotspot X="-3655.571" Y="-4067.241" Z="173.9541" />
    <Hotspot X="-3617.991" Y="-4110.983" Z="213.6326" />
    <Hotspot X="-3566.989" Y="-4170.347" Z="275.6923" />
    <Hotspot X="-3561.38" Y="-4176.875" Z="273.4039" />
    <Hotspot X="-3547.516" Y="-4229.739" Z="334.696" />
    <Hotspot X="-3534.911" Y="-4277.796" Z="299.2918" />
    <Hotspot X="-3522.307" Y="-4325.854" Z="263.8875" />
    <Hotspot X="-3519.908" Y="-4335" Z="254.9138" />
    <Hotspot X="-3559.112" Y="-4398.153" Z="267.0571" />
    <Hotspot X="-3562.256" Y="-4403.217" Z="265.6989" />
    <Hotspot X="-3616.263" Y="-4409.117" Z="259.3818" />
    <Hotspot X="-3688.436" Y="-4417.001" Z="245.687" />
    <Hotspot X="-3729.239" Y="-4388.381" Z="251.8335" />
    <Hotspot X="-3770.042" Y="-4359.76" Z="256.2617" />
    <Hotspot X="-3782.799" Y="-4350.813" Z="254.9213" />
    <Hotspot X="-3834.77" Y="-4271.943" Z="244.7398" />
    <Hotspot X="-3841.844" Y="-4261.208" Z="243.354" />
    <Hotspot X="-3845.295" Y="-4139.203" Z="291.8367" />
    <Hotspot X="-3846.676" Y="-4090.401" Z="210.1318" />
    <Hotspot X="-3846.764" Y="-4087.271" Z="204.8909" />
    <Hotspot X="-3819.703" Y="-4046.461" Z="194.778" />
    <Hotspot X="-3792.642" Y="-4005.652" Z="184.6651" />
    <Hotspot X="-3783.502" Y="-3991.869" Z="181.2495" />
    <Hotspot X="-3883.293" Y="-3951.833" Z="212.5816" />
    <Hotspot X="-3893.86" Y="-3947.594" Z="206.9199" />
    <Hotspot X="-3938.032" Y="-3927.21" Z="244.0053" />
    <Hotspot X="-3982.205" Y="-3906.827" Z="233.7644" />
    <Hotspot X="-3985.239" Y="-3905.427" Z="230.8036" />
    <Hotspot X="-4000.903" Y="-3857.944" Z="230.8302" />
    <Hotspot X="-4018.133" Y="-3805.712" Z="238.0204" />
    <Hotspot X="-4021.93" Y="-3794.201" Z="230.8659" />
    <Hotspot X="-4085.967" Y="-3669.855" Z="243.1136" />
    <Hotspot X="-4096.3" Y="-3649.792" Z="237.9509" />
    <Hotspot X="-4115.916" Y="-3593.586" Z="255.9437" />
    <Hotspot X="-4133.897" Y="-3542.065" Z="271.0995" />
    <Hotspot X="-4150.245" Y="-3495.228" Z="284.8775" />
    <Hotspot X="-4163.077" Y="-3458.46" Z="263.4723" />
    <Hotspot X="-4158.07" Y="-3408.791" Z="266.2703" />
    <Hotspot X="-4153.939" Y="-3367.802" Z="268.5792" />
    <Hotspot X="-4203.573" Y="-3369.701" Z="274.3097" />
    <Hotspot X="-4253.208" Y="-3371.6" Z="280.0402" />
    <Hotspot X="-4302.842" Y="-3373.499" Z="285.7707" />
    <Hotspot X="-4352.476" Y="-3375.397" Z="291.5012" />
    <Hotspot X="-4360.597" Y="-3375.708" Z="292.4388" />
    <Hotspot X="-4320.944" Y="-3404.026" Z="281.2248" />
    <Hotspot X="-4281.291" Y="-3432.344" Z="272.966" />
    <Hotspot X="-4272.029" Y="-3438.958" Z="267.3915" />
    <Hotspot X="-4250.655" Y="-3505.613" Z="267.9824" />
    <Hotspot X="-4235.389" Y="-3553.223" Z="268.4045" />
    <Hotspot X="-4225.637" Y="-3583.635" Z="268.6742" />
    <Hotspot X="-4203.211" Y="-3632.702" Z="258.0979" />
    <Hotspot X="-4180.786" Y="-3681.769" Z="247.3099" />
    <Hotspot X="-4170.106" Y="-3705.135" Z="242.1725" />
    <Hotspot X="-4149.19" Y="-3749.794" Z="240.2198" />
    <Hotspot X="-4128.634" Y="-3793.685" Z="225.8124" />
    <Hotspot X="-4133.595" Y="-3843.286" Z="221.9218" />
    <Hotspot X="-4139.178" Y="-3899.102" Z="217.5437" />
    <Hotspot X="-4117.042" Y="-3943.791" Z="221.1426" />
    <Hotspot X="-4094.906" Y="-3988.479" Z="226.0541" />
    <Hotspot X="-4093.488" Y="-3991.342" Z="224.972" />
    <Hotspot X="-4136.174" Y="-4003.667" Z="272.4167" />
    <Hotspot X="-4169.009" Y="-4013.147" Z="309.2637" />
    <Hotspot X="-4214.979" Y="-4026.42" Z="360.8495" />
    <Hotspot X="-4215.796" Y="-4026.656" Z="360.915" />
    <Hotspot X="-4243.356" Y="-3962.428" Z="365.69" />
    <Hotspot X="-4263.042" Y="-3916.55" Z="354.4042" />
    <Hotspot X="-4263.421" Y="-3915.665" Z="354.1864" />
    <Hotspot X="-4297.141" Y="-3878.844" Z="356.8687" />
    <Hotspot X="-4330.861" Y="-3842.023" Z="360.0742" />
    <Hotspot X="-4364.581" Y="-3805.203" Z="363.2797" />
    <Hotspot X="-4366.923" Y="-3802.646" Z="362.4195" />
    <Hotspot X="-4415.96" Y="-3792.906" Z="363.1252" />
    <Hotspot X="-4479.708" Y="-3780.244" Z="364.0425" />
    <Hotspot X="-4486.339" Y="-3778.927" Z="364.138" />
    <Hotspot X="-4554.938" Y="-3792.631" Z="366.6729" />
    <Hotspot X="-4589.184" Y="-3799.472" Z="367.9384" />
    <Hotspot X="-4571.438" Y="-3856.664" Z="387.4213" />
    <Hotspot X="-4556.65" Y="-3904.324" Z="381.7251" />
    <Hotspot X="-4553.037" Y="-3915.969" Z="375.5939" />
    <Hotspot X="-4506.861" Y="-3931.199" Z="363.9376" />
    <Hotspot X="-4460.686" Y="-3946.429" Z="352.2813" />
    <Hotspot X="-4449.164" Y="-3950.229" Z="349.3729" />
    <Hotspot X="-4469.671" Y="-3995.83" Z="349.3729" />
    <Hotspot X="-4489.933" Y="-4040.887" Z="349.3729" />
    <Hotspot X="-4440.583" Y="-4048.923" Z="349.3729" />
    <Hotspot X="-4391.233" Y="-4056.958" Z="349.3729" />
    <Hotspot X="-4366.923" Y="-4060.917" Z="349.3729" />
    <Hotspot X="-4330.82" Y="-4095.508" Z="349.3729" />
    <Hotspot X="-4294.717" Y="-4130.1" Z="352.0464" />
    <Hotspot X="-4258.614" Y="-4164.691" Z="350.2695" />
    <Hotspot X="-4240.398" Y="-4182.146" Z="349.3729" />
    <Hotspot X="-4252.273" Y="-4230.715" Z="349.4788" />
    <Hotspot X="-4263.594" Y="-4277.021" Z="349.5798" />
    <Hotspot X="-4284.912" Y="-4313.708" Z="349.3729" />
    <Hotspot X="-4306.229" Y="-4350.396" Z="354.4206" />
    <Hotspot X="-4327.547" Y="-4387.083" Z="359.4683" />
    <Hotspot X="-4348.865" Y="-4423.77" Z="245.7635" />
    <Hotspot X="-4349.35" Y="-4424.604" Z="243.1784" />
    <Hotspot X="-4300.11" Y="-4429.901" Z="242.5152" />
    <Hotspot X="-4216.403" Y="-4438.907" Z="226.1764" />
    <Hotspot X="-4187.679" Y="-4441.998" Z="220.5697" />
    <Hotspot X="-4102.626" Y="-4399.801" Z="225.1749" />
    <Hotspot X="-4027.255" Y="-4362.408" Z="226.6815" />
    <Hotspot X="-3989.131" Y="-4394.508" Z="222.6537" />
    <Hotspot X="-3951.008" Y="-4426.607" Z="219.2852" />
    <Hotspot X="-3912.884" Y="-4458.707" Z="215.9166" />
    <Hotspot X="-3874.761" Y="-4490.806" Z="211.5691" />
    <Hotspot X="-3829.013" Y="-4529.325" Z="206.2505" />
    <Hotspot X="-3780.611" Y="-4570.079" Z="200.6233" />
    <Hotspot X="-3803.853" Y="-4610.274" Z="189.1037" />
    <Hotspot X="-3827.096" Y="-4650.468" Z="176.3159" />
    <Hotspot X="-3850.339" Y="-4690.663" Z="153.2564" />
    <Hotspot X="-3873.581" Y="-4730.857" Z="130.1971" />
    <Hotspot X="-3893.077" Y="-4764.573" Z="110.8547" />
    <Hotspot X="-3935.59" Y="-4790.867" Z="112.0051" />
    <Hotspot X="-3969.775" Y="-4812.01" Z="112.9302" />
    <Hotspot X="-3958.449" Y="-4860.507" Z="114.2167" />
    <Hotspot X="-3947.124" Y="-4909.004" Z="107.8157" />
    <Hotspot X="-3943.064" Y="-4926.387" Z="102.4399" />
    <Hotspot X="-3896.571" Y="-4908.017" Z="101.4851" />
    <Hotspot X="-3850.077" Y="-4889.647" Z="100.5303" />
    <Hotspot X="-3803.584" Y="-4871.277" Z="99.57552" />
    <Hotspot X="-3760.306" Y="-4854.177" Z="98.68674" />
    <Hotspot X="-3715.374" Y="-4875.311" Z="96.39251" />
    <Hotspot X="-3638.991" Y="-4911.239" Z="85.29472" />
    <Hotspot X="-3605.664" Y="-4926.915" Z="78.4635" />
    <Hotspot X="-3575" Y="-4966.287" Z="75.36731" />
    <Hotspot X="-3544.336" Y="-5005.658" Z="72.27113" />
    <Hotspot X="-3507.54" Y="-5052.905" Z="68.55568" />
    <Hotspot X="-3503.038" Y="-5058.685" Z="68.10111" />
    <Hotspot X="-3472.769" Y="-5098.405" Z="65.63449" />
    <Hotspot X="-3446.805" Y="-5132.477" Z="63.51867" />
    <Hotspot X="-3434.853" Y="-5180.087" Z="66.21474" />
    <Hotspot X="-3424.312" Y="-5222.081" Z="45.62169" />
    <Hotspot X="-3415.256" Y="-5271.253" Z="45.32425" />
    <Hotspot X="-3406.201" Y="-5320.426" Z="45.02681" />
    <Hotspot X="-3397.146" Y="-5369.598" Z="44.72937" />
    <Hotspot X="-3388.091" Y="-5418.771" Z="44.43193" />
    <Hotspot X="-3382.136" Y="-5451.106" Z="44.23634" />
    <Hotspot X="-3397.918" Y="-5498.541" Z="45.19542" />
    <Hotspot X="-3413.699" Y="-5545.975" Z="46.1545" />
    <Hotspot X="-3422.906" Y="-5573.646" Z="46.71399" />
    <Hotspot X="-3444.329" Y="-5618.79" Z="51.1079" />
    <Hotspot X="-3458.675" Y="-5649.019" Z="49.66041" />
    <Hotspot X="-3505.553" Y="-5631.81" Z="52.17166" />
    <Hotspot X="-3552.431" Y="-5614.601" Z="54.68291" />
    <Hotspot X="-3563.489" Y="-5610.542" Z="55.2753" />
    <Hotspot X="-3553.927" Y="-5561.729" Z="59.64759" />
    <Hotspot X="-3545.213" Y="-5517.248" Z="45.5583" />
    <Hotspot X="-3537.141" Y="-5467.914" Z="47.42164" />
    <Hotspot X="-3531.155" Y="-5431.333" Z="47.28908" />
    <Hotspot X="-3525.404" Y="-5381.696" Z="45.53315" />
    <Hotspot X="-3519.653" Y="-5332.059" Z="44.53795" />
    <Hotspot X="-3517.72" Y="-5315.375" Z="43.18702" />
    <Hotspot X="-3554.5" Y="-5281.962" Z="71.13161" />
    <Hotspot X="-3591.28" Y="-5248.548" Z="70.47845" />
    <Hotspot X="-3628.06" Y="-5215.135" Z="69.82531" />
    <Hotspot X="-3664.84" Y="-5181.722" Z="69.17216" />
    <Hotspot X="-3680.173" Y="-5167.792" Z="67.69545" />
    <Hotspot X="-3723.463" Y="-5142.822" Z="69.28989" />
    <Hotspot X="-3766.752" Y="-5117.852" Z="70.88432" />
    <Hotspot X="-3771.552" Y="-5115.083" Z="71.06112" />
    <Hotspot X="-3809.515" Y="-5083.663" Z="81.03864" />
    <Hotspot X="-3846.062" Y="-5053.415" Z="87.66624" />
    <Hotspot X="-3875.646" Y="-5093.235" Z="86.74373" />
    <Hotspot X="-3905.229" Y="-5133.057" Z="78.69572" />
    <Hotspot X="-3931.035" Y="-5167.792" Z="69.71138" />
    <Hotspot X="-3977.357" Y="-5149.125" Z="75.81627" />
    <Hotspot X="-4023.679" Y="-5130.458" Z="98.41827" />
    <Hotspot X="-4070.001" Y="-5111.791" Z="119.5165" />
    <Hotspot X="-4116.323" Y="-5093.124" Z="87.47517" />
    <Hotspot X="-4127.228" Y="-5088.729" Z="79.93193" />
    <Hotspot X="-4187.44" Y="-5064.754" Z="84.90638" />
    <Hotspot X="-4233.756" Y="-5046.312" Z="88.73288" />
    <Hotspot X="-4280.073" Y="-5027.87" Z="92.55939" />
    <Hotspot X="-4308.581" Y="-5016.519" Z="94.91454" />
    <Hotspot X="-4301.012" Y="-5065.942" Z="95.06322" />
    <Hotspot X="-4293.443" Y="-5115.366" Z="95.2119" />
    <Hotspot X="-4285.874" Y="-5164.789" Z="95.36057" />
    <Hotspot X="-4278.305" Y="-5214.213" Z="95.50925" />
    <Hotspot X="-4272.897" Y="-5249.526" Z="95.61548" />
    <Hotspot X="-4239.158" Y="-5285.998" Z="90.00132" />
    <Hotspot X="-4202.045" Y="-5326.116" Z="83.82575" />
    <Hotspot X="-4168.307" Y="-5362.588" Z="78.21159" />
    <Hotspot X="-4131.194" Y="-5402.707" Z="72.03603" />
    <Hotspot X="-4070.464" Y="-5468.355" Z="61.93056" />
    <Hotspot X="-4070.127" Y="-5468.72" Z="61.87444" />
    <Hotspot X="-4016.381" Y="-5458.371" Z="88.13625" />
    <Hotspot X="-3967.521" Y="-5448.963" Z="87.87509" />
    <Hotspot X="-3918.662" Y="-5439.556" Z="82.96935" />
    <Hotspot X="-3889.642" Y="-5433.968" Z="80.05565" />
    <Hotspot X="-3893.095" Y="-5481.345" Z="98.73731" />
    <Hotspot X="-3896.547" Y="-5528.721" Z="111.7226" />
    <Hotspot X="-3896.672" Y="-5530.425" Z="111.829" />
    <Hotspot X="-3860.362" Y="-5563.154" Z="102.1707" />
    <Hotspot X="-3798.634" Y="-5618.793" Z="85.70477" />
    <Hotspot X="-3762.324" Y="-5651.522" Z="76.0189" />
    <Hotspot X="-3726.014" Y="-5684.251" Z="66.33299" />
    <Hotspot X="-3689.704" Y="-5716.979" Z="56.64719" />
    <Hotspot X="-3670.956" Y="-5733.879" Z="46.51571" />
    <Hotspot X="-3621.316" Y="-5739.481" Z="48.64433" />
    <Hotspot X="-3571.677" Y="-5745.083" Z="50.77295" />
    <Hotspot X="-3522.037" Y="-5750.686" Z="52.90158" />
    <Hotspot X="-3502.5" Y="-5752.89" Z="53.73933" />
    <Hotspot X="-3537.115" Y="-5801.814" Z="50.86253" />
    <Hotspot X="-3568.845" Y="-5846.661" Z="51.59557" />
    <Hotspot X="-3573.33" Y="-5853" Z="47.85273" />
    <Hotspot X="-3623.024" Y="-5847.492" Z="48.2297" />
    <Hotspot X="-3672.718" Y="-5841.983" Z="48.60667" />
    <Hotspot X="-3722.413" Y="-5836.475" Z="48.98363" />
    <Hotspot X="-3772.107" Y="-5830.966" Z="49.3606" />
    <Hotspot X="-3777.799" Y="-5830.335" Z="49.40379" />
    <Hotspot X="-3820.09" Y="-5856.843" Z="46.43254" />
    <Hotspot X="-3862.381" Y="-5883.351" Z="43.4613" />
    <Hotspot X="-3889.642" Y="-5900.438" Z="41.546" />
    <Hotspot X="-3936.332" Y="-5918.327" Z="41.52052" />
    <Hotspot X="-3983.021" Y="-5936.217" Z="41.13519" />
    <Hotspot X="-4017.573" Y="-5949.456" Z="40.85004" />
    <Hotspot X="-3986.089" Y="-5988.213" Z="43.42334" />
    <Hotspot X="-3954.605" Y="-6026.971" Z="45.99666" />
    <Hotspot X="-3923.121" Y="-6065.728" Z="48.56995" />
    <Hotspot X="-3891.636" Y="-6104.485" Z="51.14325" />
    <Hotspot X="-3860.152" Y="-6143.242" Z="53.71655" />
    <Hotspot X="-3848.873" Y="-6157.127" Z="54.63844" />
    <Hotspot X="-3807.048" Y="-6129.855" Z="54.24625" />
    <Hotspot X="-3784.205" Y="-6114.96" Z="50.58683" />
    <Hotspot X="-3742.442" Y="-6087.839" Z="46.0804" />
    <Hotspot X="-3705.478" Y="-6063.833" Z="42.09174" />
    <Hotspot X="-3685.582" Y="-6018.142" Z="46.14378" />
    <Hotspot X="-3665.685" Y="-5972.45" Z="50.19585" />
    <Hotspot X="-3649.245" Y="-5934.698" Z="53.54385" />
    <Hotspot X="-3601.044" Y="-5940.057" Z="65.70763" />
    <Hotspot X="-3540.213" Y="-5946.82" Z="81.05867" />
    <Hotspot X="-3493.761" Y="-5965.261" Z="79.57668" />
    <Hotspot X="-3444.616" Y="-5984.771" Z="78.00874" />
    <Hotspot X="-3426.091" Y="-6036.557" Z="86.79506" />
    <Hotspot X="-3418.688" Y="-6057.252" Z="77.92743" />
    <Hotspot X="-3409.633" Y="-6008.122" Z="86.43797" />
    <Hotspot X="-3398.767" Y="-5949.166" Z="84.52539" />
    <Hotspot X="-3393.638" Y="-5921.336" Z="83.6226" />
    <Hotspot X="-3393.466" Y="-5871.583" Z="88.5735" />
    <Hotspot X="-3393.383" Y="-5847.729" Z="90.9471" />
    <Hotspot X="-3350.968" Y="-5821.851" Z="96.54012" />
    <Hotspot X="-3319.204" Y="-5802.472" Z="100.7286" />
    <Hotspot X="-3272.612" Y="-5777.63" Z="148.0054" />
    <Hotspot X="-3229.603" Y="-5754.7" Z="174.6899" />
    <Hotspot X="-3228.118" Y="-5753.908" Z="174.8367" />
    <Hotspot X="-3203.22" Y="-5711.728" Z="164.7911" />
    <Hotspot X="-3190.161" Y="-5689.604" Z="159.5221" />
  </Hotspots>
</HBProfile>
