<HBProfile>
<!-- Created by HighVoltz using RoutesBuddy -->
  <Name></Name>
  <MinDurability>0.4</MinDurability>
  <MinFreeBagSlots>1</MinFreeBagSlots>
  
  <MinLevel>1</MinLevel>
  <MaxLevel>86</MaxLevel>
  <Factions>99999</Factions>
  
  <MailGrey>False</MailGrey>
  <MailWhite>True</MailWhite>
  <MailGreen>True</MailGreen>
  <MailBlue>True</MailBlue>
  <MailPurple>True</MailPurple>
 
  <SellGrey>True</SellGrey>
  <SellWhite>True</SellWhite>
  <SellGreen>False</SellGreen>
  <SellBlue>False</SellBlue>
  <SellPurple>False</SellPurple>

	<Vendors>
		<Vendor Name="Jalin Lakedeep" Entry="43380" Type="Repair" X="5180.91" Y="-1716.01" Z="1339.965" />
	</Vendors>
	
	<Mailboxes>
		<MailBox X="5135.588" Y="-1723.012" Z="1337.011" />
	</Mailboxes>
	<Blackspots>
		<Blackspot X="5234.711" Y="-2369.2" Z="1432.852" Radius="5" />
	</Blackspots>
	<Hotspots>
		<Hotspot X="4743.968" Y="-4733.434" Z="913.9539" />
		<Hotspot X="4769.776" Y="-4691.155" Z="908.496" />
		<Hotspot X="4795.584" Y="-4648.876" Z="900.5972" />
		<Hotspot X="4796.063" Y="-4648.092" Z="900.1965" />
		<Hotspot X="4813.465" Y="-4601.698" Z="906.8881" />
		<Hotspot X="4836.088" Y="-4541.386" Z="916.0986" />
		<Hotspot X="4836.833" Y="-4539.399" Z="915.8738" />
		<Hotspot X="4807.488" Y="-4499.018" Z="968.0667" />
		<Hotspot X="4763.47" Y="-4438.446" Z="941.4896" />
		<Hotspot X="4737.173" Y="-4402.258" Z="925.6116" />
		<Hotspot X="4754.453" Y="-4334.436" Z="924.3681" />
		<Hotspot X="4766.796" Y="-4285.992" Z="923.8515" />
		<Hotspot X="4773.413" Y="-4260.023" Z="923.0038" />
		<Hotspot X="4728.021" Y="-4280.715" Z="928.7406" />
		<Hotspot X="4682.628" Y="-4301.408" Z="930.9676" />
		<Hotspot X="4673.753" Y="-4305.453" Z="930.3976" />
		<Hotspot X="4633.377" Y="-4275.975" Z="930.0408" />
		<Hotspot X="4593.001" Y="-4246.498" Z="928.65" />
		<Hotspot X="4587.683" Y="-4242.615" Z="928.4668" />
		<Hotspot X="4561.301" Y="-4296.309" Z="933.0376" />
		<Hotspot X="4555.973" Y="-4307.152" Z="933.9606" />
		<Hotspot X="4526.375" Y="-4266.926" Z="936.3626" />
		<Hotspot X="4501.613" Y="-4233.274" Z="938.3721" />
		<Hotspot X="4456.774" Y="-4293.312" Z="938.0316" />
		<Hotspot X="4426.881" Y="-4333.337" Z="933.4938" />
		<Hotspot X="4422.338" Y="-4339.42" Z="932.8041" />
		<Hotspot X="4399.667" Y="-4295.301" Z="939.0923" />
		<Hotspot X="4376.995" Y="-4251.183" Z="945.3804" />
		<Hotspot X="4374.773" Y="-4246.861" Z="945.9964" />
		<Hotspot X="4387.285" Y="-4199.797" Z="957.3602" />
		<Hotspot X="4399.796" Y="-4152.733" Z="971.9058" />
		<Hotspot X="4408.748" Y="-4119.061" Z="976.7725" />
		<Hotspot X="4406.202" Y="-4069.896" Z="985.5108" />
		<Hotspot X="4404.218" Y="-4031.597" Z="992.3179" />
		<Hotspot X="4452.626" Y="-4040.671" Z="983.6968" />
		<Hotspot X="4501.034" Y="-4049.746" Z="975.0758" />
		<Hotspot X="4549.442" Y="-4058.82" Z="966.4547" />
		<Hotspot X="4551.443" Y="-4059.195" Z="966.0983" />
		<Hotspot X="4580.615" Y="-4012.653" Z="1016.898" />
		<Hotspot X="4607.135" Y="-3970.342" Z="1030.529" />
		<Hotspot X="4644.263" Y="-3911.107" Z="986.6537" />
		<Hotspot X="4653.368" Y="-3896.58" Z="975.8932" />
		<Hotspot X="4697.158" Y="-3856.49" Z="986.9174" />
		<Hotspot X="4733.65" Y="-3823.082" Z="1032.687" />
		<Hotspot X="4769.557" Y="-3790.21" Z="998.9103" />
		<Hotspot X="4720.92" Y="-3790.707" Z="991.5407" />
		<Hotspot X="4672.284" Y="-3791.205" Z="976.3073" />
		<Hotspot X="4664.693" Y="-3791.283" Z="973.9297" />
		<Hotspot X="4641.102" Y="-3747.698" Z="980.5469" />
		<Hotspot X="4617.509" Y="-3704.113" Z="987.1641" />
		<Hotspot X="4609.875" Y="-3690.008" Z="989.3056" />
		<Hotspot X="4657.513" Y="-3676.011" Z="995.1903" />
		<Hotspot X="4705.152" Y="-3662.014" Z="1001.075" />
		<Hotspot X="4724.716" Y="-3656.265" Z="1003.492" />
		<Hotspot X="4686.023" Y="-3624.802" Z="1007.085" />
		<Hotspot X="4647.331" Y="-3593.338" Z="1010.678" />
		<Hotspot X="4644.308" Y="-3590.88" Z="1010.959" />
		<Hotspot X="4591.202" Y="-3576.997" Z="1014.423" />
		<Hotspot X="4542.923" Y="-3564.377" Z="1017.572" />
		<Hotspot X="4520.866" Y="-3558.611" Z="1019.011" />
		<Hotspot X="4503.396" Y="-3515.042" Z="1037.479" />
		<Hotspot X="4494.818" Y="-3493.65" Z="1044.685" />
		<Hotspot X="4537.818" Y="-3468.573" Z="1039.982" />
		<Hotspot X="4566.166" Y="-3452.041" Z="1036.882" />
		<Hotspot X="4614.094" Y="-3426.398" Z="1045.267" />
		<Hotspot X="4657.666" Y="-3403.086" Z="1052.889" />
		<Hotspot X="4674.886" Y="-3393.873" Z="1055.901" />
		<Hotspot X="4629.395" Y="-3374.095" Z="1061.483" />
		<Hotspot X="4579.354" Y="-3352.339" Z="1047.935" />
		<Hotspot X="4540.118" Y="-3335.28" Z="1037.313" />
		<Hotspot X="4559.693" Y="-3283.909" Z="1039.478" />
		<Hotspot X="4567.298" Y="-3263.95" Z="1039.645" />
		<Hotspot X="4639.938" Y="-3265.141" Z="1077.626" />
		<Hotspot X="4688.366" Y="-3265.934" Z="1073.58" />
		<Hotspot X="4696.873" Y="-3266.073" Z="1072.87" />
		<Hotspot X="4708.764" Y="-3218.422" Z="1082.247" />
		<Hotspot X="4723.032" Y="-3161.24" Z="1093.5" />
		<Hotspot X="4734.908" Y="-3113.648" Z="1102.866" />
		<Hotspot X="4729.879" Y="-3064.247" Z="1108.72" />
		<Hotspot X="4724.85" Y="-3014.846" Z="1114.574" />
		<Hotspot X="4723.583" Y="-3002.407" Z="1116.049" />
		<Hotspot X="4724.495" Y="-2953.711" Z="1134.255" />
		<Hotspot X="4725.862" Y="-2880.667" Z="1268.514" />
		<Hotspot X="4726.773" Y="-2831.972" Z="1283.394" />
		<Hotspot X="4727.867" Y="-2773.537" Z="1301.249" />
		<Hotspot X="4730.055" Y="-2656.667" Z="1213.348" />
		<Hotspot X="4730.378" Y="-2639.388" Z="1200.353" />
		<Hotspot X="4683.542" Y="-2628.332" Z="1186.784" />
		<Hotspot X="4636.705" Y="-2617.276" Z="1173.215" />
		<Hotspot X="4608.068" Y="-2610.517" Z="1164.918" />
		<Hotspot X="4577.626" Y="-2570.852" Z="1165.026" />
		<Hotspot X="4547.184" Y="-2531.187" Z="1165.134" />
		<Hotspot X="4538.986" Y="-2520.505" Z="1165.163" />
		<Hotspot X="4588.079" Y="-2511.893" Z="1169.127" />
		<Hotspot X="4637.172" Y="-2503.282" Z="1173.092" />
		<Hotspot X="4662.428" Y="-2498.851" Z="1175.131" />
		<Hotspot X="4711.284" Y="-2492.972" Z="1183.994" />
		<Hotspot X="4754.161" Y="-2487.812" Z="1191.773" />
		<Hotspot X="4778.008" Y="-2456.354" Z="1222.461" />
		<Hotspot X="4804.24" Y="-2421.751" Z="1267.422" />
		<Hotspot X="4840.011" Y="-2374.565" Z="1328.732" />
		<Hotspot X="4863.858" Y="-2343.108" Z="1349.843" />
		<Hotspot X="4876.471" Y="-2326.47" Z="1349.167" />
		<Hotspot X="4927.953" Y="-2443.708" Z="1470.681" />
		<Hotspot X="4937.625" Y="-2465.734" Z="1472.787" />
		<Hotspot X="4932.006" Y="-2515.13" Z="1467.74" />
		<Hotspot X="4927.433" Y="-2555.321" Z="1463.114" />
		<Hotspot X="4951.772" Y="-2598.772" Z="1458.688" />
		<Hotspot X="4974.998" Y="-2640.238" Z="1454.465" />
		<Hotspot X="4980.545" Y="-2689.825" Z="1458.759" />
		<Hotspot X="4986.091" Y="-2739.413" Z="1462.361" />
		<Hotspot X="4989.721" Y="-2771.858" Z="1462.971" />
		<Hotspot X="5023.452" Y="-2801.911" Z="1492.967" />
		<Hotspot X="5104.408" Y="-2874.037" Z="1647.557" />
		<Hotspot X="5141.513" Y="-2907.095" Z="1623.411" />
		<Hotspot X="5175.244" Y="-2937.147" Z="1601.461" />
		<Hotspot X="5191.306" Y="-2951.457" Z="1591.01" />
		<Hotspot X="5212.354" Y="-2901.358" Z="1587.022" />
		<Hotspot X="5231.488" Y="-2855.814" Z="1577.891" />
		<Hotspot X="5240.003" Y="-2835.546" Z="1571.363" />
		<Hotspot X="5247.283" Y="-2787.863" Z="1559.74" />
		<Hotspot X="5255.291" Y="-2735.411" Z="1544.228" />
		<Hotspot X="5259.255" Y="-2709.445" Z="1536.548" />
		<Hotspot X="5267.562" Y="-2653.956" Z="1515.288" />
		<Hotspot X="5271.713" Y="-2626.226" Z="1504.664" />
		<Hotspot X="5321.488" Y="-2621.499" Z="1504.865" />
		<Hotspot X="5356.65" Y="-2618.159" Z="1505.006" />
		<Hotspot X="5377.244" Y="-2661.866" Z="1517.874" />
		<Hotspot X="5401.957" Y="-2714.315" Z="1546.523" />
		<Hotspot X="5422.55" Y="-2758.022" Z="1546.748" />
		<Hotspot X="5423.468" Y="-2759.97" Z="1546.758" />
		<Hotspot X="5464.588" Y="-2788.355" Z="1547.885" />
		<Hotspot X="5494.815" Y="-2809.222" Z="1543.542" />
		<Hotspot X="5455.999" Y="-2839.985" Z="1550.389" />
		<Hotspot X="5417.182" Y="-2870.748" Z="1557.237" />
		<Hotspot X="5405.348" Y="-2880.127" Z="1559.324" />
		<Hotspot X="5388.491" Y="-2936.538" Z="1571.612" />
		<Hotspot X="5374.771" Y="-2982.452" Z="1580.295" />
		<Hotspot X="5419.456" Y="-3003.802" Z="1587.178" />
		<Hotspot X="5464.142" Y="-3025.151" Z="1594.062" />
		<Hotspot X="5508.827" Y="-3046.501" Z="1600.946" />
		<Hotspot X="5557.981" Y="-3069.986" Z="1608.518" />
		<Hotspot X="5560.5" Y="-3071.189" Z="1608.906" />
		<Hotspot X="5572.559" Y="-3023.899" Z="1598.034" />
		<Hotspot X="5584.618" Y="-2976.609" Z="1587.161" />
		<Hotspot X="5596.677" Y="-2929.318" Z="1576.289" />
		<Hotspot X="5608.736" Y="-2882.028" Z="1565.417" />
		<Hotspot X="5620.794" Y="-2834.738" Z="1554.545" />
		<Hotspot X="5631.848" Y="-2791.389" Z="1544.579" />
		<Hotspot X="5627.15" Y="-2737.023" Z="1537.703" />
		<Hotspot X="5621.656" Y="-2673.45" Z="1529.663" />
		<Hotspot X="5618.331" Y="-2623.562" Z="1532.83" />
		<Hotspot X="5615.005" Y="-2573.675" Z="1543.185" />
		<Hotspot X="5610.683" Y="-2508.821" Z="1536.911" />
		<Hotspot X="5607.357" Y="-2458.933" Z="1532.085" />
		<Hotspot X="5606.933" Y="-2452.572" Z="1531.47" />
		<Hotspot X="5558.282" Y="-2448.222" Z="1520.787" />
		<Hotspot X="5509.63" Y="-2443.873" Z="1510.104" />
		<Hotspot X="5460.979" Y="-2439.523" Z="1499.421" />
		<Hotspot X="5459.708" Y="-2439.409" Z="1499.142" />
		<Hotspot X="5480.503" Y="-2394.093" Z="1502.884" />
		<Hotspot X="5501.299" Y="-2348.777" Z="1506.626" />
		<Hotspot X="5514.068" Y="-2320.951" Z="1508.924" />
		<Hotspot X="5465.054" Y="-2321.525" Z="1518.788" />
		<Hotspot X="5416.04" Y="-2322.099" Z="1528.652" />
		<Hotspot X="5405.348" Y="-2322.225" Z="1530.804" />
		<Hotspot X="5277.075" Y="-2352.577" Z="1470.39" />
		<Hotspot X="5265.388" Y="-2355.342" Z="1464.885" />
		<Hotspot X="5218.286" Y="-2371.759" Z="1461.447" />
		<Hotspot X="5171.183" Y="-2388.176" Z="1458.008" />
		<Hotspot X="5146.006" Y="-2396.951" Z="1456.17" />
		<Hotspot X="5130.44" Y="-2373.864" Z="1450.218" />
		<Hotspot X="5114.874" Y="-2350.777" Z="1446.867" />
		<Hotspot X="5099.308" Y="-2327.689" Z="1443.516" />
		<Hotspot X="5083.742" Y="-2304.602" Z="1440.166" />
		<Hotspot X="5068.176" Y="-2281.515" Z="1436.815" />
		<Hotspot X="5052.61" Y="-2258.427" Z="1433.464" />
		<Hotspot X="5034.57" Y="-2231.67" Z="1158.864" />
		<Hotspot X="5040.309" Y="-2196.537" Z="1213.249" />
		<Hotspot X="5044.724" Y="-2169.512" Z="1417.074" />
		<Hotspot X="5049.139" Y="-2142.486" Z="1412.596" />
		<Hotspot X="5053.553" Y="-2115.461" Z="1407.131" />
		<Hotspot X="5057.968" Y="-2088.435" Z="1401.667" />
		<Hotspot X="5059.936" Y="-2076.391" Z="1399.231" />
		<Hotspot X="5023.329" Y="-2042.863" Z="1405.214" />
		<Hotspot X="4986.721" Y="-2009.335" Z="1411.197" />
		<Hotspot X="4975.564" Y="-1999.117" Z="1413.02" />
		<Hotspot X="5023.137" Y="-2013.596" Z="1407.806" />
		<Hotspot X="5089.739" Y="-2033.866" Z="1417.641" />
		<Hotspot X="5129.018" Y="-2045.821" Z="1396.2" />
		<Hotspot X="5154.211" Y="-2072.299" Z="1362.079" />
		<Hotspot X="5179.405" Y="-2098.776" Z="1327.959" />
		<Hotspot X="5198.101" Y="-2118.425" Z="1302.639" />
		<Hotspot X="5232.948" Y="-2153.549" Z="1295.433" />
		<Hotspot X="5267.183" Y="-2188.056" Z="1288.353" />
		<Hotspot X="5291.024" Y="-2145.227" Z="1298.215" />
		<Hotspot X="5314.866" Y="-2102.398" Z="1308.078" />
		<Hotspot X="5338.707" Y="-2059.569" Z="1317.94" />
		<Hotspot X="5348.723" Y="-2041.575" Z="1322.083" />
		<Hotspot X="5293.082" Y="-2007.974" Z="1324.81" />
		<Hotspot X="5264.352" Y="-1990.625" Z="1321.947" />
		<Hotspot X="5224.176" Y="-1977.26" Z="1394.785" />
		<Hotspot X="5190.697" Y="-1966.122" Z="1404.975" />
		<Hotspot X="5183.944" Y="-1963.876" Z="1407.031" />
		<Hotspot X="5223.921" Y="-1935.463" Z="1397.307" />
		<Hotspot X="5263.897" Y="-1907.049" Z="1387.584" />
		<Hotspot X="5292.665" Y="-1886.602" Z="1380.587" />
		<Hotspot X="5296.34" Y="-1791.83" Z="1477.805" />
		<Hotspot X="5298.275" Y="-1741.95" Z="1480.844" />
		<Hotspot X="5300.21" Y="-1692.069" Z="1483.882" />
		<Hotspot X="5303.306" Y="-1612.261" Z="1488.743" />
		<Hotspot X="5305.434" Y="-1557.393" Z="1418.14" />
		<Hotspot X="5305.971" Y="-1543.539" Z="1400.313" />
		<Hotspot X="5260.537" Y="-1524.279" Z="1394.247" />
		<Hotspot X="5215.102" Y="-1505.02" Z="1385.801" />
		<Hotspot X="5199.799" Y="-1498.533" Z="1381.505" />
		<Hotspot X="5182.009" Y="-1451.845" Z="1383.433" />
		<Hotspot X="5168.089" Y="-1415.315" Z="1384.941" />
		<Hotspot X="5140.801" Y="-1456.99" Z="1380.646" />
		<Hotspot X="5113.512" Y="-1498.667" Z="1376.81" />
		<Hotspot X="5080.766" Y="-1548.678" Z="1372.206" />
		<Hotspot X="5075.791" Y="-1556.276" Z="1370.413" />
		<Hotspot X="5051.731" Y="-1512.6" Z="1367.846" />
		<Hotspot X="5027.672" Y="-1468.923" Z="1363.076" />
		<Hotspot X="5027.376" Y="-1468.387" Z="1363.017" />
		<Hotspot X="4980.907" Y="-1486.697" Z="1365.337" />
		<Hotspot X="4934.438" Y="-1505.007" Z="1367.656" />
		<Hotspot X="4887.969" Y="-1523.317" Z="1369.975" />
		<Hotspot X="4882.982" Y="-1525.282" Z="1370.224" />
		<Hotspot X="4884.314" Y="-1574.596" Z="1362.078" />
		<Hotspot X="4885.646" Y="-1623.909" Z="1353.932" />
		<Hotspot X="4886.663" Y="-1661.573" Z="1347.71" />
		<Hotspot X="4840.323" Y="-1632.359" Z="1342.799" />
		<Hotspot X="4798.195" Y="-1605.801" Z="1338.511" />
		<Hotspot X="4756.067" Y="-1579.243" Z="1334.223" />
		<Hotspot X="4753.311" Y="-1577.505" Z="1333.579" />
		<Hotspot X="4712.494" Y="-1613.16" Z="1324.902" />
		<Hotspot X="4675.387" Y="-1645.574" Z="1316.849" />
		<Hotspot X="4669.223" Y="-1650.958" Z="1314.289" />
		<Hotspot X="4631.86" Y="-1683.911" Z="1318.543" />
		<Hotspot X="4611.936" Y="-1701.484" Z="1320.812" />
		<Hotspot X="4567.921" Y="-1722.865" Z="1310.537" />
		<Hotspot X="4535.022" Y="-1738.847" Z="1302.857" />
		<Hotspot X="4534.721" Y="-1787.777" Z="1292.573" />
		<Hotspot X="4534.456" Y="-1830.982" Z="1283.492" />
		<Hotspot X="4508.473" Y="-1872.704" Z="1274.318" />
		<Hotspot X="4482.491" Y="-1914.427" Z="1265.145" />
		<Hotspot X="4470.469" Y="-1933.731" Z="1260.9" />
		<Hotspot X="4453.833" Y="-1979.908" Z="1251.366" />
		<Hotspot X="4438.193" Y="-2023.318" Z="1242.403" />
		<Hotspot X="4482.637" Y="-2062.158" Z="1236.289" />
		<Hotspot X="4519.673" Y="-2094.526" Z="1222.724" />
		<Hotspot X="4520.299" Y="-2095.073" Z="1222.494" />
		<Hotspot X="4570.241" Y="-2094.231" Z="1245.519" />
		<Hotspot X="4615.643" Y="-2093.466" Z="1269.178" />
		<Hotspot X="4621.092" Y="-2093.374" Z="1268.962" />
		<Hotspot X="4605.281" Y="-2156.868" Z="1222.934" />
		<Hotspot X="4595.611" Y="-2195.699" Z="1194.785" />
		<Hotspot X="4636.868" Y="-2168.434" Z="1187.404" />
		<Hotspot X="4662.428" Y="-2151.542" Z="1182.831" />
		<Hotspot X="4715.01" Y="-2099.753" Z="1243.382" />
		<Hotspot X="4729.246" Y="-2085.732" Z="1248.283" />
		<Hotspot X="4732.348" Y="-2134.87" Z="1239.574" />
		<Hotspot X="4735.45" Y="-2184.007" Z="1230.865" />
		<Hotspot X="4738.306" Y="-2229.241" Z="1222.848" />
		<Hotspot X="4729.189" Y="-2277.992" Z="1218.206" />
		<Hotspot X="4720.072" Y="-2326.743" Z="1210.614" />
		<Hotspot X="4716.788" Y="-2344.303" Z="1207.879" />
		<Hotspot X="4681.53" Y="-2377.594" Z="1195.688" />
		<Hotspot X="4655.633" Y="-2402.046" Z="1186.733" />
		<Hotspot X="4610.113" Y="-2385.691" Z="1188.214" />
		<Hotspot X="4574.093" Y="-2372.75" Z="1164.044" />
		<Hotspot X="4525.557" Y="-2384.743" Z="1164.732" />
		<Hotspot X="4477.021" Y="-2396.737" Z="1162.946" />
		<Hotspot X="4474.433" Y="-2397.376" Z="1162.727" />
		<Hotspot X="4451.04" Y="-2322.619" Z="1146.475" />
		<Hotspot X="4450.651" Y="-2321.375" Z="1146.204" />
		<Hotspot X="4403.836" Y="-2329.337" Z="1181.524" />
		<Hotspot X="4352.34" Y="-2338.094" Z="1183.07" />
		<Hotspot X="4340.798" Y="-2340.057" Z="1182.934" />
		<Hotspot X="4358.743" Y="-2385.527" Z="1178.07" />
		<Hotspot X="4373.641" Y="-2423.275" Z="1163.697" />
		<Hotspot X="4396.797" Y="-2467.536" Z="1161.51" />
		<Hotspot X="4419.953" Y="-2511.797" Z="1159.324" />
		<Hotspot X="4442.723" Y="-2555.321" Z="1157.174" />
		<Hotspot X="4394.498" Y="-2568.119" Z="1153.932" />
		<Hotspot X="4346.272" Y="-2580.917" Z="1150.691" />
		<Hotspot X="4341.931" Y="-2582.07" Z="1150.399" />
		<Hotspot X="4374.477" Y="-2638.317" Z="1152.752" />
		<Hotspot X="4388.363" Y="-2662.316" Z="1148.392" />
		<Hotspot X="4437.55" Y="-2669.868" Z="1143.533" />
		<Hotspot X="4486.737" Y="-2677.42" Z="1138.674" />
		<Hotspot X="4516.561" Y="-2682" Z="1135.728" />
		<Hotspot X="4562.608" Y="-2691.606" Z="1163.311" />
		<Hotspot X="4608.655" Y="-2701.212" Z="1172.389" />
		<Hotspot X="4621.658" Y="-2703.925" Z="1174.421" />
		<Hotspot X="4623.545" Y="-2752.364" Z="1196.647" />
		<Hotspot X="4625.433" Y="-2800.804" Z="1248.775" />
		<Hotspot X="4628.264" Y="-2873.463" Z="1198.166" />
		<Hotspot X="4630.529" Y="-2931.59" Z="1157.679" />
		<Hotspot X="4632.417" Y="-2980.029" Z="1123.939" />
		<Hotspot X="4634.116" Y="-3023.636" Z="1093.566" />
		<Hotspot X="4599.092" Y="-3072.311" Z="1057.453" />
		<Hotspot X="4574.075" Y="-3107.078" Z="1031.658" />
		<Hotspot X="4568.431" Y="-3114.922" Z="1025.839" />
		<Hotspot X="4528.125" Y="-3085.555" Z="1024.136" />
		<Hotspot X="4508.408" Y="-3071.189" Z="1020.451" />
		<Hotspot X="4430.947" Y="-3178.333" Z="1094.901" />
		<Hotspot X="4399.389" Y="-3221.983" Z="1104.123" />
		<Hotspot X="4370.699" Y="-3261.666" Z="1085.903" />
		<Hotspot X="4358.918" Y="-3277.962" Z="1073.13" />
		<Hotspot X="4316.963" Y="-3251.484" Z="1066.909" />
		<Hotspot X="4290.968" Y="-3235.079" Z="1063.055" />
		<Hotspot X="4281.663" Y="-3283.92" Z="1057.769" />
		<Hotspot X="4272.357" Y="-3332.761" Z="1052.482" />
		<Hotspot X="4269.451" Y="-3348.018" Z="1050.831" />
		<Hotspot X="4294.704" Y="-3391.172" Z="1050.681" />
		<Hotspot X="4318.148" Y="-3431.236" Z="1050.542" />
		<Hotspot X="4269.167" Y="-3421.462" Z="1051.002" />
		<Hotspot X="4220.187" Y="-3411.688" Z="1050.614" />
		<Hotspot X="4177.718" Y="-3403.214" Z="1043.912" />
		<Hotspot X="4156.332" Y="-3448.406" Z="1043.39" />
		<Hotspot X="4140.346" Y="-3482.186" Z="1043" />
		<Hotspot X="4148.781" Y="-3531.467" Z="1042.554" />
		<Hotspot X="4153.936" Y="-3561.583" Z="1042.174" />
		<Hotspot X="4179.339" Y="-3604.137" Z="1048.842" />
		<Hotspot X="4204.743" Y="-3646.691" Z="1083.502" />
		<Hotspot X="4258.09" Y="-3736.055" Z="1042.864" />
		<Hotspot X="4283.494" Y="-3778.609" Z="1023.513" />
		<Hotspot X="4311.438" Y="-3825.418" Z="1002.227" />
		<Hotspot X="4313.618" Y="-3829.071" Z="1000.566" />
		<Hotspot X="4288.062" Y="-3872.046" Z="1005.495" />
		<Hotspot X="4262.505" Y="-3915.021" Z="1009.735" />
		<Hotspot X="4236.949" Y="-3957.996" Z="1000.392" />
		<Hotspot X="4236.608" Y="-3958.569" Z="1000.142" />
		<Hotspot X="4186.784" Y="-3962.751" Z="1000.267" />
		<Hotspot X="4136.959" Y="-3966.933" Z="1000.399" />
		<Hotspot X="4087.135" Y="-3971.115" Z="1000.531" />
		<Hotspot X="4084.853" Y="-3971.306" Z="1000.522" />
		<Hotspot X="4120.799" Y="-4006.026" Z="1002.085" />
		<Hotspot X="4156.744" Y="-4040.746" Z="1005.877" />
		<Hotspot X="4203.473" Y="-4085.882" Z="1010.805" />
		<Hotspot X="4247.933" Y="-4128.827" Z="1007.617" />
		<Hotspot X="4293.714" Y="-4145.694" Z="999.4329" />
		<Hotspot X="4313.618" Y="-4153.028" Z="991.9303" />
		<Hotspot X="4293.619" Y="-4311.233" Z="950.845" />
		<Hotspot X="4290.968" Y="-4332.202" Z="943.9313" />
		<Hotspot X="4313.035" Y="-4376.827" Z="939.2702" />
		<Hotspot X="4335.102" Y="-4421.451" Z="934.6091" />
		<Hotspot X="4357.169" Y="-4466.075" Z="929.9479" />
		<Hotspot X="4365.713" Y="-4483.354" Z="928.143" />
		<Hotspot X="4411.884" Y="-4464.427" Z="931.3082" />
		<Hotspot X="4458.055" Y="-4445.5" Z="934.4733" />
		<Hotspot X="4483.042" Y="-4435.258" Z="936.1863" />
		<Hotspot X="4492.868" Y="-4483.493" Z="927.4218" />
		<Hotspot X="4502.694" Y="-4531.729" Z="918.6573" />
		<Hotspot X="4508.408" Y="-4559.779" Z="913.5605" />
		<Hotspot X="4548.467" Y="-4529.876" Z="914.638" />
		<Hotspot X="4588.525" Y="-4499.974" Z="916.8107" />
		<Hotspot X="4628.583" Y="-4470.071" Z="917.0728" />
		<Hotspot X="4635.248" Y="-4465.097" Z="916.9722" />
		<Hotspot X="4651.933" Y="-4538.204" Z="917.8897" />
		<Hotspot X="4667.505" Y="-4606.437" Z="922.8221" />
		<Hotspot X="4671.488" Y="-4623.891" Z="913.8761" />
	</Hotspots>
</HBProfile>
