<HBProfile>
<!-- Created by HighVoltz using RoutesBuddy -->
  <Name></Name>
  <MinDurability>0.4</MinDurability>
  <MinFreeBagSlots>1</MinFreeBagSlots>
  
  <MinLevel>1</MinLevel>
  <MaxLevel>86</MaxLevel>
  <Factions>99999</Factions>
  
  <MailGrey>False</MailGrey>
  <MailWhite>True</MailWhite>
  <MailGreen>True</MailGreen>
  <MailBlue>True</MailBlue>
  <MailPurple>True</MailPurple>
 
  <SellGrey>True</SellGrey>
  <SellWhite>True</SellWhite>
  <SellGreen>False</SellGreen>
  <SellBlue>False</SellBlue>
  <SellPurple>False</SellPurple>
	<Vendors>
		<Vendor Name="Jalin Lakedeep" Entry="43380" Type="Repair" X="5180.91" Y="-1716.01" Z="1339.965" />
	</Vendors>
	
	<Mailboxes>
		<MailBox X="5135.588" Y="-1723.012" Z="1337.011" />
	</Mailboxes>

  <Hotspots>
    <Hotspot X="4497.083" Y="-4571.337" Z="914.0504" />
    <Hotspot X="4492.017" Y="-4522.24" Z="922.037" />
    <Hotspot X="4486.951" Y="-4473.143" Z="930.0236" />
    <Hotspot X="4483.042" Y="-4435.258" Z="936.1863" />
    <Hotspot X="4434.95" Y="-4448.862" Z="934.7475" />
    <Hotspot X="4386.858" Y="-4462.466" Z="933.3088" />
    <Hotspot X="4338.766" Y="-4476.07" Z="931.87" />
    <Hotspot X="4338.533" Y="-4476.136" Z="931.863" />
    <Hotspot X="4335.523" Y="-4426.368" Z="935.6138" />
    <Hotspot X="4332.513" Y="-4376.6" Z="939.3646" />
    <Hotspot X="4329.502" Y="-4326.831" Z="943.1154" />
    <Hotspot X="4327.208" Y="-4288.895" Z="945.9744" />
    <Hotspot X="4294.639" Y="-4244.216" Z="1032.308" />
    <Hotspot X="4227.548" Y="-4152.179" Z="1017.282" />
    <Hotspot X="4275.381" Y="-4150.454" Z="1004.955" />
    <Hotspot X="4323.213" Y="-4148.73" Z="989.0374" />
    <Hotspot X="4345.328" Y="-4147.933" Z="981.6783" />
    <Hotspot X="4375.941" Y="-4076.272" Z="999.7773" />
    <Hotspot X="4400.814" Y="-4018.048" Z="1014.483" />
    <Hotspot X="4400.983" Y="-4017.652" Z="1014.583" />
    <Hotspot X="4359.85" Y="-3937.744" Z="1020.318" />
    <Hotspot X="4336.997" Y="-3893.35" Z="1030.527" />
    <Hotspot X="4314.145" Y="-3848.957" Z="1040.736" />
    <Hotspot X="4291.293" Y="-3804.563" Z="1050.944" />
    <Hotspot X="4268.441" Y="-3760.17" Z="1061.153" />
    <Hotspot X="4211.311" Y="-3649.186" Z="1086.675" />
    <Hotspot X="4188.458" Y="-3604.793" Z="1072.643" />
    <Hotspot X="4163.321" Y="-3555.96" Z="1057.209" />
    <Hotspot X="4142.611" Y="-3515.728" Z="1044.493" />
    <Hotspot X="4155.71" Y="-3467.476" Z="1044.104" />
    <Hotspot X="4168.81" Y="-3419.224" Z="1045.104" />
    <Hotspot X="4181.909" Y="-3370.972" Z="1046.103" />
    <Hotspot X="4187.911" Y="-3348.867" Z="1043.149" />
    <Hotspot X="4235.668" Y="-3363.442" Z="1049.813" />
    <Hotspot X="4283.425" Y="-3378.018" Z="1050.44" />
    <Hotspot X="4306.161" Y="-3384.957" Z="1049.599" />
    <Hotspot X="4330.024" Y="-3336.56" Z="1081.432" />
    <Hotspot X="4353.888" Y="-3288.163" Z="1074.575" />
    <Hotspot X="4358.918" Y="-3277.962" Z="1073.13" />
    <Hotspot X="4320.138" Y="-3246.865" Z="1067.734" />
    <Hotspot X="4286.908" Y="-3220.218" Z="1063.111" />
    <Hotspot X="4330.079" Y="-3196.132" Z="1081.359" />
    <Hotspot X="4403.468" Y="-3155.185" Z="1077.355" />
    <Hotspot X="4498.442" Y="-3102.195" Z="1031.559" />
    <Hotspot X="4515.203" Y="-3092.843" Z="1023.477" />
    <Hotspot X="4559.901" Y="-3078.117" Z="1040.367" />
    <Hotspot X="4618.008" Y="-3058.973" Z="1063.07" />
    <Hotspot X="4627.321" Y="-3055.905" Z="1065.843" />
    <Hotspot X="4650.908" Y="-3016.621" Z="1097.416" />
    <Hotspot X="4674.496" Y="-2977.337" Z="1109.7" />
    <Hotspot X="4686.21" Y="-2957.826" Z="1115.801" />
    <Hotspot X="4583.069" Y="-2781.453" Z="1215.255" />
    <Hotspot X="4550.366" Y="-2725.53" Z="1192.966" />
    <Hotspot X="4528.793" Y="-2688.64" Z="1141.313" />
    <Hotspot X="4479.709" Y="-2679.439" Z="1143.787" />
    <Hotspot X="4430.625" Y="-2670.238" Z="1146.262" />
    <Hotspot X="4388.363" Y="-2662.316" Z="1148.392" />
    <Hotspot X="4393.417" Y="-2612.579" Z="1149.972" />
    <Hotspot X="4397.423" Y="-2573.153" Z="1149.865" />
    <Hotspot X="4391.678" Y="-2523.748" Z="1154.974" />
    <Hotspot X="4385.933" Y="-2474.343" Z="1160.083" />
    <Hotspot X="4380.188" Y="-2424.937" Z="1165.192" />
    <Hotspot X="4379.303" Y="-2417.331" Z="1165.978" />
    <Hotspot X="4351.625" Y="-2377.076" Z="1178.392" />
    <Hotspot X="4318.41" Y="-2328.77" Z="1189.63" />
    <Hotspot X="4313.618" Y="-2321.8" Z="1191.252" />
    <Hotspot X="4363.178" Y="-2317.951" Z="1185.866" />
    <Hotspot X="4412.738" Y="-2314.102" Z="1181.364" />
    <Hotspot X="4423.255" Y="-2313.285" Z="1179.338" />
    <Hotspot X="4449.568" Y="-2355.661" Z="1175.881" />
    <Hotspot X="4475.88" Y="-2398.037" Z="1172.424" />
    <Hotspot X="4502.193" Y="-2440.412" Z="1168.967" />
    <Hotspot X="4528.505" Y="-2482.788" Z="1165.51" />
    <Hotspot X="4540.588" Y="-2502.248" Z="1163.923" />
    <Hotspot X="4551.044" Y="-2504.309" Z="1158.939" />
    <Hotspot X="4561.501" Y="-2506.37" Z="1158.141" />
    <Hotspot X="4571.957" Y="-2508.431" Z="1157.343" />
    <Hotspot X="4582.413" Y="-2510.493" Z="1156.544" />
    <Hotspot X="4592.869" Y="-2512.554" Z="1155.746" />
    <Hotspot X="4603.326" Y="-2514.615" Z="1154.948" />
    <Hotspot X="4613.782" Y="-2516.676" Z="1154.15" />
    <Hotspot X="4624.238" Y="-2518.737" Z="1153.352" />
    <Hotspot X="4634.694" Y="-2520.799" Z="805.0162" />
    <Hotspot X="4637.513" Y="-2521.354" Z="711.0931" />
    <Hotspot X="4646.586" Y="-2532.886" Z="1170.464" />
    <Hotspot X="4655.658" Y="-2544.417" Z="1173.7" />
    <Hotspot X="4664.731" Y="-2555.948" Z="1176.936" />
    <Hotspot X="4673.803" Y="-2567.48" Z="1180.172" />
    <Hotspot X="4682.876" Y="-2579.011" Z="1183.409" />
    <Hotspot X="4691.948" Y="-2590.543" Z="1186.645" />
    <Hotspot X="4701.021" Y="-2602.074" Z="1189.881" />
    <Hotspot X="4714.629" Y="-2619.372" Z="1194.735" />
    <Hotspot X="4723.702" Y="-2630.903" Z="1197.971" />
    <Hotspot X="4730.378" Y="-2639.388" Z="1200.353" />
    <Hotspot X="4731.452" Y="-2589.617" Z="1195.697" />
    <Hotspot X="4732.525" Y="-2539.846" Z="1191.041" />
    <Hotspot X="4733.599" Y="-2490.075" Z="1186.385" />
    <Hotspot X="4733.776" Y="-2481.868" Z="1185.617" />
    <Hotspot X="4698.911" Y="-2446.032" Z="1185.837" />
    <Hotspot X="4664.046" Y="-2410.197" Z="1185.364" />
    <Hotspot X="4632.983" Y="-2378.27" Z="1184.177" />
    <Hotspot X="4677.624" Y="-2360.821" Z="1198.418" />
    <Hotspot X="4722.264" Y="-2343.373" Z="1212.66" />
    <Hotspot X="4739.438" Y="-2336.66" Z="1218.14" />
    <Hotspot X="4742.16" Y="-2287.22" Z="1225.083" />
    <Hotspot X="4744.882" Y="-2237.779" Z="1232.026" />
    <Hotspot X="4747.605" Y="-2188.338" Z="1238.97" />
    <Hotspot X="4749.631" Y="-2151.542" Z="1244.138" />
    <Hotspot X="4708.497" Y="-2141.57" Z="1234.966" />
    <Hotspot X="4667.364" Y="-2131.598" Z="1194.771" />
    <Hotspot X="4655.633" Y="-2128.754" Z="1183.308" />
    <Hotspot X="4616.83" Y="-2166.977" Z="1190.943" />
    <Hotspot X="4593.12" Y="-2190.332" Z="1195.608" />
    <Hotspot X="4566.016" Y="-2149.57" Z="1205.796" />
    <Hotspot X="4538.911" Y="-2108.808" Z="1219.821" />
    <Hotspot X="4511.806" Y="-2068.046" Z="1228.492" />
    <Hotspot X="4484.702" Y="-2027.284" Z="1237.164" />
    <Hotspot X="4477.265" Y="-2016.1" Z="1239.156" />
    <Hotspot X="4467.757" Y="-1969.254" Z="1253.82" />
    <Hotspot X="4458.25" Y="-1922.408" Z="1268.484" />
    <Hotspot X="4457.446" Y="-1918.446" Z="1269.724" />
    <Hotspot X="4490.035" Y="-1880.852" Z="1274.685" />
    <Hotspot X="4522.625" Y="-1843.258" Z="1279.645" />
    <Hotspot X="4531.058" Y="-1833.529" Z="1280.929" />
    <Hotspot X="4526.717" Y="-1785.172" Z="1292.877" />
    <Hotspot X="4523.131" Y="-1745.216" Z="1302.75" />
    <Hotspot X="4602.849" Y="-1696.72" Z="1324.83" />
    <Hotspot X="4613.165" Y="-1690.445" Z="1322.895" />
    <Hotspot X="4649.255" Y="-1656.052" Z="1326.716" />
    <Hotspot X="4685.345" Y="-1621.659" Z="1330.537" />
    <Hotspot X="4721.436" Y="-1587.266" Z="1334.359" />
    <Hotspot X="4728.113" Y="-1580.902" Z="1335.066" />
    <Hotspot X="4785.287" Y="-1566.077" Z="1345.618" />
    <Hotspot X="4826.357" Y="-1555.427" Z="1353.199" />
    <Hotspot X="4872.639" Y="-1483.695" Z="1383.363" />
    <Hotspot X="4877.037" Y="-1476.879" Z="1384.414" />
    <Hotspot X="4880.331" Y="-1526.166" Z="1376.672" />
    <Hotspot X="4883.625" Y="-1575.453" Z="1368.931" />
    <Hotspot X="4886.918" Y="-1624.741" Z="1361.19" />
    <Hotspot X="4890.061" Y="-1671.763" Z="1353.805" />
    <Hotspot X="4950.228" Y="-1636.585" Z="1360.967" />
    <Hotspot X="4993.204" Y="-1611.458" Z="1365.434" />
    <Hotspot X="5036.18" Y="-1586.331" Z="1369.901" />
    <Hotspot X="5079.156" Y="-1561.204" Z="1374.368" />
    <Hotspot X="5097.025" Y="-1550.757" Z="1376.226" />
    <Hotspot X="5154.997" Y="-1512.321" Z="1391.275" />
    <Hotspot X="5177.715" Y="-1497.259" Z="1387.181" />
    <Hotspot X="5179.168" Y="-1447.287" Z="1388.018" />
    <Hotspot X="5180.621" Y="-1397.315" Z="1388.856" />
    <Hotspot X="5182.074" Y="-1347.344" Z="1389.694" />
    <Hotspot X="5182.246" Y="-1341.437" Z="1389.793" />
    <Hotspot X="5213.565" Y="-1380.343" Z="1395.466" />
    <Hotspot X="5244.885" Y="-1419.25" Z="1396.51" />
    <Hotspot X="5276.205" Y="-1458.156" Z="1397.553" />
    <Hotspot X="5296.062" Y="-1482.823" Z="1398.215" />
    <Hotspot X="5295.878" Y="-1532.658" Z="1399.029" />
    <Hotspot X="5295.602" Y="-1607.409" Z="1484.026" />
    <Hotspot X="5295.417" Y="-1657.243" Z="1477.551" />
    <Hotspot X="5295.233" Y="-1707.078" Z="1471.075" />
    <Hotspot X="5295.049" Y="-1756.912" Z="1464.599" />
    <Hotspot X="5294.7" Y="-1851.597" Z="1411.645" />
    <Hotspot X="5294.516" Y="-1901.431" Z="1383.773" />
    <Hotspot X="5294.363" Y="-1942.647" Z="1360.723" />
    <Hotspot X="5323.286" Y="-1981.556" Z="1348.492" />
    <Hotspot X="5352.121" Y="-2020.346" Z="1336.299" />
    <Hotspot X="5273.127" Y="-2014.687" Z="1367.169" />
    <Hotspot X="5204.411" Y="-2009.764" Z="1394.023" />
    <Hotspot X="5156.748" Y="-2024.468" Z="1397.498" />
    <Hotspot X="5104.319" Y="-2040.642" Z="1401.319" />
    <Hotspot X="5072.393" Y="-2050.491" Z="1403.647" />
    <Hotspot X="5104.116" Y="-2066.033" Z="1397.504" />
    <Hotspot X="5139.011" Y="-2083.129" Z="1329.69" />
    <Hotspot X="5139.436" Y="-2083.337" Z="1328.863" />
    <Hotspot X="5159.294" Y="-2126.757" Z="1316.29" />
    <Hotspot X="5167.523" Y="-2144.749" Z="1307.865" />
    <Hotspot X="5108.627" Y="-2181.192" Z="1409.443" />
    <Hotspot X="5075.908" Y="-2201.439" Z="1418.675" />
    <Hotspot X="5050.875" Y="-2216.928" Z="1421.696" />
    <Hotspot X="5024.167" Y="-2236.554" Z="1377.805" />
    <Hotspot X="4956.18" Y="-2286.512" Z="1552.772" />
    <Hotspot X="4931.899" Y="-2304.354" Z="1420.277" />
    <Hotspot X="4905.19" Y="-2323.98" Z="1274.534" />
    <Hotspot X="4881" Y="-2341.755" Z="1142.538" />
    <Hotspot X="4890.443" Y="-2358.586" Z="1344.809" />
    <Hotspot X="4930.103" Y="-2429.273" Z="1468.669" />
    <Hotspot X="4939.546" Y="-2446.104" Z="1476.372" />
    <Hotspot X="4949.933" Y="-2464.617" Z="1480.087" />
    <Hotspot X="4950.083" Y="-2464.885" Z="1479.987" />
    <Hotspot X="5042.705" Y="-2443.784" Z="1486.849" />
    <Hotspot X="5091.453" Y="-2432.678" Z="1485.389" />
    <Hotspot X="5149.951" Y="-2419.352" Z="1483.636" />
    <Hotspot X="5186.775" Y="-2410.962" Z="1482.533" />
    <Hotspot X="5227.162" Y="-2381.771" Z="1478.435" />
    <Hotspot X="5267.549" Y="-2352.581" Z="1474.337" />
    <Hotspot X="5324.091" Y="-2311.713" Z="1468.6" />
    <Hotspot X="5325.75" Y="-2310.514" Z="1468.431" />
    <Hotspot X="5362.771" Y="-2348.854" Z="1618.76" />
    <Hotspot X="5419.987" Y="-2408.106" Z="1508.395" />
    <Hotspot X="5422.335" Y="-2410.538" Z="1503.865" />
    <Hotspot X="5458.926" Y="-2376.637" Z="1507.313" />
    <Hotspot X="5495.516" Y="-2342.736" Z="1510.761" />
    <Hotspot X="5519.272" Y="-2320.727" Z="1512.999" />
    <Hotspot X="5528.925" Y="-2369.504" Z="1507.747" />
    <Hotspot X="5538.579" Y="-2418.281" Z="1502.495" />
    <Hotspot X="5541.248" Y="-2431.767" Z="1501.043" />
    <Hotspot X="5556.934" Y="-2478.914" Z="1506.82" />
    <Hotspot X="5572.619" Y="-2526.06" Z="1515.046" />
    <Hotspot X="5588.305" Y="-2573.207" Z="1523.272" />
    <Hotspot X="5603.99" Y="-2620.353" Z="1526.277" />
    <Hotspot X="5619.676" Y="-2667.5" Z="1529.283" />
    <Hotspot X="5621.656" Y="-2673.45" Z="1529.663" />
    <Hotspot X="5626.781" Y="-2732.758" Z="1537.163" />
    <Hotspot X="5631.479" Y="-2787.124" Z="1544.039" />
    <Hotspot X="5631.848" Y="-2791.389" Z="1544.579" />
    <Hotspot X="5635.763" Y="-2845.029" Z="1556.088" />
    <Hotspot X="5639.322" Y="-2893.792" Z="1568.258" />
    <Hotspot X="5642.881" Y="-2942.555" Z="1578.769" />
    <Hotspot X="5644.306" Y="-2962.072" Z="1581.202" />
    <Hotspot X="5598.016" Y="-2980.973" Z="1581.04" />
    <Hotspot X="5551.727" Y="-2999.875" Z="1581.435" />
    <Hotspot X="5505.438" Y="-3018.776" Z="1581.83" />
    <Hotspot X="5477.108" Y="-3030.344" Z="1580.618" />
    <Hotspot X="5429.698" Y="-3014.473" Z="1585.828" />
    <Hotspot X="5382.289" Y="-2998.601" Z="1582.86" />
    <Hotspot X="5375.903" Y="-2996.463" Z="1581.978" />
    <Hotspot X="5388.614" Y="-2949.005" Z="1575.079" />
    <Hotspot X="5401.326" Y="-2901.547" Z="1564.898" />
    <Hotspot X="5403.083" Y="-2894.988" Z="1562.13" />
    <Hotspot X="5422.578" Y="-2849.449" Z="1555.334" />
    <Hotspot X="5442.072" Y="-2803.91" Z="1548.538" />
    <Hotspot X="5447.25" Y="-2791.814" Z="1546.733" />
    <Hotspot X="5424.793" Y="-2748.42" Z="1547.17" />
    <Hotspot X="5397.843" Y="-2696.348" Z="1529.912" />
    <Hotspot X="5375.386" Y="-2652.955" Z="1515.53" />
    <Hotspot X="5358.916" Y="-2621.131" Z="1504.982" />
    <Hotspot X="5309.431" Y="-2628.289" Z="1504.797" />
    <Hotspot X="5273.786" Y="-2633.444" Z="1504.664" />
    <Hotspot X="5255.537" Y="-2674.296" Z="1538.615" />
    <Hotspot X="5237.288" Y="-2715.147" Z="1550.353" />
    <Hotspot X="5235.473" Y="-2719.21" Z="1551.52" />
    <Hotspot X="5223.809" Y="-2766.245" Z="1563.836" />
    <Hotspot X="5212.146" Y="-2813.28" Z="1582.926" />
    <Hotspot X="5200.481" Y="-2860.314" Z="1602.017" />
    <Hotspot X="5189.041" Y="-2906.451" Z="1600.548" />
    <Hotspot X="5156.887" Y="-2919.539" Z="1603.853" />
    <Hotspot X="5115.087" Y="-2936.553" Z="1658.534" />
    <Hotspot X="5076.503" Y="-2952.259" Z="1692.111" />
    <Hotspot X="4915.735" Y="-3017.698" Z="1416.023" />
    <Hotspot X="4883.582" Y="-3030.786" Z="1360.805" />
    <Hotspot X="4838.566" Y="-3049.109" Z="1283.5" />
    <Hotspot X="4774.259" Y="-3075.285" Z="1155.013" />
    <Hotspot X="4753.028" Y="-3083.927" Z="1112.593" />
    <Hotspot X="4743.611" Y="-3132.318" Z="1104.246" />
    <Hotspot X="4734.194" Y="-3180.708" Z="1099.701" />
    <Hotspot X="4723.834" Y="-3233.938" Z="1094.702" />
    <Hotspot X="4714.523" Y="-3281.783" Z="1078.466" />
    <Hotspot X="4668.064" Y="-3292.234" Z="1065.048" />
    <Hotspot X="4621.604" Y="-3302.685" Z="1048.422" />
    <Hotspot X="4606.936" Y="-3305.984" Z="1043.173" />
    <Hotspot X="4550.343" Y="-3286.053" Z="1043.032" />
    <Hotspot X="4532.19" Y="-3279.66" Z="1042.987" />
    <Hotspot X="4562.318" Y="-3319.491" Z="1045.399" />
    <Hotspot X="4604.498" Y="-3375.253" Z="1050.031" />
    <Hotspot X="4634.626" Y="-3415.084" Z="1051.373" />
    <Hotspot X="4639.778" Y="-3421.896" Z="1051.603" />
    <Hotspot X="4590.814" Y="-3431.937" Z="1050.309" />
    <Hotspot X="4541.85" Y="-3441.979" Z="1049.016" />
    <Hotspot X="4507.275" Y="-3449.069" Z="1048.103" />
    <Hotspot X="4504.962" Y="-3498.216" Z="1040.011" />
    <Hotspot X="4502.649" Y="-3547.363" Z="1032.737" />
    <Hotspot X="4500.48" Y="-3593.427" Z="1021.958" />
    <Hotspot X="4548.434" Y="-3600.482" Z="1009.684" />
    <Hotspot X="4589.948" Y="-3606.589" Z="999.058" />
    <Hotspot X="4610.471" Y="-3610.263" Z="998.8935" />
    <Hotspot X="4630.993" Y="-3613.937" Z="1000.556" />
    <Hotspot X="4651.516" Y="-3617.61" Z="1002.218" />
    <Hotspot X="4672.038" Y="-3621.284" Z="1003.881" />
    <Hotspot X="4692.56" Y="-3624.958" Z="1005.543" />
    <Hotspot X="4713.083" Y="-3628.631" Z="1007.206" />
    <Hotspot X="4715.656" Y="-3629.092" Z="720.6842" />
    <Hotspot X="4723.923" Y="-3653.803" Z="1002.731" />
    <Hotspot X="4741.284" Y="-3705.698" Z="1001.277" />
    <Hotspot X="4750.378" Y="-3732.88" Z="1000.516" />
    <Hotspot X="4759.472" Y="-3760.063" Z="999.7546" />
    <Hotspot X="4767.739" Y="-3784.775" Z="999.0625" />
    <Hotspot X="4769.557" Y="-3790.21" Z="998.9103" />
    <Hotspot X="4679.83" Y="-3818.847" Z="995.3882" />
    <Hotspot X="4662.428" Y="-3824.4" Z="984.1001" />
    <Hotspot X="4634.721" Y="-3865.617" Z="983.3129" />
    <Hotspot X="4615.333" Y="-3894.457" Z="974.2636" />
    <Hotspot X="4597.118" Y="-3962.044" Z="1028.605" />
    <Hotspot X="4584.108" Y="-4010.321" Z="1020.031" />
    <Hotspot X="4571.097" Y="-4058.597" Z="978.0978" />
    <Hotspot X="4569.563" Y="-4064.29" Z="973.1533" />
    <Hotspot X="4550.199" Y="-4109.609" Z="976.2759" />
    <Hotspot X="4530.834" Y="-4154.928" Z="963.7936" />
    <Hotspot X="4511.471" Y="-4200.247" Z="951.3114" />
    <Hotspot X="4494.818" Y="-4239.218" Z="940.5773" />
    <Hotspot X="4544.149" Y="-4245.781" Z="935.7352" />
    <Hotspot X="4565.033" Y="-4248.559" Z="933.6853" />
    <Hotspot X="4610.548" Y="-4269.247" Z="934.3676" />
    <Hotspot X="4656.062" Y="-4289.934" Z="935.0499" />
    <Hotspot X="4700.108" Y="-4309.954" Z="935.7101" />
    <Hotspot X="4728.045" Y="-4362.833" Z="930.8803" />
    <Hotspot X="4751.326" Y="-4406.898" Z="926.8555" />
    <Hotspot X="4764.353" Y="-4431.555" Z="924.6035" />
    <Hotspot X="4794.963" Y="-4477.101" Z="966.9351" />
    <Hotspot X="4825.574" Y="-4522.646" Z="930.1419" />
    <Hotspot X="4836.833" Y="-4539.399" Z="915.8738" />
    <Hotspot X="4817.86" Y="-4585.278" Z="909.9443" />
    <Hotspot X="4798.888" Y="-4631.157" Z="904.0498" />
    <Hotspot X="4791.533" Y="-4648.941" Z="901.7162" />
    <Hotspot X="4744.978" Y="-4632.509" Z="914.3752" />
    <Hotspot X="4698.421" Y="-4616.076" Z="919.3759" />
    <Hotspot X="4668.838" Y="-4605.634" Z="922.5534" />
    <Hotspot X="4644.447" Y="-4503.586" Z="921.7836" />
    <Hotspot X="4635.248" Y="-4465.097" Z="916.9722" />
  </Hotspots>
</HBProfile>
