<HBProfile>
<!-- Created by HighVoltz using RoutesBuddy -->
  <Name></Name>
  <MinDurability>0.4</MinDurability>
  <MinFreeBagSlots>1</MinFreeBagSlots>
  
  <MinLevel>1</MinLevel>
  <MaxLevel>86</MaxLevel>
  <Factions>99999</Factions>
  
  <MailGrey>False</MailGrey>
  <MailWhite>True</MailWhite>
  <MailGreen>True</MailGreen>
  <MailBlue>True</MailBlue>
  <MailPurple>True</MailPurple>
 
  <SellGrey>True</SellGrey>
  <SellWhite>True</SellWhite>
  <SellGreen>False</SellGreen>
  <SellBlue>False</SellBlue>
  <SellPurple>False</SellPurple>

	<Vendors>
		<Vendor Name="Blacksmith Abasi" Entry="48617" Type="Repair" X="-9404.68" Y="-906.438" Z="112.5404" />
	</Vendors>
	
	<Mailboxes>
		<Mailbox X="-9415.019" Y="-935.8299" Z="112.541" />
	</Mailboxes>

  <Hotspots>
    <Hotspot X="-10328.29" Y="-661.402" Z="197.7232" />
    <Hotspot X="-10283.33" Y="-644.8602" Z="200.7862" />
    <Hotspot X="-10211.41" Y="-618.3934" Z="181.8596" />
    <Hotspot X="-10166.46" Y="-601.8516" Z="170.0305" />
    <Hotspot X="-10121.51" Y="-585.3098" Z="158.2014" />
    <Hotspot X="-10067.57" Y="-565.4596" Z="117.527" />
    <Hotspot X="-10060.67" Y="-562.9215" Z="112.326" />
    <Hotspot X="-10012.64" Y="-575.8394" Z="117.3928" />
    <Hotspot X="-9951.342" Y="-592.3227" Z="123.858" />
    <Hotspot X="-9905.381" Y="-572.8845" Z="153.9223" />
    <Hotspot X="-9859.42" Y="-553.4463" Z="153.9363" />
    <Hotspot X="-9813.458" Y="-534.0081" Z="153.9503" />
    <Hotspot X="-9767.497" Y="-514.5698" Z="153.9644" />
    <Hotspot X="-9721.536" Y="-495.1316" Z="153.9284" />
    <Hotspot X="-9675.575" Y="-475.6934" Z="153.8522" />
    <Hotspot X="-9629.613" Y="-456.2552" Z="153.7761" />
    <Hotspot X="-9583.652" Y="-436.817" Z="153.6999" />
    <Hotspot X="-9537.691" Y="-417.3788" Z="153.5496" />
    <Hotspot X="-9528.88" Y="-413.6521" Z="152.5276" />
    <Hotspot X="-9454.478" Y="-407.0872" Z="146.443" />
    <Hotspot X="-9444.645" Y="-406.2197" Z="144.8348" />
    <Hotspot X="-9428.084" Y="-359.6817" Z="152.5779" />
    <Hotspot X="-9411.522" Y="-313.1438" Z="160.321" />
    <Hotspot X="-9394.962" Y="-266.6058" Z="168.0641" />
    <Hotspot X="-9378.4" Y="-220.0679" Z="175.8073" />
    <Hotspot X="-9361.84" Y="-173.53" Z="183.5504" />
    <Hotspot X="-9345.279" Y="-126.992" Z="191.2935" />
    <Hotspot X="-9328.718" Y="-80.45409" Z="199.0367" />
    <Hotspot X="-9312.157" Y="-33.91616" Z="206.7798" />
    <Hotspot X="-9295.597" Y="12.62178" Z="214.5229" />
    <Hotspot X="-9279.035" Y="59.15972" Z="222.266" />
    <Hotspot X="-9269.781" Y="85.16467" Z="226.5928" />
    <Hotspot X="-9325.111" Y="73.76115" Z="185.2589" />
    <Hotspot X="-9364.634" Y="65.61577" Z="155.7347" />
    <Hotspot X="-9367.017" Y="65.12464" Z="153.9545" />
    <Hotspot X="-9414.664" Y="77.91235" Z="146.6633" />
    <Hotspot X="-9462.311" Y="90.70007" Z="141.7022" />
    <Hotspot X="-9509.958" Y="103.4878" Z="136.7411" />
    <Hotspot X="-9535.486" Y="110.3391" Z="125.1814" />
    <Hotspot X="-9497.078" Y="129.1902" Z="151.0549" />
    <Hotspot X="-9458.67" Y="148.0413" Z="176.9284" />
    <Hotspot X="-9423.173" Y="165.4634" Z="200.8406" />
    <Hotspot X="-9437.229" Y="213.4407" Z="201.6054" />
    <Hotspot X="-9448.313" Y="251.2661" Z="202.2084" />
    <Hotspot X="-9483.31" Y="326.6951" Z="236.6423" />
    <Hotspot X="-9487.388" Y="335.4853" Z="240.6551" />
    <Hotspot X="-9474.868" Y="401.2909" Z="230.2694" />
    <Hotspot X="-9467.769" Y="438.6079" Z="208.8128" />
    <Hotspot X="-9442.8" Y="492.7607" Z="215.4467" />
    <Hotspot X="-9421.991" Y="537.8881" Z="220.9749" />
    <Hotspot X="-9401.184" Y="583.0154" Z="226.5032" />
    <Hotspot X="-9380.376" Y="628.1428" Z="232.0314" />
    <Hotspot X="-9359.568" Y="673.2701" Z="237.5596" />
    <Hotspot X="-9338.761" Y="718.3975" Z="243.0879" />
    <Hotspot X="-9338.112" Y="719.8041" Z="243.2602" />
    <Hotspot X="-9309.041" Y="680.6551" Z="254.3156" />
    <Hotspot X="-9279.97" Y="641.5061" Z="265.3709" />
    <Hotspot X="-9250.898" Y="602.3571" Z="276.4263" />
    <Hotspot X="-9221.827" Y="563.2081" Z="287.4818" />
    <Hotspot X="-9192.756" Y="524.0591" Z="298.5371" />
    <Hotspot X="-9163.685" Y="484.9102" Z="309.5925" />
    <Hotspot X="-9122.996" Y="430.1161" Z="325.0659" />
    <Hotspot X="-9136.358" Y="381.9423" Z="332.507" />
    <Hotspot X="-9149.721" Y="333.7686" Z="331.0185" />
    <Hotspot X="-9163.083" Y="285.5949" Z="329.5299" />
    <Hotspot X="-9173.727" Y="247.221" Z="328.3442" />
    <Hotspot X="-9163.756" Y="215.867" Z="315.0716" />
    <Hotspot X="-9153.786" Y="184.513" Z="303.9541" />
    <Hotspot X="-9143.815" Y="153.159" Z="227.9887" />
    <Hotspot X="-9140.538" Y="142.8529" Z="203.0188" />
    <Hotspot X="-9038.556" Y="164.1692" Z="190.0037" />
    <Hotspot X="-9038.29" Y="164.2247" Z="189.9411" />
    <Hotspot X="-9005.168" Y="220.368" Z="71.72174" />
    <Hotspot X="-8992.899" Y="241.1618" Z="27.93678" />
    <Hotspot X="-8987.133" Y="250.9371" Z="7.353176" />
    <Hotspot X="-8984.198" Y="289.5583" Z="362.4649" />
    <Hotspot X="-8981.263" Y="328.1794" Z="367.2577" />
    <Hotspot X="-8978.328" Y="366.8006" Z="366.3009" />
    <Hotspot X="-8970.403" Y="471.0778" Z="189.4055" />
    <Hotspot X="-8970.349" Y="471.8019" Z="188.1771" />
    <Hotspot X="-8921.446" Y="461.3973" Z="264.0874" />
    <Hotspot X="-8804.079" Y="436.4264" Z="386.7529" />
    <Hotspot X="-8755.177" Y="426.0218" Z="358.3318" />
    <Hotspot X="-8706.273" Y="415.6172" Z="329.9102" />
    <Hotspot X="-8628.029" Y="398.9699" Z="210.9738" />
    <Hotspot X="-8610.553" Y="395.2516" Z="184.4082" />
    <Hotspot X="-8663.562" Y="418.4427" Z="253.6102" />
    <Hotspot X="-8701.845" Y="435.1917" Z="303.2161" />
    <Hotspot X="-8719.563" Y="442.9435" Z="326.1752" />
    <Hotspot X="-8747.913" Y="466.4053" Z="327.0262" />
    <Hotspot X="-8776.263" Y="489.867" Z="323.0143" />
    <Hotspot X="-8810.282" Y="518.0212" Z="247.5679" />
    <Hotspot X="-8838.631" Y="541.483" Z="184.6973" />
    <Hotspot X="-8839.309" Y="542.0435" Z="183.1946" />
    <Hotspot X="-8859.891" Y="583.7535" Z="201.5426" />
    <Hotspot X="-8880.474" Y="625.4634" Z="219.8908" />
    <Hotspot X="-8903.113" Y="671.3443" Z="240.0735" />
    <Hotspot X="-8932.735" Y="731.3726" Z="266.4797" />
    <Hotspot X="-8884.718" Y="730.9642" Z="271.7339" />
    <Hotspot X="-8836.7" Y="730.5558" Z="274.0894" />
    <Hotspot X="-8755.07" Y="729.8615" Z="221.1412" />
    <Hotspot X="-8737.731" Y="729.7141" Z="209.8946" />
    <Hotspot X="-8689.608" Y="742.9169" Z="224.3371" />
    <Hotspot X="-8578.925" Y="773.2833" Z="211.8253" />
    <Hotspot X="-8530.802" Y="786.4861" Z="206.3855" />
    <Hotspot X="-8482.678" Y="799.6889" Z="200.9455" />
    <Hotspot X="-8434.555" Y="812.8917" Z="195.5057" />
    <Hotspot X="-8386.432" Y="826.0945" Z="190.0658" />
    <Hotspot X="-8338.309" Y="839.2973" Z="184.626" />
    <Hotspot X="-8322.337" Y="843.6791" Z="182.8205" />
    <Hotspot X="-8327.993" Y="794.1837" Z="187.0871" />
    <Hotspot X="-8333.65" Y="744.6883" Z="191.3537" />
    <Hotspot X="-8339.307" Y="695.1929" Z="195.6203" />
    <Hotspot X="-8339.68" Y="691.9322" Z="195.9014" />
    <Hotspot X="-8360.235" Y="641.0158" Z="193.9686" />
    <Hotspot X="-8378.923" Y="594.7281" Z="196.8613" />
    <Hotspot X="-8397.61" Y="548.4405" Z="188.4385" />
    <Hotspot X="-8402.443" Y="536.4691" Z="186.2601" />
    <Hotspot X="-8404.472" Y="479.1581" Z="213.6827" />
    <Hotspot X="-8406.163" Y="431.399" Z="223.6813" />
    <Hotspot X="-8407.398" Y="396.4904" Z="229.3565" />
    <Hotspot X="-8405.021" Y="346.5666" Z="243.6809" />
    <Hotspot X="-8402.644" Y="296.6428" Z="257.1774" />
    <Hotspot X="-8396.463" Y="166.8408" Z="225.7317" />
    <Hotspot X="-8395.837" Y="153.6954" Z="222.5471" />
    <Hotspot X="-8429.43" Y="110.4447" Z="227.6382" />
    <Hotspot X="-8459.969" Y="71.12598" Z="232.2664" />
    <Hotspot X="-8490.507" Y="31.80722" Z="236.8946" />
    <Hotspot X="-8494.937" Y="26.10419" Z="237.5659" />
    <Hotspot X="-8514.19" Y="-20.02542" Z="267.3901" />
    <Hotspot X="-8533.444" Y="-66.15502" Z="267.5414" />
    <Hotspot X="-8554.396" Y="-116.3521" Z="233.9911" />
    <Hotspot X="-8507.393" Y="-99.37843" Z="233.9889" />
    <Hotspot X="-8465.206" Y="-84.14458" Z="230.9892" />
    <Hotspot X="-8422.687" Y="-59.56305" Z="241.0026" />
    <Hotspot X="-8380.167" Y="-34.98151" Z="250.141" />
    <Hotspot X="-8337.648" Y="-10.39998" Z="259.2792" />
    <Hotspot X="-8306.646" Y="7.522809" Z="265.9423" />
    <Hotspot X="-8321.977" Y="-81.10043" Z="269.5174" />
    <Hotspot X="-8326.467" Y="-107.0616" Z="261.6692" />
    <Hotspot X="-8319.339" Y="-154.6027" Z="275.4181" />
    <Hotspot X="-8312.21" Y="-202.1438" Z="289.167" />
    <Hotspot X="-8304.369" Y="-254.439" Z="304.2907" />
    <Hotspot X="-8303.343" Y="-261.2859" Z="306.2708" />
    <Hotspot X="-8323.112" Y="-312.5922" Z="304.9235" />
    <Hotspot X="-8341.085" Y="-359.2344" Z="303.6987" />
    <Hotspot X="-8359.058" Y="-405.8765" Z="302.4739" />
    <Hotspot X="-8372.313" Y="-440.2786" Z="301.5705" />
    <Hotspot X="-8407.038" Y="-476.2284" Z="303.6385" />
    <Hotspot X="-8425.566" Y="-495.4097" Z="299.5231" />
    <Hotspot X="-8460.32" Y="-531.078" Z="295.1607" />
    <Hotspot X="-8495.074" Y="-566.7463" Z="296.5708" />
    <Hotspot X="-8529.827" Y="-602.4147" Z="288.3935" />
    <Hotspot X="-8551.093" Y="-624.2397" Z="283.3898" />
    <Hotspot X="-8547.068" Y="-671.6298" Z="298.8165" />
    <Hotspot X="-8543.044" Y="-719.0199" Z="314.2431" />
    <Hotspot X="-8542.835" Y="-721.4814" Z="315.0444" />
    <Hotspot X="-8528.132" Y="-800.114" Z="315.906" />
    <Hotspot X="-8526.273" Y="-810.0519" Z="316.0149" />
    <Hotspot X="-8524.656" Y="-859.5314" Z="309.0033" />
    <Hotspot X="-8523.039" Y="-909.011" Z="301.9917" />
    <Hotspot X="-8523.015" Y="-909.7717" Z="301.8839" />
    <Hotspot X="-8523.987" Y="-959.7415" Z="303.3218" />
    <Hotspot X="-8524.666" Y="-994.6257" Z="304.3256" />
    <Hotspot X="-8563.932" Y="-985.98" Z="274.602" />
    <Hotspot X="-8603.196" Y="-977.3344" Z="258.4831" />
    <Hotspot X="-8629.463" Y="-971.551" Z="224.9947" />
    <Hotspot X="-8652.687" Y="-1026.161" Z="216.1382" />
    <Hotspot X="-8672.04" Y="-1071.669" Z="208.7578" />
    <Hotspot X="-8691.393" Y="-1117.177" Z="201.3775" />
    <Hotspot X="-8712.681" Y="-1167.236" Z="193.259" />
    <Hotspot X="-8721.58" Y="-1188.162" Z="189.8653" />
    <Hotspot X="-8770.476" Y="-1177.755" Z="189.8096" />
    <Hotspot X="-8819.371" Y="-1167.348" Z="189.4895" />
    <Hotspot X="-8833.528" Y="-1164.335" Z="187.6767" />
    <Hotspot X="-8818.17" Y="-1211.725" Z="184.2113" />
    <Hotspot X="-8802.813" Y="-1259.115" Z="180.0578" />
    <Hotspot X="-8787.454" Y="-1306.506" Z="175.9042" />
    <Hotspot X="-8775.72" Y="-1342.715" Z="171.5833" />
    <Hotspot X="-8730.708" Y="-1351.247" Z="213.1543" />
    <Hotspot X="-8685.697" Y="-1359.779" Z="224.9521" />
    <Hotspot X="-8640.686" Y="-1368.312" Z="236.7503" />
    <Hotspot X="-8625.418" Y="-1371.206" Z="238.465" />
    <Hotspot X="-8658.44" Y="-1403.27" Z="218.9357" />
    <Hotspot X="-8691.463" Y="-1435.334" Z="206.1273" />
    <Hotspot X="-8717.911" Y="-1461.015" Z="183.765" />
    <Hotspot X="-8729.181" Y="-1509.728" Z="183.5611" />
    <Hotspot X="-8740.451" Y="-1558.441" Z="185.1666" />
    <Hotspot X="-8749.293" Y="-1596.658" Z="183.1971" />
    <Hotspot X="-8706.606" Y="-1595.691" Z="209.2143" />
    <Hotspot X="-8642.576" Y="-1594.24" Z="248.3898" />
    <Hotspot X="-8641.935" Y="-1594.226" Z="248.631" />
    <Hotspot X="-8663.355" Y="-1652.985" Z="217.1909" />
    <Hotspot X="-8678.271" Y="-1693.9" Z="195.2987" />
    <Hotspot X="-8726.581" Y="-1737.351" Z="197.0945" />
    <Hotspot X="-8823.2" Y="-1824.252" Z="200.7766" />
    <Hotspot X="-8823.573" Y="-1824.588" Z="200.7" />
    <Hotspot X="-8873.07" Y="-1829.84" Z="195.9568" />
    <Hotspot X="-8922.566" Y="-1835.093" Z="191.2137" />
    <Hotspot X="-8972.063" Y="-1840.345" Z="186.4705" />
    <Hotspot X="-9021.56" Y="-1845.597" Z="181.7274" />
    <Hotspot X="-9071.057" Y="-1850.85" Z="176.9842" />
    <Hotspot X="-9086.233" Y="-1852.46" Z="175.5298" />
    <Hotspot X="-9098.935" Y="-1794.075" Z="170.0695" />
    <Hotspot X="-9109.52" Y="-1745.42" Z="165.5193" />
    <Hotspot X="-9120.104" Y="-1696.766" Z="160.969" />
    <Hotspot X="-9130.688" Y="-1648.111" Z="156.4187" />
    <Hotspot X="-9141.272" Y="-1599.457" Z="151.8685" />
    <Hotspot X="-9151.857" Y="-1550.802" Z="147.3183" />
    <Hotspot X="-9162.441" Y="-1502.148" Z="142.768" />
    <Hotspot X="-9173.026" Y="-1453.493" Z="138.2177" />
    <Hotspot X="-9183.61" Y="-1404.839" Z="133.6675" />
    <Hotspot X="-9188.637" Y="-1381.735" Z="131.5068" />
    <Hotspot X="-9232.729" Y="-1364.571" Z="115.342" />
    <Hotspot X="-9276.82" Y="-1347.407" Z="99.1773" />
    <Hotspot X="-9277.736" Y="-1347.05" Z="98.84148" />
    <Hotspot X="-9313.109" Y="-1382.385" Z="98.39648" />
    <Hotspot X="-9348.482" Y="-1417.72" Z="97.9515" />
    <Hotspot X="-9362.062" Y="-1431.285" Z="97.78067" />
    <Hotspot X="-9390.152" Y="-1472.635" Z="96.72237" />
    <Hotspot X="-9418.242" Y="-1513.985" Z="97.61609" />
    <Hotspot X="-9446.333" Y="-1555.335" Z="95.55129" />
    <Hotspot X="-9472.723" Y="-1594.181" Z="93.61153" />
    <Hotspot X="-9459.128" Y="-1604.502" Z="46.61513" />
    <Hotspot X="-9445.533" Y="-1614.822" Z="69.67941" />
    <Hotspot X="-9431.938" Y="-1625.143" Z="-0.8207741" />
    <Hotspot X="-9418.343" Y="-1635.463" Z="-71.31745" />
    <Hotspot X="-9405.005" Y="-1645.589" Z="-140.4824" />
    <Hotspot X="-9387.851" Y="-1670.043" Z="75.261" />
    <Hotspot X="-9370.696" Y="-1694.497" Z="82.57098" />
    <Hotspot X="-9353.542" Y="-1718.952" Z="89.88098" />
    <Hotspot X="-9336.388" Y="-1743.406" Z="97.19096" />
    <Hotspot X="-9319.233" Y="-1767.86" Z="104.5009" />
    <Hotspot X="-9302.079" Y="-1792.314" Z="111.8109" />
    <Hotspot X="-9295.95" Y="-1801.052" Z="114.4228" />
    <Hotspot X="-9344.427" Y="-1812.214" Z="120.5434" />
    <Hotspot X="-9392.902" Y="-1823.377" Z="140.6663" />
    <Hotspot X="-9451.074" Y="-1836.772" Z="164.8142" />
    <Hotspot X="-9499.551" Y="-1847.934" Z="139.4977" />
    <Hotspot X="-9505.757" Y="-1849.363" Z="136.2567" />
    <Hotspot X="-9551.935" Y="-1908.311" Z="132.8036" />
    <Hotspot X="-9582.72" Y="-1947.609" Z="134.4023" />
    <Hotspot X="-9613.504" Y="-1986.908" Z="134.2577" />
    <Hotspot X="-9659.682" Y="-2045.855" Z="122.3601" />
    <Hotspot X="-9659.936" Y="-2046.179" Z="122.1624" />
    <Hotspot X="-9707.036" Y="-2034.093" Z="112.7697" />
    <Hotspot X="-9753.507" Y="-2022.169" Z="99.03866" />
    <Hotspot X="-9763.641" Y="-1963.175" Z="94.91325" />
    <Hotspot X="-9772.085" Y="-1914.013" Z="91.7765" />
    <Hotspot X="-9780.529" Y="-1864.852" Z="88.63977" />
    <Hotspot X="-9789.818" Y="-1810.774" Z="85.18935" />
    <Hotspot X="-9804.174" Y="-1727.199" Z="79.8569" />
    <Hotspot X="-9813.463" Y="-1673.121" Z="76.40648" />
    <Hotspot X="-9821.907" Y="-1623.959" Z="73.26974" />
    <Hotspot X="-9830.352" Y="-1574.798" Z="70.133" />
    <Hotspot X="-9838.796" Y="-1525.636" Z="66.99626" />
    <Hotspot X="-9850.618" Y="-1456.81" Z="62.60482" />
    <Hotspot X="-9854.258" Y="-1435.621" Z="58.02174" />
    <Hotspot X="-9903.602" Y="-1434.486" Z="66.01292" />
    <Hotspot X="-9952.946" Y="-1433.35" Z="74.00417" />
    <Hotspot X="-10002.29" Y="-1432.215" Z="81.99527" />
    <Hotspot X="-10051.63" Y="-1431.08" Z="89.98652" />
    <Hotspot X="-10105.91" Y="-1429.831" Z="98.77675" />
    <Hotspot X="-10123.48" Y="-1429.427" Z="101.6215" />
    <Hotspot X="-10157.19" Y="-1392.525" Z="100.1874" />
    <Hotspot X="-10190.89" Y="-1355.624" Z="98.75328" />
    <Hotspot X="-10224.6" Y="-1318.722" Z="97.31914" />
    <Hotspot X="-10258.31" Y="-1281.82" Z="95.88499" />
    <Hotspot X="-10292.02" Y="-1244.918" Z="94.45087" />
    <Hotspot X="-10325.73" Y="-1208.017" Z="93.01672" />
    <Hotspot X="-10359.43" Y="-1171.115" Z="91.5826" />
    <Hotspot X="-10393.14" Y="-1134.213" Z="90.14845" />
    <Hotspot X="-10426.85" Y="-1097.312" Z="88.71431" />
    <Hotspot X="-10430.69" Y="-1093.106" Z="88.55089" />
    <Hotspot X="-10385.81" Y="-1033.559" Z="101.4497" />
    <Hotspot X="-10355.9" Y="-993.8605" Z="104.9382" />
    <Hotspot X="-10344.8" Y="-979.1414" Z="104.0037" />
    <Hotspot X="-10317.89" Y="-939.3723" Z="117.932" />
    <Hotspot X="-10288.28" Y="-895.6263" Z="134.7944" />
    <Hotspot X="-10285.13" Y="-890.9704" Z="134.8837" />
    <Hotspot X="-10320.18" Y="-862.2069" Z="155.9539" />
    <Hotspot X="-10355.24" Y="-833.4434" Z="177.024" />
    <Hotspot X="-10390.29" Y="-804.6799" Z="198.0944" />
    <Hotspot X="-10410.92" Y="-787.7545" Z="210.4926" />
    <Hotspot X="-10458.35" Y="-775.8494" Z="358.8121" />
    <Hotspot X="-10505.79" Y="-763.9445" Z="353.0672" />
    <Hotspot X="-10586.43" Y="-743.7059" Z="233.8266" />
    <Hotspot X="-10633.87" Y="-731.801" Z="163.6847" />
    <Hotspot X="-10635.5" Y="-731.3916" Z="161.2732" />
    <Hotspot X="-10631.26" Y="-681.5885" Z="163.4296" />
    <Hotspot X="-10627.02" Y="-631.7853" Z="159.5515" />
    <Hotspot X="-10625.59" Y="-614.949" Z="158.2405" />
    <Hotspot X="-10695.01" Y="-630.3648" Z="121.6072" />
    <Hotspot X="-10738.41" Y="-639.9998" Z="111.4764" />
    <Hotspot X="-10751.11" Y="-642.8209" Z="92.00741" />
    <Hotspot X="-10738.79" Y="-596.748" Z="107.0255" />
    <Hotspot X="-10724.01" Y="-541.4606" Z="160.2975" />
    <Hotspot X="-10711.69" Y="-495.3877" Z="165.9512" />
    <Hotspot X="-10699.38" Y="-449.3148" Z="168.5392" />
    <Hotspot X="-10688.35" Y="-408.0777" Z="168.5254" />
    <Hotspot X="-10689.76" Y="-348.1095" Z="264.8587" />
    <Hotspot X="-10691.65" Y="-268.1519" Z="171.7293" />
    <Hotspot X="-10691.65" Y="-268.099" Z="171.6676" />
    <Hotspot X="-10667.77" Y="-233.1752" Z="198.3143" />
    <Hotspot X="-10589.16" Y="-118.2103" Z="286.032" />
    <Hotspot X="-10542.78" Y="-104.61" Z="298.8245" />
    <Hotspot X="-10491.76" Y="-89.64973" Z="314.4752" />
    <Hotspot X="-10483.54" Y="-87.2416" Z="315.1613" />
    <Hotspot X="-10454.78" Y="-72.89014" Z="304.5867" />
    <Hotspot X="-10397.25" Y="-44.18721" Z="218.1002" />
    <Hotspot X="-10325.33" Y="-8.308546" Z="109.9906" />
    <Hotspot X="-10296.57" Y="6.042919" Z="66.7467" />
    <Hotspot X="-10293.6" Y="7.522809" Z="62.28803" />
    <Hotspot X="-10185.97" Y="-80.86105" Z="136.3158" />
    <Hotspot X="-10163.12" Y="-99.62894" Z="144.7778" />
    <Hotspot X="-10196.51" Y="-111.6054" Z="180.0162" />
    <Hotspot X="-10273.3" Y="-139.1513" Z="272.1085" />
    <Hotspot X="-10306.69" Y="-151.1278" Z="303.0079" />
    <Hotspot X="-10315.07" Y="-154.1339" Z="305.1479" />
    <Hotspot X="-10320.8" Y="-204.3821" Z="362.8299" />
    <Hotspot X="-10326" Y="-250.0623" Z="366.9515" />
    <Hotspot X="-10331.21" Y="-295.7425" Z="367.4639" />
    <Hotspot X="-10331.59" Y="-299.0677" Z="367.5012" />
    <Hotspot X="-10376.7" Y="-320.6425" Z="367.359" />
    <Hotspot X="-10421.8" Y="-342.2172" Z="370.1431" />
    <Hotspot X="-10466.91" Y="-363.792" Z="368.1588" />
    <Hotspot X="-10493.45" Y="-376.4897" Z="366.991" />
    <Hotspot X="-10480" Y="-424.6432" Z="367.5082" />
    <Hotspot X="-10466.55" Y="-472.7968" Z="368.0255" />
    <Hotspot X="-10457.12" Y="-506.5584" Z="368.3881" />
  </Hotspots>
</HBProfile>
