<HBProfile>
<!-- Created by HighVoltz using RoutesBuddy -->
  <Name></Name>
  <MinDurability>0.4</MinDurability>
  <MinFreeBagSlots>1</MinFreeBagSlots>
  
  <MinLevel>1</MinLevel>
  <MaxLevel>86</MaxLevel>
  <Factions>99999</Factions>
  
  <MailGrey>False</MailGrey>
  <MailWhite>True</MailWhite>
  <MailGreen>True</MailGreen>
  <MailBlue>True</MailBlue>
  <MailPurple>True</MailPurple>
 
  <SellGrey>True</SellGrey>
  <SellWhite>True</SellWhite>
  <SellGreen>False</SellGreen>
  <SellBlue>False</SellBlue>
  <SellPurple>False</SellPurple>

	<Vendors>
		<Vendor Name="Blacksmith Abasi" Entry="48617" Type="Repair" X="-9404.68" Y="-906.438" Z="112.5404" />
	</Vendors>
	
	<Mailboxes>
		<Mailbox X="-9415.019" Y="-935.8299" Z="112.541" />
	</Mailboxes>

  <Hotspots>
    <Hotspot X="-9680.833" Y="778.0254" Z="201.4533" />
    <Hotspot X="-9633.344" Y="763.73" Z="207.8095" />
    <Hotspot X="-9566.858" Y="743.7166" Z="216.7083" />
    <Hotspot X="-9559.436" Y="741.4821" Z="217.7019" />
    <Hotspot X="-9510.16" Y="733.0245" Z="226.4289" />
    <Hotspot X="-9455.958" Y="723.721" Z="223.788" />
    <Hotspot X="-9406.683" Y="715.2634" Z="221.3872" />
    <Hotspot X="-9393.443" Y="712.991" Z="219.8924" />
    <Hotspot X="-9363.661" Y="673.4528" Z="215.65" />
    <Hotspot X="-9333.879" Y="633.9146" Z="207.2311" />
    <Hotspot X="-9321.596" Y="617.6072" Z="202.8745" />
    <Hotspot X="-9307.789" Y="662.2829" Z="220.579" />
    <Hotspot X="-9293.981" Y="706.9586" Z="238.3362" />
    <Hotspot X="-9292.691" Y="711.1329" Z="239.9378" />
    <Hotspot X="-9244.967" Y="725.7485" Z="242.897" />
    <Hotspot X="-9197.242" Y="740.3641" Z="245.8563" />
    <Hotspot X="-9193.592" Y="741.4821" Z="246.0827" />
    <Hotspot X="-9192.05" Y="695.2225" Z="227.1705" />
    <Hotspot X="-9190.507" Y="648.963" Z="210.82" />
    <Hotspot X="-9189.462" Y="617.6072" Z="195.4392" />
    <Hotspot X="-9175.465" Y="578.124" Z="222.7369" />
    <Hotspot X="-9161.468" Y="538.6408" Z="250.2354" />
    <Hotspot X="-9147.472" Y="499.1576" Z="277.7337" />
    <Hotspot X="-9123.677" Y="432.0362" Z="324.4811" />
    <Hotspot X="-9122.996" Y="430.1161" Z="325.0659" />
    <Hotspot X="-9009.913" Y="460.9973" Z="223.6575" />
    <Hotspot X="-8970.349" Y="471.8019" Z="188.1771" />
    <Hotspot X="-8932.784" Y="504.692" Z="185.5061" />
    <Hotspot X="-8895.22" Y="537.5822" Z="182.8351" />
    <Hotspot X="-8857.654" Y="570.4723" Z="180.1641" />
    <Hotspot X="-8838.483" Y="587.2578" Z="178.8009" />
    <Hotspot X="-8862.871" Y="624.5477" Z="201.4879" />
    <Hotspot X="-8887.259" Y="661.8375" Z="224.1749" />
    <Hotspot X="-8911.646" Y="699.1274" Z="246.8619" />
    <Hotspot X="-8932.735" Y="731.3726" Z="266.4797" />
    <Hotspot X="-8809.133" Y="698.7132" Z="214.0048" />
    <Hotspot X="-8764.989" Y="687.0492" Z="189.5572" />
    <Hotspot X="-8760.029" Y="685.7385" Z="186.751" />
    <Hotspot X="-8715.586" Y="703.7013" Z="200.9666" />
    <Hotspot X="-8666.697" Y="723.4603" Z="216.6039" />
    <Hotspot X="-8648.143" Y="730.9595" Z="222.5387" />
    <Hotspot X="-8595.609" Y="777.0386" Z="218.4143" />
    <Hotspot X="-8558.086" Y="809.9523" Z="215.4684" />
    <Hotspot X="-8509.306" Y="852.74" Z="211.6386" />
    <Hotspot X="-8471.782" Y="885.6536" Z="208.6927" />
    <Hotspot X="-8434.259" Y="918.5673" Z="205.7467" />
    <Hotspot X="-8396.735" Y="951.481" Z="202.8008" />
    <Hotspot X="-8392.533" Y="955.1666" Z="202.4709" />
    <Hotspot X="-8374.971" Y="909.2104" Z="195.8841" />
    <Hotspot X="-8357.408" Y="863.2541" Z="184.8726" />
    <Hotspot X="-8355.371" Y="857.9247" Z="183.5956" />
    <Hotspot X="-8313.625" Y="831.1752" Z="190.0562" />
    <Hotspot X="-8271.879" Y="804.4256" Z="196.5169" />
    <Hotspot X="-8270.31" Y="803.4197" Z="196.7598" />
    <Hotspot X="-8304.161" Y="767.0604" Z="191.0979" />
    <Hotspot X="-8337.202" Y="731.5721" Z="185.5716" />
    <Hotspot X="-8350.267" Y="683.4958" Z="189.8133" />
    <Hotspot X="-8364.637" Y="630.6118" Z="200.5361" />
    <Hotspot X="-8379.008" Y="577.7279" Z="202.6792" />
    <Hotspot X="-8393.378" Y="524.8439" Z="204.8223" />
    <Hotspot X="-8399.14" Y="503.6422" Z="205.6816" />
    <Hotspot X="-8411.616" Y="455.2571" Z="216.9525" />
    <Hotspot X="-8430.331" Y="382.6795" Z="211.3484" />
    <Hotspot X="-8432.999" Y="372.3347" Z="210.5496" />
    <Hotspot X="-8487.955" Y="370.4392" Z="211.6755" />
    <Hotspot X="-8537.915" Y="368.7161" Z="212.6991" />
    <Hotspot X="-8602.862" Y="366.476" Z="214.0297" />
    <Hotspot X="-8603.778" Y="366.4445" Z="214.0485" />
    <Hotspot X="-8707.615" Y="435.049" Z="325.2664" />
    <Hotspot X="-8719.563" Y="442.9435" Z="326.1752" />
    <Hotspot X="-8748.75" Y="421.9992" Z="291.3978" />
    <Hotspot X="-8777.937" Y="401.055" Z="388.1646" />
    <Hotspot X="-8807.124" Y="380.1107" Z="387.8615" />
    <Hotspot X="-8836.311" Y="359.1664" Z="387.5583" />
    <Hotspot X="-8865.497" Y="338.2222" Z="387.2551" />
    <Hotspot X="-8894.684" Y="317.2779" Z="383.1161" />
    <Hotspot X="-8923.871" Y="296.3336" Z="378.9769" />
    <Hotspot X="-8953.058" Y="275.3894" Z="207.5239" />
    <Hotspot X="-8982.244" Y="254.4451" Z="36.07085" />
    <Hotspot X="-8987.133" Y="250.9371" Z="7.353176" />
    <Hotspot X="-8999.4" Y="230.1433" Z="51.13814" />
    <Hotspot X="-9032.523" Y="174" Z="187.0544" />
    <Hotspot X="-9038.29" Y="164.2247" Z="189.9411" />
    <Hotspot X="-9140.272" Y="142.9084" Z="203.0188" />
    <Hotspot X="-9140.538" Y="142.8529" Z="203.0188" />
    <Hotspot X="-9165.242" Y="176.8908" Z="230.0585" />
    <Hotspot X="-9189.945" Y="210.9286" Z="306.8782" />
    <Hotspot X="-9214.649" Y="244.9664" Z="304.3716" />
    <Hotspot X="-9226.625" Y="261.4666" Z="297.2457" />
    <Hotspot X="-9272.088" Y="281.3255" Z="293.3516" />
    <Hotspot X="-9317.551" Y="301.1844" Z="293.1571" />
    <Hotspot X="-9363.015" Y="321.0432" Z="292.9626" />
    <Hotspot X="-9376.927" Y="327.1204" Z="276.6711" />
    <Hotspot X="-9362.942" Y="374.3177" Z="285.4372" />
    <Hotspot X="-9350.5" Y="416.3104" Z="293.2366" />
    <Hotspot X="-9394.614" Y="424.6982" Z="261.4781" />
    <Hotspot X="-9458.779" Y="436.8987" Z="215.2843" />
    <Hotspot X="-9467.769" Y="438.6079" Z="208.8128" />
    <Hotspot X="-9480.288" Y="372.8023" Z="229.1323" />
    <Hotspot X="-9487.388" Y="335.4853" Z="240.6551" />
    <Hotspot X="-9474.514" Y="293.0526" Z="217.5525" />
    <Hotspot X="-9460.352" Y="246.3768" Z="192.1397" />
    <Hotspot X="-9452.903" Y="221.8267" Z="178.7733" />
    <Hotspot X="-9470.152" Y="177.2411" Z="164.124" />
    <Hotspot X="-9487.401" Y="132.6555" Z="149.4747" />
    <Hotspot X="-9499.149" Y="102.2872" Z="139.4967" />
    <Hotspot X="-9450.289" Y="104.9749" Z="149.7671" />
    <Hotspot X="-9377" Y="109.0063" Z="165.1727" />
    <Hotspot X="-9376.927" Y="109.0103" Z="165.188" />
    <Hotspot X="-9334.333" Y="99.53084" Z="189.5986" />
    <Hotspot X="-9270.441" Y="85.31158" Z="226.3009" />
    <Hotspot X="-9269.781" Y="85.16467" Z="226.5928" />
    <Hotspot X="-9295.386" Y="48.13132" Z="195.0023" />
    <Hotspot X="-9318.662" Y="14.46465" Z="166.2837" />
    <Hotspot X="-9329.028" Y="-0.5291102" Z="153.4936" />
    <Hotspot X="-9300.496" Y="-41.41714" Z="165.5439" />
    <Hotspot X="-9271.963" Y="-82.30519" Z="169.6502" />
    <Hotspot X="-9243.431" Y="-123.1932" Z="173.0993" />
    <Hotspot X="-9214.898" Y="-164.0813" Z="172.3636" />
    <Hotspot X="-9190.288" Y="-199.3484" Z="171.7289" />
    <Hotspot X="-9228.948" Y="-230.7914" Z="169.5417" />
    <Hotspot X="-9267.609" Y="-262.2344" Z="168.7456" />
    <Hotspot X="-9306.27" Y="-293.6774" Z="164.602" />
    <Hotspot X="-9344.93" Y="-325.1204" Z="159.2459" />
    <Hotspot X="-9383.59" Y="-356.5634" Z="153.6586" />
    <Hotspot X="-9422.251" Y="-388.0064" Z="148.0712" />
    <Hotspot X="-9444.645" Y="-406.2197" Z="144.8348" />
    <Hotspot X="-9494.246" Y="-410.5962" Z="153.8925" />
    <Hotspot X="-9528.88" Y="-413.6521" Z="152.5276" />
    <Hotspot X="-9487.726" Y="-442.0215" Z="153.7231" />
    <Hotspot X="-9446.571" Y="-470.3908" Z="154.1938" />
    <Hotspot X="-9405.416" Y="-498.7601" Z="153.7438" />
    <Hotspot X="-9364.262" Y="-527.1295" Z="151.6555" />
    <Hotspot X="-9323.107" Y="-555.4988" Z="147.6868" />
    <Hotspot X="-9304.253" Y="-568.4959" Z="145.8686" />
    <Hotspot X="-9268.588" Y="-533.455" Z="145.48" />
    <Hotspot X="-9232.923" Y="-498.4141" Z="145.0914" />
    <Hotspot X="-9221.67" Y="-487.3578" Z="144.9688" />
    <Hotspot X="-9202.032" Y="-442.5589" Z="155.3322" />
    <Hotspot X="-9182.394" Y="-397.76" Z="166.3488" />
    <Hotspot X="-9182.029" Y="-396.929" Z="165.8879" />
    <Hotspot X="-9162.567" Y="-442.9841" Z="166.2755" />
    <Hotspot X="-9143.105" Y="-489.0392" Z="166.6631" />
    <Hotspot X="-9123.643" Y="-535.0944" Z="167.0507" />
    <Hotspot X="-9104.181" Y="-581.1495" Z="167.4383" />
    <Hotspot X="-9086.233" Y="-623.6202" Z="167.7957" />
    <Hotspot X="-9036.659" Y="-626.6187" Z="173.5758" />
    <Hotspot X="-8987.085" Y="-629.6171" Z="179.3559" />
    <Hotspot X="-8983.83" Y="-629.814" Z="179.7354" />
    <Hotspot X="-8943.553" Y="-600.6324" Z="184.8494" />
    <Hotspot X="-8903.275" Y="-571.4508" Z="189.9633" />
    <Hotspot X="-8862.997" Y="-542.2692" Z="195.0773" />
    <Hotspot X="-8822.72" Y="-513.0876" Z="200.1912" />
    <Hotspot X="-8813.708" Y="-506.5584" Z="201.3354" />
    <Hotspot X="-8838.11" Y="-463.3466" Z="195.2296" />
    <Hotspot X="-8862.512" Y="-420.1347" Z="192.2665" />
    <Hotspot X="-8873.168" Y="-401.2646" Z="186.4575" />
    <Hotspot X="-8921.809" Y="-391.1311" Z="180.856" />
    <Hotspot X="-8970.45" Y="-380.9976" Z="175.6879" />
    <Hotspot X="-9006.953" Y="-373.3927" Z="171.0507" />
    <Hotspot X="-8964.427" Y="-347.7626" Z="177.6012" />
    <Hotspot X="-8921.899" Y="-322.1325" Z="182.9093" />
    <Hotspot X="-8914.46" Y="-317.6489" Z="183.8379" />
    <Hotspot X="-8871.654" Y="-292.0244" Z="187.162" />
    <Hotspot X="-8828.849" Y="-266.4" Z="190.4861" />
    <Hotspot X="-8786.043" Y="-240.7755" Z="193.8102" />
    <Hotspot X="-8743.236" Y="-215.151" Z="197.1344" />
    <Hotspot X="-8734.428" Y="-209.8777" Z="197.8184" />
    <Hotspot X="-8698.419" Y="-244.0048" Z="204.0387" />
    <Hotspot X="-8662.41" Y="-278.1319" Z="214.0085" />
    <Hotspot X="-8643.587" Y="-295.9709" Z="213.5105" />
    <Hotspot X="-8595.37" Y="-283.2822" Z="221.7021" />
    <Hotspot X="-8547.153" Y="-270.5936" Z="223.9361" />
    <Hotspot X="-8498.937" Y="-257.9049" Z="226.1702" />
    <Hotspot X="-8455.297" Y="-246.4208" Z="228.1922" />
    <Hotspot X="-8485.58" Y="-206.6741" Z="229.9643" />
    <Hotspot X="-8515.863" Y="-166.9275" Z="231.7363" />
    <Hotspot X="-8546.146" Y="-127.1808" Z="233.5084" />
    <Hotspot X="-8554.396" Y="-116.3521" Z="233.9911" />
    <Hotspot X="-8507.393" Y="-99.37843" Z="233.9889" />
    <Hotspot X="-8465.206" Y="-84.14458" Z="230.9892" />
    <Hotspot X="-8478.203" Y="-35.94896" Z="240.1184" />
    <Hotspot X="-8493.799" Y="21.88579" Z="237.7395" />
    <Hotspot X="-8494.937" Y="26.10419" Z="237.5659" />
    <Hotspot X="-8461.344" Y="69.35482" Z="232.4749" />
    <Hotspot X="-8430.805" Y="108.6736" Z="227.8467" />
    <Hotspot X="-8400.267" Y="147.9923" Z="223.2185" />
    <Hotspot X="-8395.837" Y="153.6954" Z="222.5471" />
    <Hotspot X="-8377.51" Y="108.4294" Z="233.2752" />
    <Hotspot X="-8359.182" Y="63.16345" Z="245.7765" />
    <Hotspot X="-8347.938" Y="35.39469" Z="250.5845" />
    <Hotspot X="-8315.011" Y="0.253706" Z="264.0341" />
    <Hotspot X="-8300.781" Y="-14.93261" Z="269.8464" />
    <Hotspot X="-8322.858" Y="-59.26871" Z="262.996" />
    <Hotspot X="-8344.935" Y="-103.6048" Z="256.1457" />
    <Hotspot X="-8361.151" Y="-136.1722" Z="251.1137" />
    <Hotspot X="-8339.733" Y="-182.5261" Z="271.5491" />
    <Hotspot X="-8320.263" Y="-224.6659" Z="290.1267" />
    <Hotspot X="-8303.343" Y="-261.2859" Z="306.2708" />
    <Hotspot X="-8323.112" Y="-312.5922" Z="304.9235" />
    <Hotspot X="-8341.085" Y="-359.2344" Z="303.6987" />
    <Hotspot X="-8359.058" Y="-405.8765" Z="302.4739" />
    <Hotspot X="-8372.313" Y="-440.2786" Z="301.5705" />
    <Hotspot X="-8407.038" Y="-476.2284" Z="303.6385" />
    <Hotspot X="-8425.566" Y="-495.4097" Z="299.5231" />
    <Hotspot X="-8460.32" Y="-531.078" Z="295.1607" />
    <Hotspot X="-8495.074" Y="-566.7463" Z="296.5708" />
    <Hotspot X="-8529.827" Y="-602.4147" Z="288.3935" />
    <Hotspot X="-8551.093" Y="-624.2397" Z="283.3898" />
    <Hotspot X="-8547.068" Y="-671.6298" Z="298.8165" />
    <Hotspot X="-8543.044" Y="-719.0199" Z="314.2431" />
    <Hotspot X="-8542.835" Y="-721.4814" Z="315.0444" />
    <Hotspot X="-8528.132" Y="-800.114" Z="315.906" />
    <Hotspot X="-8526.273" Y="-810.0519" Z="316.0149" />
    <Hotspot X="-8524.656" Y="-859.5314" Z="309.0033" />
    <Hotspot X="-8523.039" Y="-909.011" Z="301.9917" />
    <Hotspot X="-8523.015" Y="-909.7717" Z="301.8839" />
    <Hotspot X="-8523.987" Y="-959.7415" Z="303.3218" />
    <Hotspot X="-8524.666" Y="-994.6257" Z="304.3256" />
    <Hotspot X="-8563.932" Y="-985.98" Z="274.602" />
    <Hotspot X="-8603.196" Y="-977.3344" Z="258.4831" />
    <Hotspot X="-8629.463" Y="-971.551" Z="224.9947" />
    <Hotspot X="-8669.371" Y="-941.6829" Z="222.0782" />
    <Hotspot X="-8709.28" Y="-911.8148" Z="219.7858" />
    <Hotspot X="-8749.188" Y="-881.9467" Z="214.1593" />
    <Hotspot X="-8769.113" Y="-867.0347" Z="211.3502" />
    <Hotspot X="-8817.814" Y="-874.921" Z="203.2283" />
    <Hotspot X="-8866.517" Y="-882.8073" Z="195.1063" />
    <Hotspot X="-8914.46" Y="-890.5708" Z="187.1108" />
    <Hotspot X="-8878.688" Y="-925.349" Z="193.8422" />
    <Hotspot X="-8842.916" Y="-960.1271" Z="194.8321" />
    <Hotspot X="-8825.27" Y="-977.2833" Z="195.3204" />
    <Hotspot X="-8801.529" Y="-1021.214" Z="195.167" />
    <Hotspot X="-8777.79" Y="-1065.145" Z="190.4802" />
    <Hotspot X="-8774.979" Y="-1070.348" Z="189.9252" />
    <Hotspot X="-8731.188" Y="-1088.705" Z="205.5889" />
    <Hotspot X="-8687.396" Y="-1107.062" Z="225.3261" />
    <Hotspot X="-8643.605" Y="-1125.42" Z="245.0632" />
    <Hotspot X="-8622.479" Y="-1134.276" Z="244.4729" />
    <Hotspot X="-8662.017" Y="-1155.774" Z="241.0172" />
    <Hotspot X="-8705.508" Y="-1179.422" Z="203.6679" />
    <Hotspot X="-8721.58" Y="-1188.162" Z="189.8653" />
    <Hotspot X="-8769.523" Y="-1173.995" Z="189.5381" />
    <Hotspot X="-8817.466" Y="-1159.827" Z="189.6034" />
    <Hotspot X="-8825.27" Y="-1157.521" Z="187.9686" />
    <Hotspot X="-8859.864" Y="-1121.522" Z="188.5715" />
    <Hotspot X="-8891.337" Y="-1088.771" Z="182.8246" />
    <Hotspot X="-8954.85" Y="-1078.471" Z="183.0707" />
    <Hotspot X="-9003.705" Y="-1070.549" Z="168.092" />
    <Hotspot X="-9013.56" Y="-1068.951" Z="165.0707" />
    <Hotspot X="-9021.109" Y="-1118.241" Z="174.7015" />
    <Hotspot X="-9028.66" Y="-1167.531" Z="170.7165" />
    <Hotspot X="-9036.21" Y="-1216.821" Z="164.8266" />
    <Hotspot X="-9043.76" Y="-1266.111" Z="158.9367" />
    <Hotspot X="-9049.896" Y="-1306.171" Z="147.3937" />
    <Hotspot X="-9002.23" Y="-1291.824" Z="152.5898" />
    <Hotspot X="-8954.565" Y="-1277.478" Z="156.9955" />
    <Hotspot X="-8924.37" Y="-1268.389" Z="159.7864" />
    <Hotspot X="-8878.138" Y="-1286.931" Z="164.1228" />
    <Hotspot X="-8831.905" Y="-1305.472" Z="168.4591" />
    <Hotspot X="-8805.45" Y="-1316.082" Z="170.9405" />
    <Hotspot X="-8760.444" Y="-1304.83" Z="189.5927" />
    <Hotspot X="-8715.439" Y="-1293.579" Z="208.2448" />
    <Hotspot X="-8665.933" Y="-1281.202" Z="228.7624" />
    <Hotspot X="-8632.024" Y="-1272.725" Z="242.8153" />
    <Hotspot X="-8625.842" Y="-1322.31" Z="241.0453" />
    <Hotspot X="-8620.57" Y="-1364.593" Z="239.536" />
    <Hotspot X="-8656.974" Y="-1393.263" Z="220.7522" />
    <Hotspot X="-8693.376" Y="-1421.934" Z="207.6391" />
    <Hotspot X="-8716.26" Y="-1439.956" Z="190.1606" />
    <Hotspot X="-8763.69" Y="-1443.875" Z="174.8315" />
    <Hotspot X="-8811.121" Y="-1447.795" Z="159.5024" />
    <Hotspot X="-8813.708" Y="-1448.008" Z="158.6663" />
    <Hotspot X="-8781.44" Y="-1484.97" Z="168.2902" />
    <Hotspot X="-8749.172" Y="-1521.931" Z="177.9142" />
    <Hotspot X="-8722.866" Y="-1552.063" Z="185.7599" />
    <Hotspot X="-8686.351" Y="-1571.087" Z="214.127" />
    <Hotspot X="-8642.531" Y="-1593.915" Z="248.3041" />
    <Hotspot X="-8641.935" Y="-1594.226" Z="248.631" />
    <Hotspot X="-8671.369" Y="-1624.739" Z="222.1257" />
    <Hotspot X="-8700.804" Y="-1655.253" Z="195.6205" />
    <Hotspot X="-8719.563" Y="-1674.7" Z="178.7278" />
    <Hotspot X="-8751.075" Y="-1713.514" Z="178.0542" />
    <Hotspot X="-8782.587" Y="-1752.329" Z="177.3805" />
    <Hotspot X="-8814.099" Y="-1791.143" Z="176.7069" />
    <Hotspot X="-8835.18" Y="-1817.111" Z="176.2562" />
    <Hotspot X="-8884.691" Y="-1824.082" Z="176.1129" />
    <Hotspot X="-8934.202" Y="-1831.053" Z="175.9697" />
    <Hotspot X="-8983.714" Y="-1838.025" Z="175.8264" />
    <Hotspot X="-9033.226" Y="-1844.996" Z="175.6832" />
    <Hotspot X="-9082.736" Y="-1851.968" Z="175.5399" />
    <Hotspot X="-9086.233" Y="-1852.46" Z="175.5298" />
    <Hotspot X="-9132.961" Y="-1841.006" Z="164.0111" />
    <Hotspot X="-9179.688" Y="-1829.552" Z="149.7948" />
    <Hotspot X="-9226.415" Y="-1818.097" Z="135.5783" />
    <Hotspot X="-9273.142" Y="-1806.643" Z="121.3621" />
    <Hotspot X="-9295.95" Y="-1801.052" Z="114.4228" />
    <Hotspot X="-9344.427" Y="-1812.214" Z="120.5434" />
    <Hotspot X="-9392.902" Y="-1823.377" Z="140.6663" />
    <Hotspot X="-9451.074" Y="-1836.772" Z="164.8142" />
    <Hotspot X="-9499.551" Y="-1847.934" Z="139.4977" />
    <Hotspot X="-9505.757" Y="-1849.363" Z="136.2567" />
    <Hotspot X="-9551.935" Y="-1908.311" Z="132.8036" />
    <Hotspot X="-9582.72" Y="-1947.609" Z="134.4023" />
    <Hotspot X="-9613.504" Y="-1986.908" Z="134.2577" />
    <Hotspot X="-9659.682" Y="-2045.855" Z="122.3601" />
    <Hotspot X="-9659.936" Y="-2046.179" Z="122.1624" />
    <Hotspot X="-9707.036" Y="-2034.093" Z="112.7697" />
    <Hotspot X="-9753.507" Y="-2022.169" Z="99.03866" />
    <Hotspot X="-9730.057" Y="-1978.507" Z="104.8178" />
    <Hotspot X="-9706.606" Y="-1934.844" Z="110.2188" />
    <Hotspot X="-9683.156" Y="-1891.182" Z="105.8308" />
    <Hotspot X="-9659.706" Y="-1847.52" Z="90.51466" />
    <Hotspot X="-9636.256" Y="-1803.857" Z="75.19852" />
    <Hotspot X="-9612.805" Y="-1760.195" Z="59.88224" />
    <Hotspot X="-9611.463" Y="-1757.696" Z="59.00564" />
    <Hotspot X="-9562.921" Y="-1746.737" Z="66.28262" />
    <Hotspot X="-9514.379" Y="-1735.777" Z="71.16858" />
    <Hotspot X="-9465.836" Y="-1724.818" Z="74.17999" />
    <Hotspot X="-9449.6" Y="-1721.153" Z="75.18723" />
    <Hotspot X="-9440.023" Y="-1704.926" Z="74.77608" />
    <Hotspot X="-9430.446" Y="-1688.699" Z="74.18263" />
    <Hotspot X="-9420.87" Y="-1672.472" Z="71.65784" />
    <Hotspot X="-9411.294" Y="-1656.245" Z="68.47395" />
    <Hotspot X="-9405.005" Y="-1645.589" Z="-140.4824" />
    <Hotspot X="-9423.827" Y="-1638.669" Z="-94.68031" />
    <Hotspot X="-9442.649" Y="-1631.749" Z="67.6814" />
    <Hotspot X="-9461.473" Y="-1624.829" Z="66.66846" />
    <Hotspot X="-9480.295" Y="-1617.909" Z="65.19427" />
    <Hotspot X="-9489.24" Y="-1614.62" Z="64.49366" />
    <Hotspot X="-9461.053" Y="-1573.987" Z="96.48444" />
    <Hotspot X="-9424.41" Y="-1521.164" Z="97.98321" />
    <Hotspot X="-9396.223" Y="-1480.531" Z="97.89164" />
    <Hotspot X="-9368.036" Y="-1439.897" Z="97.80008" />
    <Hotspot X="-9362.062" Y="-1431.285" Z="97.78067" />
    <Hotspot X="-9326.688" Y="-1395.95" Z="98.22566" />
    <Hotspot X="-9291.315" Y="-1360.615" Z="98.67065" />
    <Hotspot X="-9277.736" Y="-1347.05" Z="98.84148" />
    <Hotspot X="-9233.645" Y="-1364.214" Z="115.0063" />
    <Hotspot X="-9189.553" Y="-1381.379" Z="131.1769" />
    <Hotspot X="-9188.637" Y="-1381.735" Z="131.5068" />
    <Hotspot X="-9210.037" Y="-1336.705" Z="140.0312" />
    <Hotspot X="-9231.438" Y="-1291.676" Z="149.0676" />
    <Hotspot X="-9252.837" Y="-1246.646" Z="152.9767" />
    <Hotspot X="-9274.237" Y="-1201.616" Z="148.1116" />
    <Hotspot X="-9277.826" Y="-1194.065" Z="147.2957" />
    <Hotspot X="-9241.051" Y="-1160.354" Z="151.1207" />
    <Hotspot X="-9204.275" Y="-1126.643" Z="155.3957" />
    <Hotspot X="-9188.637" Y="-1112.307" Z="155.3957" />
    <Hotspot X="-9199.559" Y="-1063.569" Z="164.8528" />
    <Hotspot X="-9210.479" Y="-1014.831" Z="165.375" />
    <Hotspot X="-9221.401" Y="-966.0933" Z="162.4479" />
    <Hotspot X="-9221.67" Y="-964.8959" Z="162.3759" />
    <Hotspot X="-9192.188" Y="-924.5759" Z="165.995" />
    <Hotspot X="-9162.707" Y="-884.2559" Z="168.9019" />
    <Hotspot X="-9133.226" Y="-843.9359" Z="170.6167" />
    <Hotspot X="-9109.356" Y="-811.291" Z="171.019" />
    <Hotspot X="-9158.978" Y="-815.6981" Z="169.0252" />
    <Hotspot X="-9208.599" Y="-820.1052" Z="165.0697" />
    <Hotspot X="-9234.883" Y="-822.4397" Z="160.1857" />
    <Hotspot X="-9284.5" Y="-825.266" Z="155.4675" />
    <Hotspot X="-9334.118" Y="-828.0923" Z="150.4348" />
    <Hotspot X="-9383.736" Y="-830.9186" Z="145.1764" />
    <Hotspot X="-9433.354" Y="-833.7449" Z="139.9182" />
    <Hotspot X="-9492.895" Y="-837.1364" Z="131.8082" />
    <Hotspot X="-9495.847" Y="-837.3046" Z="131.331" />
    <Hotspot X="-9459.991" Y="-789.1993" Z="131.8806" />
    <Hotspot X="-9430.112" Y="-749.1116" Z="133.1211" />
    <Hotspot X="-9421.521" Y="-737.5853" Z="132.4704" />
    <Hotspot X="-9463.654" Y="-710.7622" Z="134.7842" />
    <Hotspot X="-9492.543" Y="-692.3708" Z="136.3707" />
    <Hotspot X="-9480.795" Y="-643.9127" Z="135.7445" />
    <Hotspot X="-9472.723" Y="-610.6133" Z="130.1005" />
    <Hotspot X="-9520.481" Y="-625.416" Z="130.1358" />
    <Hotspot X="-9568.24" Y="-640.2187" Z="147.3557" />
    <Hotspot X="-9615.998" Y="-655.0214" Z="152.077" />
    <Hotspot X="-9663.757" Y="-669.8241" Z="146.3239" />
    <Hotspot X="-9711.516" Y="-684.6268" Z="140.5709" />
    <Hotspot X="-9759.274" Y="-699.4294" Z="134.8178" />
    <Hotspot X="-9796.45" Y="-710.9521" Z="130.3396" />
    <Hotspot X="-9840.722" Y="-734.1377" Z="131.9018" />
    <Hotspot X="-9884.994" Y="-757.3232" Z="133.464" />
    <Hotspot X="-9892.246" Y="-761.1213" Z="133.7198" />
    <Hotspot X="-9908.742" Y="-714.0014" Z="136.4156" />
    <Hotspot X="-9925.239" Y="-666.8815" Z="132.9891" />
    <Hotspot X="-9941.735" Y="-619.7615" Z="129.5625" />
    <Hotspot X="-9951.342" Y="-592.3227" Z="123.858" />
    <Hotspot X="-9999.378" Y="-579.4048" Z="118.7912" />
    <Hotspot X="-10047.41" Y="-566.4869" Z="113.7245" />
    <Hotspot X="-10060.67" Y="-562.9215" Z="112.326" />
    <Hotspot X="-10105.62" Y="-579.4633" Z="153.0016" />
    <Hotspot X="-10150.57" Y="-596.0051" Z="166.0022" />
    <Hotspot X="-10195.53" Y="-612.5469" Z="179.0028" />
    <Hotspot X="-10271.94" Y="-640.668" Z="201.1039" />
    <Hotspot X="-10316.89" Y="-657.2098" Z="199.3866" />
    <Hotspot X="-10328.29" Y="-661.402" Z="197.7232" />
    <Hotspot X="-10355.55" Y="-703.0995" Z="201.9372" />
    <Hotspot X="-10382.82" Y="-744.797" Z="206.2279" />
    <Hotspot X="-10410.09" Y="-786.4945" Z="210.5185" />
    <Hotspot X="-10410.92" Y="-787.7545" Z="210.4926" />
    <Hotspot X="-10375.86" Y="-816.5179" Z="189.4224" />
    <Hotspot X="-10340.81" Y="-845.2815" Z="168.3524" />
    <Hotspot X="-10305.76" Y="-874.045" Z="147.2821" />
    <Hotspot X="-10285.13" Y="-890.9704" Z="134.8837" />
    <Hotspot X="-10314.74" Y="-934.7164" Z="119.5626" />
    <Hotspot X="-10341.65" Y="-974.4854" Z="105.6344" />
    <Hotspot X="-10344.8" Y="-979.1414" Z="104.0037" />
    <Hotspot X="-10327.03" Y="-1030.429" Z="95.1386" />
    <Hotspot X="-10304.41" Y="-1095.705" Z="83.85579" />
    <Hotspot X="-10288.25" Y="-1142.331" Z="75.7966" />
    <Hotspot X="-10285.34" Y="-1150.708" Z="74.34853" />
    <Hotspot X="-10241.04" Y="-1173.825" Z="72.7899" />
    <Hotspot X="-10209.37" Y="-1190.348" Z="71.67589" />
    <Hotspot X="-10173.93" Y="-1155.075" Z="73.25693" />
    <Hotspot X="-10134.95" Y="-1116.275" Z="74.61778" />
    <Hotspot X="-10099.51" Y="-1081.001" Z="72.90714" />
    <Hotspot X="-10075.58" Y="-1057.183" Z="71.75201" />
    <Hotspot X="-10034.21" Y="-1029.108" Z="71.75201" />
    <Hotspot X="-10006.21" Y="-1010.11" Z="71.75201" />
    <Hotspot X="-9959.519" Y="-992.243" Z="72.50868" />
    <Hotspot X="-9925.279" Y="-979.1414" Z="73.06354" />
    <Hotspot X="-9904.338" Y="-1024.542" Z="73.57914" />
    <Hotspot X="-9883.397" Y="-1069.942" Z="74.09473" />
    <Hotspot X="-9872.427" Y="-1093.726" Z="74.36484" />
    <Hotspot X="-9919.348" Y="-1111.001" Z="74.57854" />
    <Hotspot X="-9963.269" Y="-1127.172" Z="74.76809" />
    <Hotspot X="-9989.211" Y="-1169.711" Z="78.94644" />
    <Hotspot X="-10015.15" Y="-1212.249" Z="83.12483" />
    <Hotspot X="-10041.1" Y="-1254.787" Z="87.30318" />
    <Hotspot X="-10067.04" Y="-1297.326" Z="91.48153" />
    <Hotspot X="-10092.98" Y="-1339.864" Z="95.65987" />
    <Hotspot X="-10118.92" Y="-1382.403" Z="99.83823" />
    <Hotspot X="-10131.74" Y="-1403.413" Z="101.902" />
    <Hotspot X="-10096.39" Y="-1446.731" Z="83.72714" />
    <Hotspot X="-10066.94" Y="-1482.829" Z="62.29573" />
    <Hotspot X="-10064.02" Y="-1486.409" Z="60.16978" />
    <Hotspot X="-10014.09" Y="-1484.31" Z="58.45232" />
    <Hotspot X="-9964.167" Y="-1482.21" Z="56.73487" />
    <Hotspot X="-9914.24" Y="-1480.11" Z="55.0174" />
    <Hotspot X="-9887.291" Y="-1478.977" Z="54.09034" />
    <Hotspot X="-9900.949" Y="-1527.011" Z="51.6013" />
    <Hotspot X="-9914.607" Y="-1575.045" Z="49.11227" />
    <Hotspot X="-9928.266" Y="-1623.079" Z="46.62324" />
    <Hotspot X="-9941.924" Y="-1671.113" Z="44.13421" />
    <Hotspot X="-9948.403" Y="-1693.9" Z="42.95341" />
    <Hotspot X="-9980.687" Y="-1655.754" Z="46.40188" />
    <Hotspot X="-10012.97" Y="-1617.608" Z="46.96305" />
    <Hotspot X="-10035.94" Y="-1590.465" Z="47.36235" />
    <Hotspot X="-10083.96" Y="-1586.143" Z="60.61884" />
    <Hotspot X="-10131.97" Y="-1581.822" Z="73.87534" />
    <Hotspot X="-10179.99" Y="-1577.5" Z="87.13184" />
    <Hotspot X="-10228.01" Y="-1573.179" Z="100.3883" />
    <Hotspot X="-10242.4" Y="-1571.883" Z="104.3616" />
    <Hotspot X="-10231.14" Y="-1619.904" Z="96.70902" />
    <Hotspot X="-10219.88" Y="-1667.925" Z="88.1012" />
    <Hotspot X="-10215.97" Y="-1684.609" Z="85.11053" />
    <Hotspot X="-10262.04" Y="-1694.48" Z="101.8637" />
    <Hotspot X="-10308.1" Y="-1704.351" Z="127.3468" />
    <Hotspot X="-10354.17" Y="-1714.222" Z="135.4726" />
    <Hotspot X="-10354.71" Y="-1714.34" Z="135.5691" />
    <Hotspot X="-10369.12" Y="-1674.934" Z="165.3654" />
    <Hotspot X="-10383.53" Y="-1635.529" Z="191.3824" />
    <Hotspot X="-10400.82" Y="-1588.243" Z="222.6027" />
    <Hotspot X="-10400.92" Y="-1587.987" Z="222.7715" />
    <Hotspot X="-10469.04" Y="-1651.237" Z="247.9299" />
    <Hotspot X="-10504.89" Y="-1684.527" Z="253.1485" />
    <Hotspot X="-10508.32" Y="-1687.707" Z="253.647" />
    <Hotspot X="-10532.67" Y="-1744.064" Z="232.3023" />
    <Hotspot X="-10557.03" Y="-1800.422" Z="225.8772" />
    <Hotspot X="-10579.25" Y="-1851.841" Z="191.4838" />
    <Hotspot X="-10581.48" Y="-1897.918" Z="176.8251" />
    <Hotspot X="-10583.72" Y="-1943.996" Z="155.2254" />
    <Hotspot X="-10585.95" Y="-1989.961" Z="133.6781" />
    <Hotspot X="-10559.5" Y="-2031.518" Z="125.1057" />
    <Hotspot X="-10533.05" Y="-2073.074" Z="116.5333" />
    <Hotspot X="-10506.6" Y="-2114.63" Z="107.9609" />
    <Hotspot X="-10490.15" Y="-2140.469" Z="102.6306" />
    <Hotspot X="-10447.3" Y="-2161.894" Z="88.3107" />
    <Hotspot X="-10404.45" Y="-2183.318" Z="73.99082" />
    <Hotspot X="-10400.96" Y="-2185.064" Z="72.82329" />
    <Hotspot X="-10358.12" Y="-2210.677" Z="69.87524" />
    <Hotspot X="-10315.28" Y="-2236.291" Z="70.66254" />
    <Hotspot X="-10272.44" Y="-2261.904" Z="71.44981" />
    <Hotspot X="-10229.6" Y="-2287.517" Z="70.04668" />
    <Hotspot X="-10186.76" Y="-2313.13" Z="68.64354" />
    <Hotspot X="-10139.63" Y="-2341.305" Z="61.74014" />
    <Hotspot X="-10096.79" Y="-2366.918" Z="55.46445" />
    <Hotspot X="-10053.96" Y="-2392.531" Z="49.18874" />
    <Hotspot X="-10050.81" Y="-2394.413" Z="48.72752" />
    <Hotspot X="-9997.957" Y="-2406.832" Z="67.7406" />
    <Hotspot X="-9949.912" Y="-2418.122" Z="67.98352" />
    <Hotspot X="-9940.1" Y="-2420.427" Z="67.19284" />
    <Hotspot X="-9918.148" Y="-2470.657" Z="62.71156" />
    <Hotspot X="-9898.193" Y="-2516.322" Z="58.63766" />
    <Hotspot X="-9888.943" Y="-2537.489" Z="56.7492" />
    <Hotspot X="-9918.592" Y="-2576.908" Z="87.64488" />
    <Hotspot X="-9948.239" Y="-2616.326" Z="85.60233" />
    <Hotspot X="-9961.616" Y="-2634.112" Z="76.83773" />
    <Hotspot X="-10011.08" Y="-2629.475" Z="71.16603" />
    <Hotspot X="-10060.54" Y="-2624.838" Z="65.49434" />
    <Hotspot X="-10110" Y="-2620.201" Z="59.8227" />
    <Hotspot X="-10159.46" Y="-2615.564" Z="54.15095" />
    <Hotspot X="-10208.92" Y="-2610.927" Z="48.47931" />
    <Hotspot X="-10258.38" Y="-2606.29" Z="42.80755" />
    <Hotspot X="-10307.84" Y="-2601.653" Z="37.13587" />
    <Hotspot X="-10311.77" Y="-2601.284" Z="36.68513" />
    <Hotspot X="-10361.5" Y="-2596.198" Z="50.61919" />
    <Hotspot X="-10411.24" Y="-2591.112" Z="40.36119" />
    <Hotspot X="-10420.78" Y="-2590.136" Z="38.3931" />
    <Hotspot X="-10460.97" Y="-2562.58" Z="49.6017" />
    <Hotspot X="-10505.17" Y="-2532.27" Z="112.4121" />
    <Hotspot X="-10545.36" Y="-2504.714" Z="120.2858" />
    <Hotspot X="-10585.55" Y="-2477.159" Z="128.1594" />
    <Hotspot X="-10625.74" Y="-2449.603" Z="130.5827" />
    <Hotspot X="-10665.93" Y="-2422.048" Z="132.1595" />
    <Hotspot X="-10706.11" Y="-2394.493" Z="133.7364" />
    <Hotspot X="-10746.3" Y="-2366.937" Z="132.67" />
    <Hotspot X="-10757.72" Y="-2359.109" Z="132.367" />
    <Hotspot X="-10753.04" Y="-2309.332" Z="133.0602" />
    <Hotspot X="-10748.36" Y="-2259.556" Z="131.8867" />
    <Hotspot X="-10744.51" Y="-2218.511" Z="130.5776" />
    <Hotspot X="-10792.92" Y="-2218.938" Z="143.0761" />
    <Hotspot X="-10865.53" Y="-2219.579" Z="162.5077" />
    <Hotspot X="-10884.85" Y="-2219.75" Z="166.8116" />
    <Hotspot X="-10879.64" Y="-2165.498" Z="174.1945" />
    <Hotspot X="-10874.9" Y="-2116.177" Z="185.1132" />
    <Hotspot X="-10870.16" Y="-2066.857" Z="196.0318" />
    <Hotspot X="-10865.42" Y="-2017.537" Z="199.617" />
    <Hotspot X="-10860.68" Y="-1968.217" Z="203.2021" />
    <Hotspot X="-10858.27" Y="-1943.195" Z="204.4461" />
    <Hotspot X="-11002.48" Y="-1941.715" Z="73.19106" />
    <Hotspot X="-11008.77" Y="-1941.65" Z="67.45907" />
    <Hotspot X="-11008.77" Y="-1882.63" Z="56.65978" />
    <Hotspot X="-11008.77" Y="-1833.447" Z="47.66038" />
    <Hotspot X="-11008.77" Y="-1784.263" Z="38.66099" />
    <Hotspot X="-11008.77" Y="-1735.08" Z="29.66157" />
    <Hotspot X="-11008.77" Y="-1734.16" Z="29.49318" />
    <Hotspot X="-10995.41" Y="-1685.985" Z="30.33404" />
    <Hotspot X="-10987.3" Y="-1656.738" Z="30.84453" />
    <Hotspot X="-11020.52" Y="-1694.108" Z="30.98794" />
    <Hotspot X="-11053.74" Y="-1731.479" Z="31.58571" />
    <Hotspot X="-11086.96" Y="-1768.849" Z="32.18348" />
    <Hotspot X="-11120.17" Y="-1806.219" Z="31.60065" />
    <Hotspot X="-11153.39" Y="-1843.59" Z="31.01782" />
    <Hotspot X="-11186.61" Y="-1880.96" Z="30.435" />
    <Hotspot X="-11187.15" Y="-1881.571" Z="30.42548" />
    <Hotspot X="-11171.86" Y="-1833.972" Z="32.04515" />
    <Hotspot X="-11156.57" Y="-1786.373" Z="29.38083" />
    <Hotspot X="-11154.12" Y="-1778.755" Z="28.95441" />
    <Hotspot X="-11170.17" Y="-1731.4" Z="31.54271" />
    <Hotspot X="-11186.21" Y="-1684.045" Z="30.13737" />
    <Hotspot X="-11192.11" Y="-1666.648" Z="29.3596" />
    <Hotspot X="-11207.21" Y="-1618.982" Z="29.06351" />
    <Hotspot X="-11222.3" Y="-1571.317" Z="33.0968" />
    <Hotspot X="-11237.4" Y="-1523.651" Z="29.68937" />
    <Hotspot X="-11243.31" Y="-1504.991" Z="28.3554" />
    <Hotspot X="-11265.81" Y="-1460.354" Z="33.55659" />
    <Hotspot X="-11288.31" Y="-1415.717" Z="31.53952" />
    <Hotspot X="-11294.51" Y="-1403.413" Z="30.96121" />
    <Hotspot X="-11340.12" Y="-1382.953" Z="32.08694" />
    <Hotspot X="-11385.72" Y="-1362.492" Z="28.45768" />
    <Hotspot X="-11387" Y="-1361.915" Z="28.3554" />
    <Hotspot X="-11416.63" Y="-1321.639" Z="32.56713" />
    <Hotspot X="-11439.86" Y="-1290.068" Z="28.3554" />
    <Hotspot X="-11390.69" Y="-1280.963" Z="32.03853" />
    <Hotspot X="-11341.53" Y="-1271.859" Z="29.89867" />
    <Hotspot X="-11306.07" Y="-1265.293" Z="28.3554" />
    <Hotspot X="-11256.41" Y="-1259.473" Z="28.37627" />
    <Hotspot X="-11206.75" Y="-1253.654" Z="35.44409" />
    <Hotspot X="-11157.09" Y="-1247.834" Z="31.37992" />
    <Hotspot X="-11121.09" Y="-1243.615" Z="28.43314" />
    <Hotspot X="-11129.76" Y="-1206.181" Z="60.42593" />
    <Hotspot X="-11138.43" Y="-1168.748" Z="98.00493" />
    <Hotspot X="-11147.1" Y="-1131.314" Z="135.5841" />
    <Hotspot X="-11182.65" Y="-977.8372" Z="289.6586" />
    <Hotspot X="-11191.33" Y="-940.4037" Z="290.7" />
    <Hotspot X="-11192.11" Y="-937.0239" Z="290.4637" />
    <Hotspot X="-11157.25" Y="-905.4711" Z="291.8884" />
    <Hotspot X="-11122.39" Y="-873.9183" Z="290.7579" />
    <Hotspot X="-11087.53" Y="-842.3655" Z="289.6274" />
    <Hotspot X="-11049.19" Y="-807.6574" Z="221.7214" />
    <Hotspot X="-11048.41" Y="-806.9553" Z="220.348" />
    <Hotspot X="-11052.69" Y="-880.7325" Z="233.1418" />
    <Hotspot X="-11055.53" Y="-929.9172" Z="241.671" />
    <Hotspot X="-11056.63" Y="-948.7921" Z="244.9441" />
    <Hotspot X="-11045.89" Y="-990.6443" Z="217.8686" />
    <Hotspot X="-11023.45" Y="-1078.153" Z="143.9689" />
    <Hotspot X="-11013.69" Y="-1116.201" Z="111.8387" />
    <Hotspot X="-11003.93" Y="-1154.248" Z="79.70824" />
    <Hotspot X="-10994.17" Y="-1192.296" Z="47.57811" />
    <Hotspot X="-10988.95" Y="-1212.646" Z="30.39298" />
    <Hotspot X="-10939.48" Y="-1219.892" Z="30.67989" />
    <Hotspot X="-10890.01" Y="-1227.139" Z="30.98894" />
    <Hotspot X="-10883.25" Y="-1228.13" Z="31.00602" />
    <Hotspot X="-10828.49" Y="-1222.996" Z="36.67715" />
    <Hotspot X="-10784.15" Y="-1218.84" Z="31.131" />
    <Hotspot X="-10734.88" Y="-1227.327" Z="31.63137" />
    <Hotspot X="-10685.6" Y="-1235.814" Z="32.2967" />
    <Hotspot X="-10685.25" Y="-1235.876" Z="32.13536" />
    <Hotspot X="-10637.59" Y="-1248.673" Z="40.18663" />
    <Hotspot X="-10589.93" Y="-1261.471" Z="55.93125" />
    <Hotspot X="-10542.27" Y="-1274.268" Z="71.67589" />
    <Hotspot X="-10494.61" Y="-1287.065" Z="72.7413" />
    <Hotspot X="-10446.95" Y="-1299.863" Z="73.80673" />
    <Hotspot X="-10437.3" Y="-1302.455" Z="74.02255" />
    <Hotspot X="-10389.29" Y="-1288.487" Z="74.16376" />
    <Hotspot X="-10341.5" Y="-1274.583" Z="74.30431" />
    <Hotspot X="-10378.98" Y="-1241.495" Z="74.87001" />
    <Hotspot X="-10416.46" Y="-1208.406" Z="75.43571" />
    <Hotspot X="-10420.78" Y="-1204.594" Z="75.50089" />
    <Hotspot X="-10425.18" Y="-1155.125" Z="81.29135" />
    <Hotspot X="-10430.01" Y="-1100.71" Z="88.13838" />
    <Hotspot X="-10430.69" Y="-1093.106" Z="88.55089" />
    <Hotspot X="-10446.54" Y="-1049.835" Z="144.5869" />
    <Hotspot X="-10462.4" Y="-1006.563" Z="150.9366" />
    <Hotspot X="-10478.26" Y="-963.291" Z="156.8493" />
    <Hotspot X="-10490.15" Y="-930.8302" Z="161.2848" />
    <Hotspot X="-10539.96" Y="-932.5281" Z="170.0331" />
    <Hotspot X="-10589.76" Y="-934.226" Z="161.1259" />
    <Hotspot X="-10639.57" Y="-935.9238" Z="152.2185" />
    <Hotspot X="-10671.83" Y="-937.0239" Z="146.4477" />
    <Hotspot X="-10694.44" Y="-893.1926" Z="138.2171" />
    <Hotspot X="-10717.05" Y="-849.3613" Z="129.9865" />
    <Hotspot X="-10739.65" Y="-805.53" Z="121.7558" />
    <Hotspot X="-10749.46" Y="-786.5159" Z="118.1853" />
    <Hotspot X="-10706.85" Y="-765.9053" Z="134.2956" />
    <Hotspot X="-10647.2" Y="-737.0505" Z="156.85" />
    <Hotspot X="-10635.5" Y="-731.3916" Z="161.2732" />
    <Hotspot X="-10674.92" Y="-701.1863" Z="137.6514" />
    <Hotspot X="-10710.77" Y="-673.7268" Z="116.8066" />
    <Hotspot X="-10750.2" Y="-643.5215" Z="92.56978" />
    <Hotspot X="-10751.11" Y="-642.8209" Z="92.00741" />
    <Hotspot X="-10788.16" Y="-609.9138" Z="85.34657" />
    <Hotspot X="-10825.21" Y="-577.0067" Z="78.68573" />
    <Hotspot X="-10845.26" Y="-559.2052" Z="75.08247" />
    <Hotspot X="-10894.83" Y="-565.6273" Z="77.77126" />
    <Hotspot X="-10936.1" Y="-570.9734" Z="77.08995" />
    <Hotspot X="-10984.42" Y="-558.4481" Z="77.21469" />
    <Hotspot X="-11032.75" Y="-545.9228" Z="72.56602" />
    <Hotspot X="-11048.41" Y="-541.8628" Z="70.58055" />
    <Hotspot X="-11087.99" Y="-511.7686" Z="75.85232" />
    <Hotspot X="-11127.57" Y="-481.6744" Z="81.12408" />
    <Hotspot X="-11167.15" Y="-451.5802" Z="86.39589" />
    <Hotspot X="-11210.69" Y="-418.4766" Z="92.19479" />
    <Hotspot X="-11226.43" Y="-406.5102" Z="94.29102" />
    <Hotspot X="-11248.68" Y="-362.2591" Z="87.46013" />
    <Hotspot X="-11270.93" Y="-318.008" Z="80.62927" />
    <Hotspot X="-11282.95" Y="-294.1128" Z="76.94063" />
    <Hotspot X="-11239.63" Y="-269.9475" Z="70.67287" />
    <Hotspot X="-11196.31" Y="-245.7822" Z="64.40517" />
    <Hotspot X="-11152.98" Y="-221.6169" Z="58.13737" />
    <Hotspot X="-11109.66" Y="-197.4516" Z="51.86963" />
    <Hotspot X="-11066.34" Y="-173.2863" Z="45.60188" />
    <Hotspot X="-11023.02" Y="-149.121" Z="39.33414" />
    <Hotspot X="-11018.68" Y="-146.7015" Z="38.70655" />
    <Hotspot X="-10985.62" Y="-184.1589" Z="36.72633" />
    <Hotspot X="-10952.56" Y="-221.6164" Z="35.54441" />
    <Hotspot X="-10941.05" Y="-234.6528" Z="34.05693" />
    <Hotspot X="-10921.47" Y="-183.6687" Z="45.42244" />
    <Hotspot X="-10903.67" Y="-137.3196" Z="53.56064" />
    <Hotspot X="-10884.08" Y="-86.33562" Z="57.17553" />
    <Hotspot X="-10866.28" Y="-39.98652" Z="60.46178" />
    <Hotspot X="-10855.17" Y="-11.05839" Z="62.51286" />
    <Hotspot X="-10851.58" Y="38.617" Z="62.52284" />
    <Hotspot X="-10847.98" Y="88.29237" Z="56.46168" />
    <Hotspot X="-10844.39" Y="137.9677" Z="50.40052" />
    <Hotspot X="-10841.96" Y="171.6573" Z="46.28988" />
    <Hotspot X="-10800.87" Y="143.1965" Z="50.70933" />
    <Hotspot X="-10759.78" Y="114.7358" Z="51.60992" />
    <Hotspot X="-10718.69" Y="86.27504" Z="52.51052" />
    <Hotspot X="-10701.56" Y="74.41533" Z="50.63408" />
    <Hotspot X="-10672.8" Y="53.08852" Z="85.5322" />
    <Hotspot X="-10644.04" Y="31.76171" Z="120.4304" />
    <Hotspot X="-10595.14" Y="-4.493858" Z="179.7572" />
    <Hotspot X="-10563.5" Y="-27.95335" Z="218.145" />
    <Hotspot X="-10534.74" Y="-49.28016" Z="253.0431" />
    <Hotspot X="-10505.98" Y="-70.60696" Z="287.9412" />
    <Hotspot X="-10483.54" Y="-87.2416" Z="315.1613" />
    <Hotspot X="-10529.93" Y="-100.8419" Z="302.3688" />
    <Hotspot X="-10576.31" Y="-114.4422" Z="290.2928" />
    <Hotspot X="-10589.16" Y="-118.2103" Z="286.032" />
    <Hotspot X="-10655.14" Y="-216.4981" Z="185.9768" />
    <Hotspot X="-10661.92" Y="-226.6008" Z="175.6924" />
    <Hotspot X="-10690.85" Y="-252.5212" Z="165.9128" />
    <Hotspot X="-10717.15" Y="-276.0852" Z="158.546" />
    <Hotspot X="-10743.45" Y="-299.6492" Z="121.5953" />
    <Hotspot X="-10767.63" Y="-321.3203" Z="33.39469" />
    <Hotspot X="-10745.5" Y="-345.5423" Z="121.5953" />
    <Hotspot X="-10723.36" Y="-369.7643" Z="161.8251" />
    <Hotspot X="-10694.59" Y="-401.2529" Z="171.4238" />
    <Hotspot X="-10688.35" Y="-408.0777" Z="168.5254" />
    <Hotspot X="-10673.85" Y="-455.8701" Z="169.3229" />
    <Hotspot X="-10652.1" Y="-527.5585" Z="189.6336" />
    <Hotspot X="-10637.6" Y="-575.3508" Z="172.4653" />
    <Hotspot X="-10625.59" Y="-614.949" Z="158.2405" />
    <Hotspot X="-10590.77" Y="-592.549" Z="274.8815" />
    <Hotspot X="-10561.76" Y="-573.8823" Z="364.3553" />
    <Hotspot X="-10532.74" Y="-555.2156" Z="367.0748" />
    <Hotspot X="-10503.73" Y="-536.549" Z="367.9106" />
    <Hotspot X="-10474.72" Y="-517.8823" Z="368.7465" />
    <Hotspot X="-10457.12" Y="-506.5584" Z="368.3881" />
    <Hotspot X="-10470.57" Y="-458.4049" Z="367.8709" />
    <Hotspot X="-10484.02" Y="-410.2514" Z="367.3536" />
    <Hotspot X="-10493.45" Y="-376.4897" Z="366.991" />
    <Hotspot X="-10448.35" Y="-354.9149" Z="370.0475" />
    <Hotspot X="-10403.24" Y="-333.3402" Z="370.0261" />
    <Hotspot X="-10358.14" Y="-311.7654" Z="368.4366" />
    <Hotspot X="-10331.59" Y="-299.0677" Z="367.5012" />
    <Hotspot X="-10325.86" Y="-248.8195" Z="367.2365" />
    <Hotspot X="-10320.66" Y="-203.1393" Z="361.8776" />
    <Hotspot X="-10315.45" Y="-157.4591" Z="308.9972" />
    <Hotspot X="-10315.07" Y="-154.1339" Z="305.1479" />
    <Hotspot X="-10281.68" Y="-142.1575" Z="295.4124" />
    <Hotspot X="-10234.94" Y="-125.3904" Z="236.0234" />
    <Hotspot X="-10201.55" Y="-113.4139" Z="193.6035" />
    <Hotspot X="-10168.16" Y="-101.4374" Z="151.1836" />
    <Hotspot X="-10163.12" Y="-99.62894" Z="144.7778" />
    <Hotspot X="-10270.75" Y="-11.24507" Z="76.73631" />
    <Hotspot X="-10293.6" Y="7.522809" Z="62.28803" />
    <Hotspot X="-10264.4" Y="48.10373" Z="62.98531" />
    <Hotspot X="-10235.2" Y="88.68466" Z="74.90907" />
    <Hotspot X="-10206" Y="129.2656" Z="86.83282" />
    <Hotspot X="-10176.8" Y="169.8465" Z="98.75657" />
    <Hotspot X="-10147.6" Y="210.4274" Z="110.6802" />
    <Hotspot X="-10118.4" Y="251.0084" Z="103.3256" />
    <Hotspot X="-10089.19" Y="291.5893" Z="95.97102" />
    <Hotspot X="-10059.99" Y="332.1702" Z="88.61642" />
    <Hotspot X="-10030.79" Y="372.7512" Z="81.26184" />
    <Hotspot X="-10001.59" Y="413.3321" Z="73.90726" />
    <Hotspot X="-9984.74" Y="436.7496" Z="69.66325" />
    <Hotspot X="-9935.202" Y="442.5979" Z="75.45609" />
    <Hotspot X="-9895.55" Y="447.2791" Z="75.85249" />
    <Hotspot X="-9881.355" Y="492.8802" Z="90.65343" />
    <Hotspot X="-9867.161" Y="538.4813" Z="105.4544" />
    <Hotspot X="-9852.968" Y="584.0824" Z="120.2553" />
    <Hotspot X="-9838.773" Y="629.6835" Z="135.0563" />
    <Hotspot X="-9824.579" Y="675.2845" Z="149.8572" />
    <Hotspot X="-9810.385" Y="720.8856" Z="164.6582" />
    <Hotspot X="-9793.353" Y="775.6069" Z="182.4193" />
    <Hotspot X="-9784.888" Y="802.8003" Z="191.2456" />
  </Hotspots>
</HBProfile>
